Year,average_rain,pesticides_tonnes,avg_temp,Area,Item,hg/ha_yield
2018,1363.3498427588893,2523.6810399198957,20.821277669891774,Australia,Sorghum,3.4083840119730353
2004,1966.8397418126872,4074.4192692858524,14.941773421856723,China,Rice,6.229551061442149
1997,1280.395054820861,4098.23235330269,23.712089643728113,India,Sorghum,3.89730057783516
2010,1151.0996256418312,3993.582537479101,12.901336484614223,India,Maize,6.17880278159078
2008,1976.5442048857446,514.6129471912727,10.577671319687006,Australia,Maize,6.352932951843716
2012,1854.9738185371698,4000.3972283413223,11.27829095266743,China,Maize,7.761416888541636
2000,1021.878271670259,610.0563496980182,33.85646103788275,USA,Maize,8.265171151123951
2000,618.1756608945255,632.3716125607674,13.557155465273397,Brazil,Maize,7.2262520775968655
2013,1232.0147427467853,4739.835230458454,27.71195632842088,Brazil,Soybean,4.185102712315782
2013,1362.5533895973458,4098.7952450806515,11.698155105570656,China,Potatoes,24.384171954781177
1992,1960.3161335888935,2766.528229671363,12.704008805879553,USA,Sorghum,1.805603734140361
2011,2760.6805381832187,4376.101320344532,22.721906285233366,India,Soybean,2.130409028887307
1991,301.3174330921904,4946.929566333795,21.621773253858592,Albania,Sorghum,0.7890174403449027
2013,882.2508351171657,3057.10391249257,33.789507735996736,Albania,Rice,4.098735981253859
2019,742.404638382769,3068.363200537775,33.620886325518434,China,Wheat,3.8404473586603745
1991,1606.4243443425942,3774.5908755080404,29.490216063561626,USA,Potatoes,26.451861762727532
2010,1403.1622597208475,1168.3733723030105,25.052545753183743,USA,Rice,8.792904120157068
2022,2241.3053466965275,843.9530589788087,21.374007934825276,Brazil,Soybean,1.5874818408741047
2001,878.7645551256187,3800.307942575212,18.904463358210528,India,Wheat,3.246431027379
2011,1864.595424099324,1731.0749270205706,33.67718867438889,Australia,Rice,4.877335522765862
2014,2674.800338079886,684.0010779666106,25.072720285617137,USA,Sorghum,1.9261353992226935
2016,2749.897671771253,1581.2398523295712,24.476813192149862,Australia,Wheat,3.7467529494145113
2017,2884.596893230087,1799.5979706941312,15.797528044222872,Albania,Sorghum,0.5712194014181773
2005,2365.131225823968,4826.4860209333965,11.167445447127827,Australia,Rice,2.4010218770392266
2004,2736.7661375249622,3492.8189583287367,33.629714493988615,India,Soybean,2.1549301641067973
1992,856.6864415587678,2658.9730238246725,17.84338147111635,India,Sorghum,2.3071343638807
1996,753.2266441813357,4844.676962026198,21.064725583111468,Australia,Wheat,3.821871996059725
2010,218.16663458547407,4516.667304966161,12.865998589642672,China,Rice,2.6000260812628824
1998,2179.164200801475,2564.8842745046572,30.9231082477323,USA,Sorghum,2.6173171959707737
2007,2824.9081258784845,4529.341380531134,10.690795821398266,China,Soybean,1.0673205760831814
1993,723.4189661166939,2027.4802437326564,30.849769052477413,Australia,Potatoes,21.55539309601615
2014,1983.4420111952609,1159.799120129557,13.50712531969917,USA,Soybean,2.601484436247564
2003,2290.087325820977,1171.064102342205,32.164102815778804,Brazil,Soybean,1.6795766468380322
1998,2797.3198584145584,3314.9544669662123,28.244315933403936,China,Potatoes,19.012972207711023
2015,2011.2086272482206,2510.3409003293127,14.116756562682628,China,Soybean,1.1982194429561035
1991,2916.8224516965065,3298.164726557179,24.1454498214867,Australia,Potatoes,15.950130387225117
2009,1165.0847948351338,3433.5190616682276,17.81640785888049,Albania,Potatoes,19.459303001870076
2017,1179.7998945599415,121.3911357596109,14.455827472789586,Australia,Sorghum,2.435504639848635
1996,1720.4350280401677,279.6575658160327,31.47955498527771,China,Sorghum,3.742044724924292
1997,1273.8052671245398,2668.061855690337,20.088069162680736,USA,Potatoes,25.15045927038893
2024,203.99203920509134,963.2670340227837,19.963592859134565,Albania,Rice,1.8663582176593814
2003,2248.9616702435646,3166.343506334154,14.2471668701655,Australia,Wheat,0.8571110833067193
2006,2304.8077161397537,2765.406838461534,19.576641902144466,Australia,Rice,4.178787330713501
1993,2291.5288931229575,2932.9441882707474,31.790421158221253,China,Potatoes,16.836758618982884
1991,1166.0578665093065,1519.2523453567433,19.078217762240897,China,Wheat,4.167574349975587
1995,1662.4105252712814,3202.8190963267043,33.7900890624947,Brazil,Sorghum,2.6491367743202963
1993,1207.9258508946746,4149.168256060265,33.657722480209685,Australia,Wheat,3.57622012712411
2018,244.90192008580817,4990.375555425263,13.62246648268365,China,Potatoes,12.295719311908352
2007,1774.8570355599725,4193.8374869993495,14.432781338066121,India,Sorghum,1.3869590409509378
2015,546.5298650352308,2791.9188108029375,31.56685175829723,Albania,Wheat,3.3269926265794476
2023,424.11570745603365,975.2136624829832,19.81902297311798,India,Wheat,2.175623046192338
1999,2315.3973923510043,3410.414921837906,10.109349557075234,Albania,Rice,1.4820453984105142
2003,226.61736677069575,4688.892389934311,16.846795492634275,Australia,Wheat,1.0748343334971455
2020,2885.223642104433,1067.214033264189,24.940724829889,Brazil,Potatoes,16.053827271973773
2004,1642.7150195152153,1287.4181464276196,29.9816491489992,China,Maize,9.256053974603809
1997,2952.4460059772155,753.5526316241393,13.334715427331489,China,Maize,5.568377463091995
2003,362.3932029235836,3686.241001695744,12.763534110418384,China,Maize,3.575374740046948
2012,1833.882736824557,2038.7419020840598,33.05231633930829,Australia,Potatoes,20.14024360215641
2010,1178.1157007325514,322.8512380430565,28.778709195564566,Albania,Maize,7.776312843131552
2005,2561.75097988,4376.000457536498,24.74449001945196,China,Rice,6.36976429028948
2007,1211.4236586560014,2792.7828044658077,29.2296697498982,India,Potatoes,21.89868349046208
2013,929.3652213605775,1662.1605170817754,20.721359032665962,China,Sorghum,3.091060378657694
2015,2601.148755879757,1726.4750505448737,28.961393682728165,Australia,Potatoes,14.588654230047867
2014,1249.0286566291309,1458.3535887526248,19.29507478186339,Brazil,Potatoes,21.456967964657057
2018,247.13329560957212,2282.846060239283,16.10236431231506,India,Wheat,0.6750973136136436
2004,1292.8094823501347,1691.8380255558434,28.225335532324216,China,Wheat,4.561306912138487
1990,2032.6623532306373,2744.252057312341,20.491807303931708,China,Wheat,2.705716332158898
2014,912.2067086578692,3869.8510888337582,34.53442760815487,USA,Soybean,2.9885146983974664
1996,1409.5652587904403,3375.5618043874238,18.737129557702524,Albania,Rice,5.882320222721903
1998,358.80238719023146,1479.3398948430445,33.04318551327665,India,Potatoes,10.503639486620331
2013,1846.65981623908,2648.4176475834984,33.32406371417699,USA,Potatoes,24.584390492041212
1990,2317.6257868091025,4202.229537962132,16.046323676618655,Brazil,Wheat,2.1524118581587666
1997,1357.2751719231087,350.3491113662001,29.955529539700333,Albania,Potatoes,19.188389249367415
2013,1376.651371844088,400.70336226465474,20.82686262861413,India,Sorghum,1.7055075374496707
2000,447.190996037766,2785.2886395682694,32.9381181807587,China,Potatoes,13.540172811352464
2006,765.4344206335512,3199.184490665118,21.25310681588097,India,Maize,9.518403434449933
1997,633.0908487581555,1064.9509487217615,28.60759293343415,China,Sorghum,2.286794579065398
2024,1548.7257522523062,3728.648432190675,21.674185229094945,Albania,Sorghum,2.098187496512492
2024,1681.9155146621003,3234.85425143323,15.695018892821405,China,Potatoes,23.51884264611017
2022,2857.032367595928,4617.213448499069,14.983753223617157,Brazil,Soybean,1.1809865948444738
1994,405.04821197625495,853.0814672740981,20.63577985640864,Australia,Wheat,2.3598504187960696
2017,1879.630324834132,3759.357584136473,28.887366425355374,China,Rice,7.606890556528364
1996,1674.1958765190757,427.3790220105024,25.126787129519172,Brazil,Rice,7.573640841609759
1998,1645.4526742203216,2830.8091234943086,27.215732247513582,Australia,Maize,9.169562248294655
1997,2644.846004671914,2763.9567461007377,17.05815876829856,Albania,Rice,3.9789444289343456
2001,775.5077179473622,1948.0413727872358,22.035883648940136,Albania,Rice,6.306036760190686
2023,314.1651681558401,4224.4100268661505,11.109881624233175,India,Wheat,0.5
2022,2082.360221375739,31.80951748220105,30.438310398953018,Brazil,Wheat,2.3202370803488184
2012,1166.4408995807444,2605.6952154736186,34.747304055996864,Brazil,Soybean,1.8594926559120915
2013,249.25176539506884,1093.5962136775852,20.171976565616774,USA,Maize,5.028974269669908
2024,903.8472204131587,3720.058109391,10.274091328288584,USA,Rice,5.416822268908312
2011,1066.1149678070733,224.90645726742486,14.244815988773684,Australia,Soybean,1.9275155863717228
2016,1927.1474549958778,4159.457894026073,26.31317194376047,Australia,Maize,9.62516139529358
2024,683.2402233379619,4192.080211267688,25.301982955096477,USA,Sorghum,4.151578921566873
1990,1356.5521742695144,4166.00140189348,29.696617989638597,Australia,Rice,5.611380793686098
2024,1550.9312443699312,771.3169483960226,16.347100274026705,China,Rice,6.087084288388112
2003,1485.8646958194545,3155.728527619614,29.090797888678352,USA,Wheat,5.192255132787735
1992,2927.034146666989,81.69312232511413,27.199600538091744,Brazil,Potatoes,15.079267510058411
1990,327.4118658128291,4241.333330533107,18.070362442846083,China,Maize,4.691122839026951
1994,2862.710922066718,3617.646215608016,23.63720370142405,Australia,Rice,5.6008836260767865
2015,1829.4241991832932,2660.457117187271,13.681845212458168,Albania,Maize,6.196999717372585
2003,2428.0376019155474,3655.6512511521196,21.314112585889568,India,Soybean,2.4357349750617163
2016,1405.0993304450112,480.67724229234335,32.029933488891025,USA,Soybean,3.5049218138002636
1998,1470.7460675195452,2647.9926025625127,20.52978449563477,Albania,Potatoes,18.785271337849796
2004,2662.114197244306,1463.4696941640627,30.98916766188555,Australia,Rice,3.538061536026299
2004,2708.616589617326,4863.371121482635,24.75633413149236,Brazil,Wheat,3.4781606258602964
2015,868.3288680076333,4287.01857361327,14.796917827558918,India,Rice,5.113199082280141
2002,757.8772600369309,3669.0457222115447,24.52765611744741,Albania,Maize,8.7100041993575
2021,1589.4584868358631,4669.400699896162,22.649583228926588,India,Sorghum,3.29864696186892
2021,2720.775675957537,1740.748089781714,19.9660333799096,USA,Soybean,3.4027259907183467
1993,1102.5942615372937,4505.390695951024,12.990760987901758,Australia,Maize,7.621413796332529
2019,2025.6409229495675,1632.9387782124845,20.417716596180746,Brazil,Potatoes,15.851114365841442
2012,2182.824725673683,3666.6556312588536,11.819059405990679,Australia,Soybean,1.1866679824441375
2004,2380.2890617036364,3684.720389764481,12.469226284968782,India,Wheat,0.609099560199243
2018,1778.988482178697,101.56588350592642,20.3979133233179,Albania,Soybean,2.2015084652197703
2002,1326.874499181115,1811.6878944081939,17.634537049211595,USA,Sorghum,3.1210224003492155
2021,2907.644768637124,106.96903531840445,33.13860814655558,USA,Rice,3.6957656885553734
1996,1911.7261092479876,4985.48916787514,19.392645134506765,Australia,Sorghum,2.4590674732708573
2011,2239.9825925731584,619.7618415278976,28.946453051802504,Albania,Sorghum,2.077852717322813
2017,1165.9519679484592,2718.6263692840657,23.256188159156068,Albania,Rice,6.693336583454863
1991,2075.8577068086242,3954.8756314255597,27.602141716058387,India,Soybean,2.566611694358652
1995,921.8334540595525,1014.3053752818533,16.50289957538498,Australia,Potatoes,20.321755002851777
2017,886.2713690801812,2430.4128137964085,33.54762432095823,Australia,Rice,5.440517335176084
2017,2201.2221650663937,3041.0695169965425,23.252212422860598,China,Rice,5.274685429058012
2009,1659.9052615362182,809.4217244337715,30.78310178213124,Australia,Wheat,3.4916180574083255
2019,2113.1745091826915,3894.9917449585773,19.126142336902838,USA,Soybean,2.5946136205379124
2000,954.4277740946567,1503.6889213749328,12.505283726263112,India,Rice,4.452881821870097
2017,1876.4253549588452,1063.0051509308132,26.84279119302122,Albania,Potatoes,19.82418327385421
2014,1443.014219168715,2795.86084472271,10.193991208435612,Australia,Maize,5.818353460918336
2022,1871.4888031674782,2057.46500193826,21.882324414137706,India,Soybean,3.2444541784850918
1990,1014.4632502838142,4602.226863735725,14.820047566661481,Australia,Wheat,2.4121770242491394
2016,2203.262698217547,4401.512864008789,25.684387610884052,Albania,Sorghum,1.632571846342874
2002,2456.6022252465036,2421.9198103105273,34.4854968284463,Brazil,Rice,3.463452226486827
1992,927.7661268016262,1802.7262358807318,21.61007265801615,Albania,Potatoes,19.944223754207254
1995,1041.7375675957978,1634.3347283400135,30.437456413141668,Albania,Soybean,3.145643898257992
1997,2051.2319552134604,1345.1424791767217,22.694604673778024,Albania,Potatoes,14.167922422443942
2016,2147.6384880499236,2727.2937900252614,22.3960007776006,Australia,Potatoes,15.469269121160952
1998,2171.4791163128602,4026.8432376253722,33.260587329469445,China,Sorghum,2.0150891720331874
2022,2111.5558133723434,1560.6754749357533,32.249146718667035,Albania,Wheat,2.117307894768313
2013,1299.8616074671086,958.5695075435267,29.64501162969936,USA,Soybean,4.14303223299053
2004,1305.5902883302995,2382.664192854601,17.406393832919605,USA,Rice,7.662254100773647
2021,913.489346204268,354.481739820356,23.625210393098513,India,Wheat,4.405503012093326
2021,639.1343597098164,3509.382240587237,15.597430832642125,China,Rice,6.319215185115125
2013,2139.2166623113358,2596.6077488466485,21.097917451163497,India,Maize,5.812792134888571
2001,460.92860072247595,2486.910291784542,22.105326643994765,USA,Potatoes,13.431586395401165
1991,2825.8184030029884,1509.2224439546121,30.791001004233273,USA,Maize,7.21847039286632
1992,2514.721650280064,4524.320453283366,32.40070913312483,Brazil,Potatoes,14.887987673397731
2006,2601.016071880317,461.526596329268,20.365501559911948,Albania,Sorghum,1.7949011357045823
1991,2738.6726809225324,4350.421804346287,10.442611126830931,USA,Wheat,2.2683741225244183
1991,1344.0939180250723,1889.758960055454,31.544345994733867,Australia,Rice,5.472991595781643
2017,2570.762025381123,4404.311344715361,14.356966962534017,Australia,Sorghum,0.5
2012,642.5716408166181,3646.519677078594,25.547049097259837,India,Rice,7.141215499056311
2021,260.5970249030599,529.8119260435711,10.62427251085328,India,Wheat,0.5
2022,2397.69590505878,4159.366069681674,19.987661881514107,Albania,Soybean,1.5679733556623314
1990,409.43061439143,3414.0624001605306,34.649007552883745,Albania,Maize,2.995629209444646
2008,2967.8690685125803,171.18654544758877,12.517340027595077,Brazil,Maize,4.553945088353793
1991,2089.4300028843563,677.1763837272531,20.59232879999106,China,Rice,4.731131175247264
2015,2309.6591886778956,3181.783998620119,17.678748754748803,India,Rice,3.588359398449918
2021,888.2507975780246,3316.376509372622,32.62720308470661,Albania,Rice,5.558282725058708
1995,2086.823102975127,3735.7906498595994,31.73350269768388,India,Wheat,1.903787485198858
2021,321.0158243138802,3604.0245498671597,15.94246900765572,Albania,Soybean,0.5213328722202939
1993,2545.9120157860825,3301.0045738030753,12.029694676260778,USA,Maize,4.17884760271224
2000,674.9474604884028,3833.532119714648,25.678459851527936,India,Sorghum,2.8359754143375877
2006,2152.6025871345573,2879.6776724029405,18.409217797092744,USA,Potatoes,18.358891350503363
2013,828.5454034516393,1311.34901376703,26.802109765151577,India,Wheat,5.012550649298416
1994,391.66887439291963,4562.759302516284,10.802993901695363,China,Maize,2.6608790379044214
2023,1548.182299938304,100.88801435056988,13.334980879437236,Brazil,Soybean,1.7854719224991142
1995,674.0013887638104,1839.1429821587362,27.159305819316085,Australia,Wheat,4.156159809373871
2011,2242.4431673143395,3647.062762554845,15.309266382562445,Australia,Sorghum,1.3484948817934328
2000,865.1843614737576,2141.508645336875,31.43969189406004,Australia,Maize,7.286646602808044
2005,1158.923157460321,133.92369332527142,11.464772192753387,USA,Wheat,3.033228731934695
2022,1788.8299035405241,339.2447065499038,15.387049569639366,Albania,Maize,5.962047824623698
1998,997.9111772164724,3246.70047200006,34.96400621212672,Australia,Maize,7.32300289387876
1995,1258.3667253878925,4824.674351032445,20.826902564669815,China,Soybean,4.243931327382166
2005,2483.7409589130825,2763.79954281415,27.574141588616087,Australia,Potatoes,15.755518315867986
2018,701.787578770872,2538.721511938608,14.566576221425342,India,Soybean,2.3942116530713866
1992,430.1644505494143,1598.4428131507736,25.24671837463844,USA,Maize,6.101353222513635
2009,1119.4017983724539,1290.8864625916551,28.152651709235464,India,Wheat,4.061259447276064
2008,1388.2549476388588,114.71505896386073,17.861915896662765,India,Sorghum,1.9317314513708104
2015,1719.4459899823894,1372.044789525951,30.722427799396943,India,Soybean,3.105552936337593
1992,1242.7863492900196,2251.0610999176097,25.085439461807084,Brazil,Potatoes,22.479913937726305
2008,2411.752760623854,997.7694174142613,19.728075240375755,Brazil,Maize,5.196370204965237
2009,310.0945654717251,445.8664625223318,23.941059833578965,Albania,Sorghum,1.5385893381781366
2021,1408.9491069559622,3591.462057600467,24.419021185898107,USA,Soybean,4.385540917680972
1996,1270.3165610379328,4474.155142649655,14.13838231734665,China,Soybean,2.848068567021764
2022,2013.2197742592052,4684.4926277385575,20.068309246674154,China,Soybean,2.5001070638649274
2007,2905.5735053127087,3093.813655199977,18.585764700487328,China,Soybean,2.864418662836597
1990,1629.051138560814,273.34516717041623,20.02256806447815,India,Sorghum,2.9215964541633395
2000,2963.2551714368174,3706.9045235092494,29.027764712131447,Brazil,Wheat,2.3439838846700423
2017,1046.298305756953,559.375573256813,22.063460186666816,USA,Potatoes,26.12796872590727
2014,286.43077111889085,3352.0431072622414,33.507903830981604,India,Potatoes,11.023558703563358
2012,663.8568689339556,3899.0355203819,17.341910333960904,Brazil,Maize,7.594164953703492
2020,1306.3496773687884,3632.064907024099,20.392589457123226,Brazil,Rice,5.724300723922835
2019,1085.734945727946,4759.9001907480415,29.673920261976036,Australia,Wheat,3.342423785834831
2024,471.7515667534575,3693.3499594922746,23.650614833018757,Australia,Maize,5.367984742070256
1996,1411.4483015340072,3469.1167921292245,23.675703660611195,USA,Maize,11.154094482767157
2005,1146.7241606467755,1316.0984291936809,11.333504075129587,USA,Soybean,2.14188633740786
2015,543.3338172808276,4624.5957453151495,19.964991567961395,USA,Rice,7.718035128428074
1991,1029.127965713345,905.9239152628928,16.76834331054331,India,Rice,3.811566325188369
1990,2682.0209549950932,4525.434091250901,34.98337807077789,Albania,Wheat,1.967986197807381
2001,1045.7368233701525,1570.1860912960929,17.70887676580776,USA,Rice,6.751282254786963
1994,2199.0751850777447,659.516333449567,32.112413369846585,Australia,Maize,5.3730566990591
2021,1913.7318230417156,4135.1483060831415,26.905843376011937,Albania,Rice,5.814948476610409
1998,1396.107254743441,22.452313468137433,18.52291022980226,India,Rice,6.160184244163397
2024,869.2717830502737,4162.120705227345,23.588359459353093,Albania,Potatoes,19.404007091970083
2008,1233.2411581686472,1318.9360918094198,31.013396998729846,China,Maize,10.453817693513072
2005,1857.9001977189198,4424.75915105055,32.084207450772794,Albania,Sorghum,2.1710538254323377
1992,1182.109001298194,3460.48111938548,14.009846875153631,USA,Rice,6.440774075271948
2009,801.7100140078492,3334.2548309244444,18.48932853020424,India,Rice,5.5388786427015075
2013,526.09569689657,1832.9446201925684,18.38057950533929,USA,Soybean,3.017717524928335
2022,2663.3474261467827,306.4208397149472,11.051119901898618,Australia,Rice,2.761890244261975
2013,1432.876332105336,4152.064760045831,24.955943996297414,China,Rice,8.483473066707502
2000,1950.5833008802042,862.8099379308746,31.3705013248047,Australia,Potatoes,21.74477910246139
1997,1573.1490111830547,1867.5706230548135,19.539359695637945,USA,Maize,9.747630231263186
2009,2643.1862514022973,3005.769880690318,28.500898624604424,USA,Wheat,3.330635668239087
2024,1731.4175868549903,2416.4461554175023,25.692510340018497,USA,Maize,11.505065398028593
2014,1546.1879702575172,1001.3165695048771,19.39121838732502,Brazil,Soybean,4.029694218182558
2024,2788.8827731807955,711.6756208425967,13.526494987307426,China,Maize,5.718423904002519
2014,2215.1308689269927,624.9988985289501,27.733096319399184,USA,Rice,5.158969418269618
2018,512.3397405712005,4316.409328681013,31.364129223531013,USA,Soybean,4.17096007713436
2007,697.5724913510794,167.4821498160548,27.146362310037297,Australia,Maize,8.500058745325758
2007,2403.9440162304372,4885.301155403473,10.44696210087045,Australia,Soybean,0.6137333771899212
1991,2540.383699303872,1000.6581650232164,15.405822359774781,USA,Wheat,2.1369970883039575
2024,1726.5343214528302,560.5082614265999,11.736999622088298,India,Maize,7.245938257883946
2005,1752.47463802659,2889.0885573362075,24.259652489405667,Brazil,Sorghum,3.2006378665214785
2022,1969.4122959840447,409.12993012407617,28.91194197101031,Australia,Rice,6.358700137670765
1993,1429.5241679913906,3016.2417831863386,12.764479676716487,India,Soybean,1.5591498690379995
2022,2104.557545754931,4254.626957619929,30.95844551483463,Brazil,Sorghum,1.4853574851349272
2003,503.74752118596393,249.01112712244992,23.88772445988708,USA,Sorghum,3.8075923358652064
2010,2891.581878628682,4001.3443365974354,27.249225303543124,China,Potatoes,19.534190749966637
2009,2300.433506625781,1978.4424305007722,34.285046215216155,Albania,Soybean,1.5017008385874275
1997,1967.2877712252193,805.8582628177378,12.092024706192433,Albania,Sorghum,1.0019317566131694
1996,1085.701759626546,888.7214365346207,32.53060057444473,USA,Potatoes,25.17943357279222
1992,650.6753648788417,4594.635073034189,13.152567399685232,Australia,Sorghum,1.4222466071789823
2006,1346.160298721045,561.9227021839157,19.823970165917057,India,Rice,6.33031193353388
2022,2052.414873607364,4335.246107707128,31.28596740827786,China,Wheat,3.4662005269815452
2001,1974.3872815847105,2725.780658708237,32.65635591844671,Brazil,Potatoes,19.519134847955243
2011,1271.3952341836002,204.890332294031,22.659291838628633,USA,Wheat,4.942114464815729
2011,1917.2019027327633,2327.735967129518,24.85261595688563,China,Soybean,4.866047840456066
2019,2478.4952275891333,4089.07307723674,27.70368336496393,China,Rice,5.96970551487891
1997,273.5973625452998,3633.751910319111,30.818966711317856,Australia,Potatoes,11.212736055750174
2016,1461.738934204772,2449.024264246742,13.037779238441654,Brazil,Soybean,2.2073401985261705
2016,2323.954639707015,4301.648899684123,30.251732705730692,China,Sorghum,1.7086723800985664
2023,1729.2045172974563,610.6201612833462,22.03190376279042,Australia,Maize,8.657213582205006
2010,2024.133046201396,4550.605856427921,21.265585627704226,India,Soybean,2.924381721523922
2019,1646.6938992949576,4233.7416303319105,20.597493799924955,Australia,Wheat,3.199861205177867
2022,2977.248725110471,3544.301360029608,22.730289631151066,India,Rice,6.011548582596391
2017,352.940302169307,4091.259833222459,33.626263834865085,India,Rice,2.88603283060577
2022,1574.9255009626563,2723.639379144903,23.70509431980379,China,Soybean,4.757200083214151
1994,455.9663375206495,3379.060521197358,33.82943845657848,Australia,Sorghum,0.5
2008,647.3995739179973,2807.3843728318166,14.507253265391014,India,Maize,7.010926309975822
1993,1272.5073811711331,1783.588367234667,28.10339947081583,Brazil,Wheat,4.1955684386939405
2024,635.5122562013645,2848.615378832276,30.30598846521868,China,Soybean,4.176880550830277
2006,2898.324064678623,1294.7520093343094,26.978220783371547,Australia,Soybean,3.513028593444708
2017,2851.011374830445,2206.9930624955186,25.17305700566351,Australia,Rice,4.912331327416192
2019,1141.1070094176907,1411.0692822286135,24.120319527154557,Albania,Wheat,4.428059398396372
2018,1991.2935937055026,623.2100694123311,31.5232620644674,Australia,Maize,7.170957353877208
1995,1694.509297662601,1616.0906633856318,30.5411649291125,China,Rice,6.974385853359338
2024,2483.643545444152,4261.416218742005,13.057218029514988,Brazil,Soybean,1.0176816031362526
2013,1956.8477074874381,1911.5930455051055,31.214691425771953,Australia,Rice,6.080503721138101
2018,200.7068725735739,3742.5382083546565,20.351715486011063,Albania,Rice,2.3451161832801346
2020,2336.888279707269,884.2372926484246,16.34242074989527,China,Potatoes,17.587381088790824
2024,2291.1747396291307,2127.8516042465317,31.744214200348146,India,Rice,4.564602375740763
2022,1627.2235755861468,583.131785982531,20.80061999084354,USA,Sorghum,4.019584638897712
2010,2728.173125052551,701.7191062037735,30.209117254420416,USA,Rice,5.150153020018639
2021,2743.6493759331242,3091.0075356514453,16.585090298896112,India,Sorghum,0.5
2012,1666.9526947723123,3041.3342690705654,10.098233035555445,Australia,Wheat,3.0762318985271406
2022,1902.3670473503055,1074.7258177007625,22.38647982257361,USA,Rice,7.736367728285465
1992,2990.2618013890824,2377.3717395011054,12.505706416072107,USA,Maize,5.413566323677063
2007,1036.696657471969,4317.89777321996,28.85939888812274,India,Sorghum,2.6854780346281517
2014,1108.9282784721368,879.2655282956496,16.90187840173526,Australia,Sorghum,2.2075703788795313
2020,711.7669274577897,105.86056003683903,21.091141165086967,Australia,Soybean,3.4950957679709695
1992,2708.4274296420303,3263.455751911226,12.175839127288857,India,Wheat,1.5150241788315986
2013,2284.5674918579457,276.9560583625381,17.166481211181317,Australia,Rice,3.0516383119494166
2021,495.7999768366773,4899.901790476505,29.5372560814643,Australia,Maize,4.161160069938429
2011,2948.948583354304,3052.0052161564163,13.789697797557986,China,Soybean,2.534406506187104
2012,2246.6927828511252,2357.277800691422,26.178989028173934,China,Wheat,4.104781855298014
1991,2581.4619068939287,2155.6627747212906,32.935646320112525,India,Sorghum,1.1104244140248094
2016,334.82220968496256,2869.6225859994875,26.995918993943008,Brazil,Maize,4.328121529126931
1991,1613.8905730380695,462.21593923387246,30.27554223230567,USA,Rice,7.424768373288911
2015,2156.07520283571,4650.795103509284,12.724290732597895,China,Potatoes,17.682617678433356
2006,1720.2504368011557,3131.95392207387,16.26829565005136,USA,Potatoes,25.49343953209309
2022,2066.612903957977,928.0527030784349,32.36347130601477,Albania,Wheat,1.6196135804017153
1998,2490.047378053323,2817.2794582856677,27.87764034045223,India,Maize,6.402292166419182
2018,1248.1437762885494,674.949964106728,25.98884565943278,Brazil,Soybean,4.8138665392232465
2015,2576.272291732387,97.58806061597745,26.5941684030425,Albania,Maize,6.206154973736698
2024,656.1650933428141,3156.2797562178503,20.355013857616086,Albania,Sorghum,2.051794705386978
2014,958.4809540738493,3245.9318759319376,11.11391579044133,Australia,Potatoes,18.354053915340746
2013,321.3677357965122,2922.6459481890433,29.611038551768225,Albania,Wheat,1.785207879627855
2002,1220.395071738703,925.5811897565152,26.967830905383845,India,Rice,6.947292965922054
1996,1263.746725507537,3021.1149938888875,21.820111602818116,China,Maize,9.780095684344753
2009,2454.7576721803025,291.9895952133538,32.49399038420644,India,Potatoes,14.780814016955787
1990,2028.7658768110368,3050.099394303892,18.403991624627473,China,Soybean,2.310111655079016
1997,1422.8231628358665,2774.544925347018,17.3580436057809,Albania,Wheat,2.8801820010921295
2005,2025.919140146495,3279.7216058871068,31.81990812698607,Albania,Rice,3.0884611649917404
2003,347.79338144393523,4478.4232727044455,29.92469136897464,Brazil,Maize,4.880679704186609
2001,704.760300851453,4253.286945145288,22.87449526620862,China,Soybean,4.6866676158833505
2012,1955.453994676914,4903.464415897069,13.26836848644625,Albania,Rice,3.579060312935843
2004,1995.8270938308463,4881.442754353509,15.376786786626312,Australia,Sorghum,2.2587584810232886
2017,2367.577044380796,3863.8752699350257,26.405699760220166,USA,Potatoes,18.69975048440087
2023,1328.3993253500862,4782.533914666863,19.626030946010292,Brazil,Sorghum,3.2911001212206403
1991,2223.1514705252375,4337.746590586668,30.911829791649282,India,Potatoes,15.731930792849937
2021,2115.14493116853,3640.636424975915,33.7488752333051,Brazil,Soybean,2.1551220223447114
2012,2897.5014594355775,386.16743067233847,30.140923131872956,USA,Sorghum,2.0706350492478727
2011,802.3646339891017,254.75894246673994,19.438635574888927,China,Potatoes,25.31688189357996
2014,1744.7027785073906,4189.621841853794,29.7171607307856,India,Wheat,3.9156089549518267
2011,1884.9404379093141,2453.3827307797746,18.786041836767087,India,Soybean,2.955271502931802
2011,2996.214077815818,4074.8873550308554,14.177502194140848,China,Potatoes,17.124774483936683
1995,763.3155980666247,1571.4621705695447,10.834830121646435,Brazil,Maize,6.058174263837152
2004,1665.0104559084182,1994.272793031834,19.6429178190255,Albania,Potatoes,18.925323943088767
2022,1169.318861598189,3503.9317378495402,32.588982592432046,Brazil,Sorghum,1.6052979544751516
1997,1672.5003120211995,4577.480417291145,15.974664693891913,USA,Wheat,4.2353707053499114
1994,849.9600858886967,447.9297576496408,15.162829123244599,Australia,Rice,4.911760577550602
1993,333.31465959696675,4308.775941726685,34.245519631026006,Albania,Rice,1.6551388989813864
1995,1803.1832709135288,3967.133497148033,10.625102821264804,Brazil,Potatoes,18.984146039345788
2021,1140.39208441033,1584.5409609419748,29.64455375984386,Australia,Rice,5.459336805615523
2019,709.4359248956142,1782.5309045164822,18.03424889352176,Australia,Potatoes,21.949124320698797
2024,1107.0195850184946,241.84277133732905,10.937198921741484,China,Wheat,2.428431763037096
2005,337.98456405368574,88.54564947242274,32.94506350523959,USA,Rice,3.260988923317782
2002,2861.238255452289,2390.260570525068,13.49105825523959,USA,Sorghum,1.0485076830603344
2019,1827.2141619251292,486.74283103157956,23.794482093142385,USA,Sorghum,2.6407916021422464
2008,2481.3523077716695,978.069053931913,16.851355185738694,Albania,Maize,5.370826557477712
2006,1384.730953133645,4235.368325638051,11.629820054617277,India,Potatoes,20.085579083022765
2008,2729.28106918532,2859.431672339758,11.248062141584477,Albania,Rice,1.583713742504941
2017,1553.2910203463093,3171.825861957906,12.88891747090847,Brazil,Sorghum,1.2667191374108417
2015,1807.0469021618744,945.521860851281,11.784175347234502,Australia,Wheat,1.5248830890899416
2015,1577.0231441754393,4145.022404227553,29.013952887998073,Australia,Wheat,4.926814896470886
2012,2253.1792284294243,4341.2190644743405,22.13915505708573,India,Maize,5.79280919737646
1998,1786.6370172857746,2621.4046926280867,18.57230228372449,Brazil,Wheat,3.2465108082689786
2001,960.4769860251137,4563.663281674512,20.45922275330018,India,Wheat,3.5483690130586756
1990,607.5106877034096,4225.694838523363,33.223668389315584,Australia,Rice,5.4129148024698015
1990,1897.1482888723376,3659.307641605446,32.768795318453684,Albania,Potatoes,19.341664310276244
2023,1569.7038923317016,3673.0388193112067,27.891912003064423,USA,Soybean,5.346757165518306
2021,468.73195074911627,535.9134350148079,32.117059435542195,Australia,Wheat,1.0913818848016539
2014,1307.7289042211514,1361.4718281013722,17.99120068969062,China,Wheat,4.428222421582125
1990,1641.37398160127,343.5676268902035,19.52773315020707,USA,Soybean,3.858613855126418
2005,2515.301054711652,53.31923403928022,25.3428045463557,Australia,Wheat,2.840378377619537
1994,413.0829563334146,799.9645616057115,25.590648682431606,Albania,Rice,4.667438885981657
2011,1175.786975088808,4403.631041408231,22.042495950308524,India,Rice,7.109399560000715
2018,2503.437143589079,1206.971554589897,20.016446210948832,USA,Soybean,2.812682058579914
1992,2015.5870089604205,4851.068273332691,34.65450779021738,Albania,Sorghum,1.4443945057629288
2001,1011.883301050603,2990.4820878104188,30.52809065294311,Brazil,Wheat,4.300611437026139
2015,2566.9383416633987,1193.919853297105,20.87450494720113,China,Sorghum,2.4501233796683946
2005,1581.2220255755385,2490.6827093862216,28.18231193098921,USA,Wheat,5.19755509387214
2011,1595.3852956692895,1103.2831652735758,16.739042331311488,India,Potatoes,21.454219121662277
2018,2934.444549761076,4920.028055330045,12.504233155933246,Brazil,Wheat,0.6528334777214992
2003,2851.9262090618595,4237.85226968577,18.810775638818516,Albania,Rice,4.336602867447909
2017,1203.891513435563,140.93155602382222,20.074320003084857,China,Maize,9.710074967352902
1994,593.6215602566305,4739.402397022681,10.41342811401677,India,Maize,7.068217859475762
2019,1111.8668503786635,3608.1148854414078,30.369800040897402,Albania,Maize,7.252987584947917
1994,285.3531288718865,421.0824475861789,18.979835059729538,Albania,Maize,3.587030156601397
2001,258.1500827890954,3356.4823541689634,24.510454144503676,USA,Sorghum,2.4508839842513903
2005,1307.4619815039737,3238.1642228487704,11.8490796817739,USA,Sorghum,1.4680476559291236
2015,2834.855503552256,1101.7558415798414,14.3749207187646,India,Wheat,1.2902350764935107
2015,2639.800555450182,3794.6490330378024,32.242343133188996,Australia,Sorghum,2.0531676098667493
2010,1632.0399349693444,444.4528695317059,25.21718819707002,Australia,Wheat,3.504434941700638
2022,1782.6338672783259,2452.3314543439265,33.75710125426214,Albania,Potatoes,17.81935688460326
2019,216.61379088895814,59.51680374380873,34.96875085978292,USA,Wheat,0.7286600270795422
2012,803.4032363345434,4844.000069584785,19.29650288332736,China,Maize,9.304413307381814
1999,269.3675554162745,3760.3025225667775,17.470076602081868,China,Soybean,2.1806311552227275
1994,2312.710691547085,802.6718600366835,31.45890137897742,Albania,Soybean,2.191517765710457
2023,607.8082288741937,1714.9534593569022,34.96528567593636,USA,Rice,6.5953449774146975
2020,2633.3318869350874,811.2062652627997,25.74103085581143,India,Rice,4.667879511557114
1999,2001.308078292207,3835.42114600528,29.878518062788057,India,Wheat,3.30443708172837
2008,842.3722942439974,303.8926638842987,29.543646470381862,India,Soybean,2.4332037325747367
2021,641.6168878330993,4203.6292112629335,18.883492705488674,China,Maize,10.824886930694722
1990,1957.3491625845488,4711.559730790292,24.35675950642718,USA,Sorghum,3.911936328028896
1994,2722.343544790506,3386.3734346034366,30.82642353160534,USA,Maize,6.7900881878587755
1993,2211.4086129602683,1072.6975955071566,27.202846906526386,China,Maize,7.37370187679696
2005,1175.9306244894574,1806.8495781096185,10.529095349550957,India,Wheat,1.3442600298379912
2013,1844.674066752212,2391.426975296567,18.41764172243834,India,Wheat,4.4350880864820885
2005,1070.13274704278,3027.077613289246,13.611892414865133,Albania,Potatoes,18.317609960669998
1991,2997.6187869802447,3346.6288181603204,15.824305301950977,Australia,Maize,5.578396709366336
2017,2296.749727693183,2775.531429441225,32.63723693728314,Brazil,Maize,4.657165863534164
2021,1920.2685913189102,1763.0564649010603,10.922332222769203,Australia,Wheat,2.0487039203376174
2016,1385.1255997443218,4455.677230018866,15.495017799048092,USA,Wheat,4.059625842058379
2009,1930.8264127267605,416.1463695096116,17.739233805955784,USA,Potatoes,25.38489688127752
2013,1156.5249749085374,2336.61771067504,25.42210179915987,USA,Potatoes,26.123237295504175
2001,280.82155048248615,3880.0685439527288,23.352542252146637,Australia,Rice,4.221451750626057
2024,1306.2478625985718,313.75459980409045,15.456737071334652,Brazil,Soybean,2.2897121200079518
2022,2805.3462948236274,3529.622731888393,14.10602668057886,Albania,Maize,3.512184795577698
2022,1953.6430653668244,4100.360997539092,15.91995086490297,Australia,Maize,6.472318610615677
2001,435.07596859852447,3307.5481796499907,22.56324066754139,Brazil,Potatoes,12.221194628039761
1992,2677.9821175060724,74.55509245402641,16.779444642780085,India,Potatoes,15.797359900198277
1990,952.8495781562416,908.8837653897092,33.690062540193054,India,Rice,4.695026198338835
2022,882.5545806316368,1717.1442636708343,21.59663053572119,USA,Soybean,4.396999635895106
1999,1031.8547125848982,1176.113277833849,11.469900413615926,China,Rice,6.1227697395429095
2018,1816.1662611526808,4813.634179734862,28.231660145915836,USA,Soybean,3.7628126050768333
2002,1725.1266616151345,3261.4536314278303,18.22113220522474,China,Sorghum,2.7687597984494747
2001,1575.9585129440688,1491.8850771843358,26.337223301456188,Brazil,Maize,8.467899241085666
2020,2209.1032178353557,4649.190518340573,16.9898592630808,India,Rice,4.112543373499846
1991,1086.3056477378852,3705.5650553861724,24.268593543332997,Australia,Potatoes,22.9273730366259
2024,2389.780660402807,1430.1899870169393,29.303812620186616,China,Rice,5.342068685126292
2012,690.9006994600776,1900.6190313157574,33.20021854436385,Brazil,Sorghum,1.616612302832682
2006,2391.338209415626,1005.1500029367442,16.528178610826927,India,Rice,3.229934575593021
2015,2058.668294700792,4855.659251346451,18.37142377497453,Australia,Maize,5.183440802055865
1997,2112.983266733242,2591.3095144914655,21.60666050714849,China,Sorghum,2.105712893708106
2018,1548.349511956328,4481.322870614943,33.17937094339972,USA,Potatoes,25.133501545357852
2015,2067.604291506421,1739.03385737407,32.53467142026643,USA,Potatoes,18.353561950691653
1999,423.43173036648074,4305.599599456404,12.24695700251595,USA,Wheat,0.9929153185007289
2015,2584.3431277382283,278.89537365154814,13.29824564384527,Brazil,Sorghum,0.5
2023,355.5322537654088,4910.630684446197,22.387729433265957,USA,Wheat,2.811040869096328
1996,616.476227640193,4561.0514914961805,12.665481820135588,Albania,Wheat,1.873597350973476
1993,1815.0111837922616,1822.382694435508,18.63952183371744,India,Maize,7.254721031074549
2000,2270.3520752787363,3875.863604919741,13.709634455436941,Brazil,Rice,3.0351334274027955
2018,413.50438016950966,3763.767053104392,25.901008878297148,Australia,Potatoes,11.939657494944965
2014,2778.1414795424953,4507.261437543629,33.73738579347904,USA,Potatoes,17.199534575104934
2010,2926.101416641956,1543.2023558327674,34.918344257359536,India,Rice,3.368797071159604
1999,1896.6604844215908,2332.944826517606,19.38102831242287,China,Potatoes,25.358106402952448
1998,1547.4816750551424,4326.348066904205,24.975315927865307,USA,Rice,8.44757565508691
2013,2275.905922383299,3895.111476134728,31.406691338102032,India,Sorghum,1.9558673537805078
2024,1119.4005865161753,1973.398926513993,12.9365518199096,Albania,Maize,5.4115919679097315
2024,1581.1404154942982,4230.168912231489,27.239110276299126,China,Maize,10.575750264399403
2007,2765.222875080324,244.30065576968343,20.221091543126704,Albania,Maize,4.174131098990078
2021,2875.835190676294,3912.411051785321,15.153654007004102,Australia,Rice,4.010605579926851
2013,2795.793524943318,1041.7616385741662,20.068840468686048,India,Rice,3.4817162400147237
2012,934.8545874987524,1437.743330040698,11.899007174122922,Albania,Soybean,0.9509678698301427
2021,850.9133126069376,2471.1420695420125,27.385178714732643,Australia,Potatoes,22.582796223356635
2001,1033.4606166020799,2254.17516033917,16.318566718711327,India,Potatoes,20.532501026969044
2002,1435.6711146876885,2607.644833280706,17.78514112612195,India,Soybean,2.2016586892997214
2012,1079.668755817498,2728.430222403399,13.027032456036569,Albania,Soybean,1.8225355151832698
2014,1247.7958280693624,1664.3231782471696,31.616477847247292,India,Maize,8.192859385857572
2024,1937.7834659381267,884.3852899549796,22.336106982068465,USA,Soybean,4.109929372038546
2019,2335.0718958631323,3844.721334143657,24.303671944660007,India,Rice,4.811006951916941
2006,2259.5629551501675,2005.880983944839,24.235817077371365,Brazil,Wheat,3.209675782493334
2009,2480.3859878216253,2534.1459036707047,20.262327863533542,Australia,Rice,4.140853915866576
2014,290.11632900312605,3227.0366245720793,14.813247885953487,India,Soybean,0.5
2011,333.65461110051706,4549.093232310213,28.628318712459997,Brazil,Potatoes,11.604769477066586
2002,2410.272289928162,3540.6886273896976,13.176406633941859,India,Rice,3.735856371168948
2008,1692.6207025089693,236.84153569601872,12.596844756970263,India,Potatoes,19.344964199551402
2001,1818.7938865339368,4194.416213356108,27.753625939912585,Albania,Rice,5.514615406808238
2008,347.2432086002558,4946.88152548632,15.220925511299596,USA,Potatoes,12.27771201012703
2001,914.8786432795584,2367.700276603197,17.669318783820806,Australia,Sorghum,2.528449553821978
1998,1987.3920536793376,4848.255778908458,21.880686675043506,USA,Rice,8.322065040305365
1996,2605.709292309893,2741.1704242923156,21.233782918238653,China,Potatoes,19.43274075381006
2017,2767.553512107927,2303.4838194010295,27.71447812662498,Albania,Wheat,2.1002296797696856
2003,1601.174588338229,1663.7097759900007,25.585794836084027,Albania,Maize,8.42360720195699
2020,1727.3278516669534,3291.1988304083607,26.10990405704664,USA,Rice,8.819859753599363
2008,2532.5389669931747,1156.8038984199725,27.851358266386434,Albania,Wheat,2.917273915514374
2005,1705.348882092593,533.6217503868776,17.315318185586634,USA,Maize,9.57634645320046
1994,1647.2038715044887,145.91314189522825,18.058332795011843,Albania,Rice,4.565337346719008
2024,2734.2353057306705,1468.9767624491662,20.949943697388854,India,Wheat,2.864693744964109
2001,2411.8116189564644,1984.8964525135207,17.686554325838152,USA,Wheat,3.3751612402474134
2014,2745.403073811625,2764.8627144434263,34.62344672427159,USA,Sorghum,1.515670533247445
2010,811.0917533872306,1470.821627683162,30.35129816053574,Brazil,Wheat,3.070315795633021
2012,1668.2513626349987,4920.4572662032015,14.116367206400739,Albania,Sorghum,0.9903206020345516
2005,2558.9219600614024,1465.8083895234263,10.139853897046738,Albania,Soybean,0.5171527566433678
2003,511.21391690790506,2210.4671883475794,11.069581706181697,USA,Potatoes,24.161358574430235
2020,2425.054032023093,525.3480660041827,16.10158627607313,India,Maize,4.993146430153033
1994,712.3254735616345,1310.5263015520075,12.857282145921413,India,Potatoes,19.653396005244094
2024,2462.7325139588993,251.17737754706553,23.333452872314304,Australia,Potatoes,16.537496800683062
2012,1913.6026251592307,2801.948080852267,31.449880568183964,India,Sorghum,3.2381515366886475
2018,741.060776157628,3757.812768830834,28.418755522830686,Albania,Potatoes,20.159436378620526
2000,1525.3917021318432,986.591973536979,15.390226577054761,Brazil,Wheat,3.544104607643498
2007,2109.3344660901603,1845.8755797021931,19.982481400644645,USA,Sorghum,2.073205690469704
2001,1974.7881224739187,92.91497136853123,22.69735523828194,China,Potatoes,25.916505989619413
1998,1396.2921494487723,4199.215058053838,30.25514623758339,Brazil,Sorghum,2.5879427160966846
1999,2718.2262809785952,3902.017989409031,30.97804007765412,China,Soybean,2.5971538742719775
2006,1653.937560565964,325.63761406271897,32.7429577976944,Brazil,Sorghum,2.756360897648684
1996,1616.4284358803275,1830.6893705088523,22.73113126257188,India,Rice,7.104819320912338
2002,374.301651836072,4776.880203108982,27.356868660896573,Albania,Wheat,2.381448574196418
1998,2781.937091433384,1966.2150098340953,12.79500928084843,China,Maize,4.902627179292379
2016,695.9263922994444,2635.78129685284,24.132223998849554,Brazil,Rice,5.976299589799816
1991,1679.3651416223518,1782.6618764416723,16.217295236778376,Albania,Rice,4.678011607958233
1994,2449.9892839208683,2984.6956267600267,20.792922125665278,China,Rice,5.758795429906791
2018,803.2691754758013,4891.002809427743,25.851262707667985,USA,Potatoes,26.61473178752819
2008,1676.645211918355,4987.537492371173,16.424648446344527,Brazil,Sorghum,2.968126844662398
1997,873.9177458253544,3875.827740275844,11.304626444919027,USA,Sorghum,1.0928433923682723
1990,2327.145993839753,2027.5123791219921,10.255846410218938,India,Potatoes,12.827746206557329
2011,1780.155270044822,2477.216682136652,10.553988388613039,USA,Wheat,2.4494219155211248
2006,2596.732409106402,1790.0893272804042,10.208743437844241,USA,Potatoes,16.265129044796332
1996,2704.762408056672,4928.017403222688,12.758876413946886,Australia,Potatoes,14.240062964004405
2014,2016.4537508471146,3541.7239260687647,15.987217864253246,Brazil,Potatoes,14.395220205972795
1993,2231.0954892450445,2250.167912713221,15.53053785455748,India,Wheat,0.9181475619143661
1995,1737.8162796832185,70.45519784691567,34.66991485449742,USA,Wheat,4.005259789936188
2020,1276.4004525886721,2607.212237808836,17.65015263022358,Albania,Soybean,1.5083755779718186
2008,2014.730184458337,4919.801726491073,13.185519583984977,China,Soybean,0.8865561427291345
2016,2743.208145764521,2620.073935775529,23.63906360419395,USA,Soybean,2.670026406062876
1999,1366.7050652080263,920.3091605906773,31.44893638493771,India,Soybean,3.0050631445068547
2015,1080.348073846627,120.24779805282651,26.95150941969188,USA,Sorghum,3.9026137906004115
2008,1287.6234279472076,1779.9717530398032,17.402052228386257,China,Rice,7.732883327335195
1992,1419.113364592479,4591.957997926069,24.040403994786374,India,Rice,7.286608104004167
2002,405.9708811376054,4982.804999797646,27.87139935501023,Brazil,Soybean,2.672240667392086
2017,1595.6371532179844,4727.386194311893,28.202612309193558,India,Soybean,3.7768493257172446
2009,1584.079894540167,3649.8057663387413,26.66346138244222,Brazil,Maize,8.388976971971982
2017,1847.6427173934649,2795.13221491887,31.77026061939045,India,Rice,5.706801296588792
1997,1215.8960853197282,2957.5238704474377,31.75263645860261,China,Maize,9.905305498498796
1990,1916.7012686756511,2699.570125368885,24.473413985175082,China,Maize,11.201647397523097
1992,2659.0056687677684,3538.176031565712,20.746409227780305,India,Potatoes,15.32165823448141
2002,2875.3187733864597,2100.1774012098085,26.039257389127496,USA,Sorghum,3.299054415757657
2017,1834.114205194939,3349.3279847292697,30.45530003426158,China,Wheat,4.128266684022852
2014,319.2546711168767,616.8444536364332,10.141302621029618,Brazil,Rice,0.5
2022,2913.8607923479053,1335.819579741804,34.79992522537128,Brazil,Soybean,0.6420250304279407
1995,2176.4137705095172,4181.655163655061,14.572344308229981,Albania,Soybean,0.8637169324482209
2021,1140.6982159502259,4519.707164409522,21.756224641499404,Australia,Wheat,3.5831479364063235
2010,612.0415626984254,2699.6511054258954,31.80074337107167,Australia,Rice,5.42254153950407
2005,601.5721142615698,167.86172989253268,15.626009976104985,Australia,Soybean,2.683114281614275
2010,669.6843371908876,4635.598118250923,21.919880597509582,Brazil,Soybean,3.141498091070462
2000,327.60306051869685,3513.300647556159,13.314554504529479,Albania,Potatoes,8.618984675261775
2024,2726.031728228152,2075.9993395392503,19.876908134704813,Australia,Maize,5.793131240623459
2008,1714.1510519165417,2995.910926565487,14.428386369825063,Australia,Soybean,2.25938759203161
2009,2159.886355598744,2154.576423862417,19.090693719278924,India,Sorghum,1.3522841208950858
2007,2518.703825951261,2332.042741392934,19.33660541981805,India,Rice,4.448497547941721
2003,2416.314817732961,4435.181229640414,34.82926973995832,India,Sorghum,1.1492496624970983
2004,2671.2957464407564,813.8103921163865,34.87032573259431,USA,Wheat,2.7710109275852006
2020,2908.312943069865,527.3089860563615,12.869656966515311,Australia,Potatoes,13.8466144967999
1990,1429.3977212774307,23.616435119948573,28.149219483208682,USA,Rice,7.193917414338569
1992,2860.9393066714933,1576.8618743045122,11.293636991727528,Albania,Potatoes,11.685602685611856
2005,2225.2118553598857,745.5946947572927,10.754800383429716,Brazil,Maize,4.035249958679875
2012,397.8709328626197,1107.7276207391747,12.633347356124109,Australia,Soybean,0.5
2000,2108.9927393945673,66.08252350023088,34.13714142519835,Brazil,Rice,2.898283003895508
2001,2122.806646893576,1143.705119291639,33.521588697367434,India,Wheat,1.6236837456580142
1999,2736.409578619076,1670.2307938425458,14.84819550701701,Australia,Maize,4.398859640654221
2021,1244.2099709162578,167.5218070853078,14.041808388842789,China,Maize,8.724225492166045
2005,1837.7522007610899,3043.441580242767,16.013377162898674,USA,Potatoes,24.29743748001987
1997,234.12514283287905,2848.3137409299525,22.888674851878555,USA,Maize,5.886984789193758
2001,1129.8106781077408,494.20853476452606,24.242615800885247,Australia,Rice,7.097046488188863
2013,374.2824332445866,2979.098789816821,15.539835760986183,India,Potatoes,10.217513169603349
2017,1661.2443237417115,4993.283053858299,28.91556970224863,USA,Maize,11.163706986754535
1997,2488.853421419469,4722.900074529588,17.73882923506627,India,Wheat,2.1795960037201336
2017,778.0395379613931,23.328256904639865,33.05328313823526,Albania,Sorghum,0.7382538063209422
2015,1676.8349275617798,3978.9377735384946,26.418067661418263,Brazil,Rice,6.590216087716359
1997,771.2241822301478,1774.490328420065,20.908779857590293,China,Wheat,4.867175639242223
2017,537.9277099694732,327.62033796979085,29.747800042571136,Brazil,Wheat,3.964668924094622
2017,1630.7910174161589,1486.9562364438782,30.44786565116662,Brazil,Potatoes,21.14696954790968
2016,421.6161386592374,1615.4652164016818,17.26204014022359,Albania,Soybean,0.5
2006,1844.5929671863703,2620.9887541521935,18.492863595902108,USA,Potatoes,24.94466682888829
1998,287.7448898948336,3308.8079986715848,33.39887884321509,China,Rice,2.7186568617783986
2022,498.8019212314515,3747.787504919956,14.118525959081797,USA,Rice,2.2762768972899794
2009,1739.992959364602,1237.0561823907008,11.053760424073355,Australia,Potatoes,18.999329894054572
2002,1855.9407561169587,1615.63514554,21.35138306523873,Brazil,Soybean,3.1232751423693577
2017,281.1634042625226,1548.8247172300787,30.030247506090724,Australia,Potatoes,11.690974616894563
2018,1805.4550064043638,1820.0569719231735,29.291702657768646,India,Rice,6.941224390558642
2002,2547.8070709061835,4998.28498169213,32.98826572282081,Brazil,Soybean,2.0059302212477528
2024,2222.4852964230713,3891.937081108855,23.330016609226007,USA,Rice,6.492279824209708
1995,567.3182909782362,4875.2024216907985,12.501616789163332,Brazil,Soybean,2.2619886921306125
2007,1858.9290131781217,3468.6241871398156,24.7172243584004,India,Soybean,4.61760011406214
1994,2082.3070002077975,2037.2908012199487,29.45989035883029,Albania,Potatoes,13.720117141360918
2014,304.247364906417,1954.8234762986049,12.33320300674566,Australia,Potatoes,9.916024370504163
1991,2594.9734723141432,2448.0199134254754,14.316435027439745,Australia,Potatoes,14.043149493668276
1999,2737.5487124115243,2090.1802189885425,10.307266528891773,USA,Soybean,0.6941739187944181
2019,2581.266365414324,4143.347968002801,24.841314486170262,Brazil,Soybean,3.2188214849036836
1994,2508.968110369517,2330.3600450031972,32.168359798647614,USA,Rice,5.070821470388439
2022,2285.9025556905012,1485.1156574521215,26.766582900052487,Albania,Wheat,3.1035411634292362
1990,1973.6096875894884,3876.5527407962927,34.55100218977455,Brazil,Potatoes,20.42203290537346
2007,2100.1556139671056,4273.557842813159,11.575841312494038,Brazil,Sorghum,0.5
2021,2457.9068213379524,2107.9404911408524,32.575027128787404,USA,Rice,4.844423459512138
2000,2054.995683411653,3342.3647738086047,30.351707184667017,USA,Rice,5.4290924319042375
2010,1117.6354787097987,303.4346241026407,17.856038012487623,India,Maize,6.8976328391153485
2015,1252.691086051791,2652.0296113376185,34.338163795931294,Albania,Potatoes,17.78784563464075
2014,2711.760911442418,234.45587735008516,17.198443704285374,India,Rice,4.066420184755668
2011,247.94184023205332,155.6622940673957,32.23261809570546,Australia,Maize,3.5757462206652977
2016,2156.69762748399,3068.4950041084676,32.018714426854736,Brazil,Sorghum,1.1856822346093094
2002,2873.377146790603,1523.6435581509859,28.94144041507431,USA,Sorghum,2.3264379769902104
2022,2177.438875882326,3715.2604406527726,24.0867618453213,Brazil,Potatoes,16.09652337546436
2023,2982.95356704899,4481.451977556635,13.0000687404222,Brazil,Soybean,1.099378913451873
2024,2125.125735479326,705.56195691445,23.299293362412456,China,Maize,7.1138710201841775
1990,296.21648180721104,3625.3689645088302,18.919906391373363,Australia,Soybean,1.3061695085920757
2010,2515.627668611386,2577.454791458833,29.805425828883795,China,Sorghum,2.434720977971113
1995,996.9637534300934,569.4750583118673,28.95323016242112,Brazil,Sorghum,3.024811398265969
2017,1448.9602318604348,3261.4471063388164,32.765312684315134,USA,Wheat,4.242881103186273
2006,1073.8573645398299,3051.2393475012996,10.370754060792697,Brazil,Wheat,2.1332854679403024
1994,951.9514973871024,2583.052918329905,30.227580420576153,Australia,Wheat,3.460991557551745
2020,1407.935970275399,4633.091310752694,33.46155132811672,China,Wheat,3.538848138680164
1994,1260.5040556338865,2610.1876835590424,29.732511227703753,USA,Rice,8.595377998483727
1992,1973.3480291592502,4952.670426096561,13.254861496759167,Brazil,Wheat,2.3257341611151556
2012,2476.8233627650297,2551.051781102074,12.031977621022193,Albania,Rice,2.026400935610122
1999,1031.8482289242743,588.1016711238243,10.52113099519252,Australia,Rice,4.362076187160652
1999,798.4192279016488,2357.6515428644016,25.718630645701776,Australia,Potatoes,23.042610784685646
2008,2067.3067584369583,919.8205251498055,25.741816296497184,Albania,Rice,4.240635939619295
2006,2076.8961843261886,2989.696091234962,34.67284285545531,Brazil,Rice,2.7661868671003074
2010,2723.167470001281,3468.7295542160696,19.95107935260239,Australia,Wheat,1.976730791706538
2003,244.64792206927038,2347.4920407483974,18.297657122437418,USA,Rice,4.16416097105807
1998,2588.513853926228,497.5378087389097,25.61062317960981,Brazil,Soybean,2.469405842424454
1990,1658.8060842553994,2348.520578931929,30.64021681268985,Brazil,Wheat,3.646276998072267
2002,1939.6458496818768,416.456531524658,33.419348738075044,China,Maize,8.6891968575016
1993,455.8400335719614,3413.8085179776044,30.078104154475966,Australia,Wheat,1.066995045103778
1990,1411.3218120417278,3953.9374420767867,20.66684951539512,Australia,Rice,6.001318229664672
2021,836.4467402678666,4812.277832862925,25.872855882801602,Albania,Soybean,3.2454921699262798
2023,911.8300842310254,752.5225145709976,31.407483167902924,China,Wheat,3.9839270985881687
2017,1611.4663210928768,2666.7774743111877,22.265242207793484,China,Soybean,5.470551040173724
2020,2474.8766611287147,2842.0114640017387,15.417166092634817,Australia,Maize,5.093512227813348
1997,2282.586604405597,4613.157903567088,14.243085993696823,Brazil,Sorghum,1.1361961915590826
2015,1854.7998854406708,3140.110436576606,10.003943614451419,China,Maize,8.375735087245284
2023,1710.3709397097077,736.0931317701522,27.955949874532106,Albania,Sorghum,2.6585152760662676
1992,1396.456921056572,2187.393106576314,12.777430221149762,China,Potatoes,24.120173005151205
2001,2923.5879259718818,3277.26501724619,16.09597749239851,Albania,Sorghum,0.908416284573952
1990,1768.5391518558533,3504.4193160257937,17.446908288069835,China,Potatoes,25.381710313879548
1994,911.105915274222,4316.739252966962,24.009496503419207,Albania,Wheat,3.896020953260459
2019,844.2542177121107,910.7305280235419,19.94893193239423,China,Potatoes,25.795477525350023
2019,1911.788486170397,4758.195312309937,26.866849800579047,China,Soybean,4.316856880580986
2006,1663.9170764706005,305.10566595780534,11.390966483217568,USA,Potatoes,23.87866084911974
2012,221.5538482731958,4918.973051498821,13.098479856610986,Albania,Soybean,0.5
2004,2524.1830421481823,4290.257793403379,22.48028758833167,Albania,Sorghum,1.439837979407706
2010,2171.542591850817,3304.7611859832346,18.424119696170745,Albania,Sorghum,0.5
2003,2053.1220110986897,3677.627546319464,17.395334068783992,India,Sorghum,0.8200499393984668
1991,392.5858415534451,372.7331095347942,11.675701975938068,China,Potatoes,12.93336982407094
2000,1213.756380482976,216.98451584331738,32.39297936870004,Albania,Sorghum,1.6057844368428684
2023,2819.070330051801,517.8113247913141,27.29546465312627,Australia,Potatoes,16.241468163874103
2023,2615.2498757558183,445.9254751740475,13.040453920491235,India,Potatoes,12.850987805476976
2007,999.5202260346937,2741.4323550124814,11.626148943428515,USA,Rice,5.136916781023464
2019,639.7648754775884,1085.0654956878277,34.37181333578108,Albania,Rice,3.7379083645516182
2004,1457.4462800720157,4302.426129661565,27.029313760987623,Albania,Potatoes,19.711345580697188
2016,1196.3250602694504,2234.28562910968,20.436401777343537,India,Soybean,4.533864310593406
2023,2110.233854776775,3480.597277526792,27.54327601889462,China,Wheat,3.9692265905980797
2022,2906.017468236095,3267.8367339210977,28.90829466200398,Australia,Maize,6.870756807325207
2013,1216.404059951172,1606.0666642592532,29.499055059719485,USA,Rice,7.262078916640674
2004,374.2276834262776,1223.4061918933878,21.94693264132644,Albania,Potatoes,11.227331778399938
2019,2713.3192233586788,1718.8568636302095,20.7470689531212,China,Maize,8.238541961341934
2006,306.25924467163827,3985.3252855106894,10.275702106722509,Australia,Rice,1.0149871433615347
1994,2867.7445120293323,2935.521473613896,33.16392787854595,Australia,Wheat,1.6968311180567122
2018,2060.8223984253113,1275.157925970685,25.082696959723577,USA,Soybean,3.042135600694259
1993,2836.729783637458,4091.0537508715465,15.078848429749202,Brazil,Potatoes,14.277079669790572
1999,759.0471226171392,283.2493366904306,32.990085485535914,Australia,Wheat,3.1254238304474637
2006,313.9594267106613,3498.925041201574,32.87329754425741,Brazil,Rice,3.4488421413455224
1999,1566.9879391741772,2201.113020689061,34.7296041091524,Australia,Potatoes,19.791450823238755
2006,1461.7455607963507,3659.1390264687825,31.85141407847447,USA,Maize,9.629810951705995
2009,1128.178365113672,4638.0317884147,34.94460969550162,India,Sorghum,0.8260370480626942
2013,2881.438128288353,3752.6701487550504,16.117154703081816,USA,Soybean,1.7815739935309969
1994,2503.2344500520103,2215.407123003798,31.05623962998085,USA,Rice,5.089631890247831
2023,2052.429659851661,763.3686507542649,30.575707719894112,India,Soybean,2.2731025423631066
1995,656.0032165859177,4033.691369269114,15.773508980518343,India,Potatoes,20.864347590393105
1991,2256.105543011869,2308.920579337644,12.46093872502477,China,Sorghum,0.9581381825326605
2002,2235.634873159227,385.8084940510777,34.48551284193999,Australia,Wheat,1.89100488781708
2000,1390.190886124821,3598.0864349065614,17.40061378801526,China,Soybean,3.5324140883122896
2012,2789.400547199238,1466.3413099237825,31.77229476169515,India,Maize,4.886168265142333
2005,667.5380702412292,253.9522652308743,10.103178866865097,Brazil,Rice,2.971861108156101
2020,948.54517475266,4514.727564720648,10.525620180490055,Brazil,Maize,6.052546205067977
2000,377.0281499017742,2420.6744495486114,21.64678271740921,USA,Soybean,2.1716595520094586
2005,2427.2626828972448,1411.9956553333775,15.967867098376589,Albania,Sorghum,1.3432126836579605
1997,1940.9262810671123,3584.7689238457087,27.246032085899106,USA,Wheat,5.189729155925804
1993,1081.8328559074987,4430.652864635993,24.13910813919886,USA,Wheat,5.429363505761093
1993,658.678258064083,11.532304418439887,11.937144936262285,Albania,Maize,5.6266080338775675
2014,312.41375608047304,3442.3824033603473,14.065707407892926,Australia,Potatoes,10.085345964056879
1992,666.8875921526225,3837.3883531519227,19.701231751460355,India,Potatoes,21.7581577426547
2021,1469.197009745443,1057.53786212467,14.64010159888583,Brazil,Sorghum,2.5659193219460104
1992,892.0955132296972,2453.22291873677,29.805558681098216,USA,Wheat,5.804559293889522
2016,925.1500968095069,455.5366356004997,20.401755888832,Albania,Maize,7.3550549388910005
2018,2651.6138266696003,3736.2819137515844,12.335796671062482,China,Maize,5.726911209818258
2021,1642.3854856910818,4238.805532631129,22.10857255680312,USA,Maize,11.188756205658802
2008,2241.9055247595606,549.8514200500564,12.270954526535354,Brazil,Soybean,0.5
2010,299.99065727880065,4084.136664629845,13.22343263549543,India,Sorghum,0.5
1994,1222.4573958984804,3860.1351507178224,15.990245800705132,USA,Potatoes,24.443404920284237
2007,1541.6741727072372,1741.0974686507775,31.488192631187246,USA,Potatoes,25.320084155025064
2017,721.9671945885171,3454.5447543685805,33.115313308324296,Australia,Soybean,3.2123814164118345
2011,536.5363160475083,10.240138232615617,30.656443233301726,Albania,Rice,4.5705880935791106
2010,2636.850579799559,4659.670295785333,18.35193043544618,China,Soybean,2.388706225578045
1995,2830.4085558794304,2756.4123441887805,16.811161027720793,China,Sorghum,0.8512297808669442
1990,420.65875452714073,3105.4909316693775,23.72889226975598,India,Maize,5.950725053723632
1994,1177.2523951188407,3326.650473560102,28.046329013327806,Brazil,Soybean,4.277749320765489
2001,2883.1997588045265,2811.23139591965,34.83431970400437,India,Maize,4.924272519189445
2015,432.8528527709017,4285.251798821921,13.289267796973157,USA,Sorghum,0.5
2023,2002.1958440604335,3052.4121424362042,11.232299975595112,USA,Sorghum,0.7256097975661328
2003,2922.2198387076155,4539.722356289958,27.358897224881776,China,Wheat,4.481418500923729
2015,2939.026272027849,2915.8347949477043,30.805644587597637,Brazil,Maize,5.3783837779449994
2016,1519.425326530481,863.9008856830274,31.15871949666058,Albania,Potatoes,19.272520656499065
1998,655.6975017906657,4568.677153638121,26.961588726929016,Brazil,Soybean,4.417750395874017
2015,765.8360819368288,3411.321216815286,33.850395102979675,USA,Sorghum,3.2043413670144902
2011,2690.883906348305,3499.2025822334253,22.775119088614673,Albania,Maize,4.593367182129117
2019,2752.7124121232605,4927.553935352293,32.845369958405314,Brazil,Rice,3.356428814416817
2006,1902.0630028459534,385.2308055058,34.19530342478808,Brazil,Wheat,2.3491757610161215
2015,2345.2939185157516,2148.677109404905,31.178936425077694,Albania,Rice,3.542660504178364
1990,2271.807504117143,1203.08601100321,17.743964081465514,USA,Sorghum,0.7754515095873429
1997,2053.1004743694994,3155.828058921149,14.905391279257381,Brazil,Rice,2.161132961560435
2024,2516.3754736414294,4035.990301902879,23.70300162454546,Albania,Rice,5.560810556774578
2004,2119.138544512899,4831.890437373139,21.325368759504713,Australia,Wheat,3.198078446127363
2011,1695.206456092998,2278.434573704053,31.943958554818323,Australia,Wheat,3.458297045495913
2003,863.477815246839,3933.228970906595,12.500791776678843,USA,Wheat,3.3758681892718947
2015,2282.8868035321334,4586.087444281494,16.443501532787966,Albania,Wheat,1.6634207963280327
2017,1525.6260299471685,3419.793908354065,28.794973612967713,Australia,Rice,6.746562002685354
2012,1025.4167152210262,1221.2354367243584,12.374666124432803,Albania,Potatoes,17.314132968167133
2003,2445.449572076971,3043.192214027879,18.019110350542505,Brazil,Potatoes,15.098179026255329
2013,2150.7980809884793,4850.060718607761,19.67888485134958,USA,Wheat,3.3138352374831075
1991,2824.55077674916,4937.893606019211,25.56484491406725,Australia,Soybean,2.588846868892625
2015,663.2365920528576,3215.375520346723,13.953316142984114,Brazil,Maize,7.6329552776163085
2003,2017.7299969821809,4436.068911781226,31.51511225874274,India,Sorghum,1.2940266424219367
1996,883.8705106468927,1009.743325604528,21.188555886656857,India,Soybean,3.9423440774903344
1992,2730.0323588445967,1237.9322387115617,32.92554279701391,USA,Sorghum,1.7084480632743648
2012,478.5983599185239,4764.90918829545,21.69674784084829,Australia,Soybean,2.679604164544472
2007,2037.2530580456562,684.8245237190914,16.876006473518334,Australia,Soybean,0.9810428403767334
2024,2415.0400202784836,963.6211260864599,13.545720717191871,Australia,Potatoes,13.510351513122695
2004,1193.7699530211803,2108.537509609058,10.09362736778212,Albania,Maize,4.86858887868856
2014,2871.586622274666,2952.0255958892185,23.30393712462089,Brazil,Soybean,2.9269644776545807
2017,2582.0459168409043,3023.0479226516754,12.678917423173086,Australia,Wheat,1.9072352617542987
1999,1024.9312391177295,1466.9602832411663,19.793194090779455,Brazil,Sorghum,3.419767084928298
2006,221.1150596047963,4603.863350772238,24.73179403092717,USA,Potatoes,13.613117919673698
2011,1030.6400931305704,4576.348538963235,16.892147422567508,Australia,Sorghum,2.2247268245170035
2015,987.6693173180792,1966.4195847313385,14.380607309152882,USA,Wheat,1.9288685619558243
2014,2691.900901002545,2177.1159294571826,29.368040565233542,Australia,Wheat,3.1082185603237598
2006,2907.939299113293,3515.46061295132,33.669779307040514,India,Soybean,2.033389358791795
2002,397.23196071672896,3318.349523030515,12.51101044654915,China,Wheat,0.7674561577595537
2009,1519.6255198932868,1917.6621046552023,13.889758109625197,USA,Maize,8.757911580754293
2014,1735.329595883428,2077.078815089807,34.00031643131797,Australia,Wheat,3.0187161151705046
1993,460.15265172316924,1746.7143276734794,10.944605545306157,China,Soybean,0.5
1999,1256.993585585063,1184.5711846970064,34.4408084137618,USA,Sorghum,2.641590207400435
1992,1087.8307687002616,2296.110430991457,10.116112077124718,Albania,Wheat,1.2544887784841197
2007,1700.9577921158445,3435.306318193677,31.841716391283285,Australia,Potatoes,21.50391019782713
2011,2051.334519249426,3712.413859518322,17.68312952469374,Albania,Potatoes,13.290797783192392
2023,2169.758309390387,3896.5795047972533,33.464721454432414,India,Potatoes,14.289949705851665
1997,582.9140661174852,1879.912747131076,17.923632215889636,Australia,Sorghum,1.4937697298350867
2008,2476.25356544494,3825.5336114820184,26.3576580383514,India,Rice,4.00892171030598
1995,2099.9176834141253,42.51641530245762,12.000814244148415,China,Potatoes,17.445074432316197
2015,2689.409766890815,2390.479189207242,16.058245286343475,USA,Potatoes,17.57173774889415
2023,1458.1409664192154,3971.5829566621273,29.341983661981267,Brazil,Rice,6.31524895169093
1995,2702.8913356221365,3153.923156000353,23.21714634197049,India,Sorghum,3.337880185187303
2022,2624.167542597011,2375.574989530993,33.19922654467612,Brazil,Potatoes,14.467423307924149
2011,1427.5461306059549,3226.7636129656826,20.71878520853386,Brazil,Soybean,3.0839955393424088
2010,1267.20128282034,4535.660555711833,31.745309145348077,USA,Sorghum,2.965854617750833
1995,2811.873641916719,2836.2451850449347,21.223885936955938,China,Potatoes,18.857022980357673
1995,2202.4612567076256,4000.93309538593,34.48120696754963,USA,Potatoes,18.662260921478463
1993,2799.0869700266117,4903.906198873736,33.99585953497192,Australia,Rice,4.208637952464847
2019,2431.5293809082764,3530.785328357078,18.22841763890201,India,Soybean,2.1645991747745694
2000,1906.0328300159601,2870.895561806427,32.14809176042008,Brazil,Sorghum,2.9932249106760875
2019,524.3877756105406,197.0548761554479,31.19028435539123,USA,Wheat,4.217260829867585
2020,1016.1458832214757,1878.644712290392,15.26700993318907,USA,Maize,9.139926172989064
2013,2912.7587398754963,2831.5592402404404,25.607260019581744,USA,Soybean,3.4852379691720503
1998,1094.3818763997724,3988.060792813102,11.81705788974537,India,Wheat,1.532792941254398
1992,461.11363539903823,2196.1429003414055,30.917768014586542,China,Soybean,2.323129423662767
2020,2181.1493965740956,4800.690796066219,14.363647087587413,USA,Wheat,2.402414953714976
2013,2255.211912722316,1366.2508255921377,11.770367534644112,India,Wheat,0.924138108943693
2020,999.2816168040222,3725.390304099479,20.00547738847028,Brazil,Soybean,3.261021317896883
1995,1033.4815421696503,2100.9667712497962,24.423053464991085,Australia,Rice,6.114034694702612
1991,1512.9003594245949,2435.0825878838705,31.372923963994275,Albania,Soybean,2.0915848671911523
2009,261.0090593343155,4014.485148988547,34.35606313804341,India,Soybean,0.8117596301083402
2017,2410.104429011258,1488.1141556420107,20.987312814246593,Albania,Wheat,2.178203063998258
2000,1087.8486043675516,493.0921624097642,11.511173074631756,USA,Maize,8.063514197486088
1993,2590.536685605537,2606.075367221001,28.727889475646766,USA,Wheat,3.4353932886348404
2004,2447.3651804800943,2648.6851129007064,24.129331405598435,India,Potatoes,15.878741700941108
1995,2051.925692732593,3987.867183404615,21.19728362111158,Albania,Soybean,1.6900606919922432
2019,1109.6496278780082,4841.912839098188,17.73172196980474,USA,Sorghum,2.1244291607455534
1991,1645.686372651276,285.95042477845845,22.55996319608839,Brazil,Soybean,3.5716989729556827
2004,1445.5219212742852,2962.530473978113,18.466990111425773,China,Rice,7.3224091243042375
2000,1148.8692814962878,3409.5798662708517,28.925296693684007,China,Sorghum,2.759855470382258
1997,2574.781610048899,4929.148740235123,23.597342412316028,USA,Wheat,3.9726007917640276
2015,1553.819808817463,4713.525169241789,31.921194353852798,Albania,Rice,5.119252929754166
1994,2531.62467383201,3565.129315912768,23.58859786623605,Australia,Soybean,2.4318911744497274
1995,494.611727597108,2613.729162109885,15.95656033349825,USA,Wheat,2.1758287624857093
2015,594.86940808094,816.0043722733137,31.27729705580361,Australia,Wheat,3.286965126643344
1993,2936.496854316335,1927.041010470043,23.930476123251097,Australia,Potatoes,16.113678367718713
2008,1845.751695297051,2929.7604020352,15.17102595358903,Albania,Potatoes,18.152721299979806
2009,1627.355085797337,3628.7499790128113,25.587695248905554,Australia,Maize,8.206919691352452
2022,1664.8369768035127,3180.6437918207703,18.94291912356069,Brazil,Potatoes,21.69621752344847
2009,802.7525672920075,3573.472781120429,31.110140307301645,Albania,Sorghum,1.6792912028520677
2001,2212.3710586055245,2151.4709977139696,21.33249346616357,USA,Wheat,3.3719570236519916
1990,437.3857464433122,3640.8601799493354,28.16103395268542,Brazil,Potatoes,12.07663620352905
2015,1805.306396688465,727.2688675383988,12.388405190905928,India,Maize,7.337666266431217
2003,1798.152630440524,821.3056956979367,19.900608657558656,China,Soybean,3.3957612014882037
2000,2759.7275875738305,822.5324076890195,34.58103591180996,USA,Sorghum,1.0762311699629272
2002,1673.311868293609,4455.416135608522,30.211507236928707,USA,Potatoes,26.469012875865364
1992,583.7755487277027,389.40997591008613,13.998520059173217,USA,Wheat,3.6099208218354093
2022,1803.709125894855,4009.5267799400444,16.944101236931377,Brazil,Soybean,2.9892398208241486
1995,455.7174042229306,1175.5187812532183,18.245395221409026,India,Wheat,0.8770289349790286
1999,770.6227388397807,2347.465403071301,26.259139012386143,Albania,Soybean,3.4116433012523997
1994,287.10403572476514,4580.623411373733,28.92486898724139,India,Sorghum,1.3525989199082633
2012,1637.2220308865953,2933.8267761406587,28.738165220197743,Brazil,Wheat,3.6226397628122724
1999,436.69132282200263,1058.4872542994694,22.74685140766007,USA,Potatoes,13.460362486080845
1991,1514.3042598877214,1427.6094009908475,30.27051344595378,China,Potatoes,25.453870871590507
2002,2812.2460989076035,4603.0286532399705,20.926952068936878,USA,Maize,7.964268863248382
1991,2215.33195645413,2141.448186298792,13.097014132389049,Albania,Soybean,0.5524747825791406
2009,416.75268783082055,2939.0575602038793,24.111046041345332,Australia,Maize,5.70866388697784
1990,827.7874741847609,2305.0616611606897,33.80753461502766,China,Rice,6.635168356105065
1998,2086.254775701616,1898.4060593617635,29.824841284812784,USA,Potatoes,18.230142704040908
2006,2705.1652108677144,1124.1628433926855,24.467516192306057,China,Soybean,4.243596897769357
1998,292.17204293907054,3434.0955874181645,26.170141508727422,Australia,Sorghum,2.079224770176283
2000,2474.8631688176633,3594.027711097881,33.264050675889315,India,Maize,5.63747462995376
2004,1773.0788649472643,1381.6766071209236,20.708569860874015,Brazil,Sorghum,2.269138710114055
2013,1729.0557108298992,3947.164106843604,18.284853473565935,USA,Sorghum,3.5503991378590616
2024,2881.876911709402,4274.1306495053805,34.431039125011225,Albania,Sorghum,1.2262653098794392
2019,2293.4049152709645,4604.168730235756,31.586078337758334,India,Maize,5.649414634060471
2020,2580.3328305571135,814.4499454526659,18.076089615465058,USA,Rice,4.306943882248651
1994,1191.187594725067,1526.5791812301993,21.59451493402307,India,Maize,8.462470548790384
2003,1752.2193143195475,4303.1632040434415,20.376953225194974,Albania,Wheat,3.7594031196720064
2000,1923.135896797758,1000.7156121111909,13.727391966785849,USA,Potatoes,24.60823687438103
1998,1100.4350330149023,27.307611625041897,33.945483095331475,Australia,Maize,7.478601286512639
2023,1796.6947498527186,4355.428278155656,20.10781078049397,Australia,Maize,8.74665549984303
2001,862.6350625431987,1638.9827143393331,31.8832270659477,Albania,Rice,4.609253309160785
2024,601.4518789910708,2078.3426504433605,14.733905692016627,China,Wheat,3.031233682388535
2024,1247.1167259765314,2237.2067883459836,23.696770265930496,Albania,Maize,8.026256166666386
1990,2270.0109604900235,4242.89025732947,10.599034628106745,China,Potatoes,16.572597128240858
2011,2765.324014606885,1696.0818015213674,29.105512096057716,USA,Potatoes,19.143654060750514
2018,1481.5993441950511,4462.476630423844,24.52284745615696,China,Maize,10.347504459146947
1997,1999.9063271712087,3088.5262988597597,25.639739586743815,USA,Sorghum,4.74403167258008
2000,488.5039667302813,2641.1607529280845,11.293022063866337,USA,Sorghum,0.5
2003,2732.4985239465204,1634.8163905660374,15.275958255215386,Brazil,Wheat,1.6253389971821721
2019,1792.0917979958163,1226.1213644431173,11.858271808839504,USA,Potatoes,24.15764374212586
2024,2384.9470933504394,3124.0516294589697,17.222857895095295,China,Sorghum,1.3431586325770275
2010,2424.4353625799026,2240.001858682315,25.685975192053775,Brazil,Potatoes,15.977208427262171
1994,918.1454738306966,4553.474889560712,24.15464960793438,Brazil,Wheat,4.447954857306262
2008,1681.6884689091787,2463.2771934091083,25.303745540334756,USA,Wheat,6.331203616634574
2003,2889.343304370737,2563.856634338944,23.731281784447358,Albania,Sorghum,2.2628038571339624
2015,450.97672549831776,2089.449172868644,16.825719891896483,Albania,Maize,2.4063142119150944
1993,2112.5397144827775,3948.422354986512,16.11268743361063,Australia,Soybean,1.5642808881759904
2014,2894.339418498482,2129.9475985652593,13.426492088414532,Brazil,Rice,3.281659582080463
2014,1041.615902551262,1354.0165787512772,31.226771872587303,USA,Soybean,3.7225183892457294
2007,2612.0541799321745,4311.534062724614,25.411983963531114,Albania,Soybean,3.590673975152834
1997,2814.2411271431606,2988.172824612549,14.662775312601493,USA,Potatoes,17.921446995194447
2003,2291.8413863055102,2961.6359966473187,14.43023449553099,USA,Wheat,1.6011742686838222
2021,847.7192744594831,3058.0028137479935,31.825890038153418,Brazil,Potatoes,20.760397799369947
2022,1135.2020127144629,3597.010343546277,28.568271594082983,Australia,Sorghum,3.1088656363612457
2012,300.26602436964606,1572.2092666697085,26.484976997634284,Brazil,Rice,2.8379536280034356
2004,2528.0690558869946,178.8834104566842,20.171602688482494,India,Sorghum,1.8621143524990116
2022,2578.911322231024,4054.859872776278,16.549389106962938,Albania,Maize,3.6044825075923708
2014,1971.5888679053396,653.2362188693708,34.486269077820594,Albania,Rice,4.878636336076896
2006,1187.0779835387839,3611.880488680615,29.930989375570004,Albania,Potatoes,19.677051999904887
2022,415.0708773917775,420.7533384537705,17.54448057840691,China,Potatoes,13.463507827994519
1991,2308.5613077617463,1882.7861317221755,31.189119906962368,USA,Sorghum,1.6812887829562937
2003,2234.2733421077837,324.50008845937583,28.973298715367036,Brazil,Potatoes,15.579709805904022
1995,2755.2870608689227,2615.8462613423458,17.42701374694996,Albania,Potatoes,13.022200263365717
1995,2245.489658815014,3269.1475061800597,20.66382135604099,India,Soybean,1.8219861510730397
1992,2520.345838283205,865.4513744791597,14.648836134775667,Albania,Maize,3.858616020590382
1996,2288.672930131199,1864.4218160076264,12.776311109452735,Australia,Soybean,1.0809571142019583
1997,1965.924127274486,4651.895060304837,28.06905082099242,USA,Potatoes,26.230359177140613
2004,1395.5059037348258,2217.5216943662094,16.687796433846664,USA,Wheat,4.72814406631732
2018,2725.9284641983777,4014.6924091930177,30.50148414365634,Brazil,Soybean,2.4974916943639642
2022,2022.7120013409155,4636.651877850443,34.89021778786065,China,Potatoes,17.973400022196692
2019,1315.3949015045453,4871.9856666366595,11.915495348241217,Brazil,Potatoes,19.003208899998207
2016,433.7140265094802,4492.626878259933,21.82587812709251,Albania,Maize,3.9631171314735596
2018,1013.9735965322699,1593.852592503256,30.051563982770077,Australia,Sorghum,2.1262278278516273
2022,1722.4348575244612,4813.238701944353,29.72377241353084,India,Rice,5.987710737585015
2016,971.7790360453447,4063.852256312774,28.99992895827421,Brazil,Soybean,3.1188827801841246
2022,819.4589741701259,4187.506162361044,18.724873382547774,China,Soybean,3.5931771712230876
1993,1676.7018394459722,85.7131910174555,21.34633139212631,Brazil,Soybean,3.8729779454993674
2011,675.4969685080569,4771.651927958285,24.874208933536757,USA,Potatoes,27.035999620666953
1991,2441.1481773102896,3892.6702170052163,34.34851458933143,Albania,Maize,4.807209671240089
1999,1556.2308237594423,3842.157807574421,18.18868177346232,Albania,Potatoes,18.05009728285264
1994,1806.8157670954206,416.8084073336454,33.07859719292144,Albania,Potatoes,18.515019058312873
1999,612.673149272576,1170.517019955923,16.73392295451235,Albania,Sorghum,2.153439820910126
2022,1108.8137397622286,4811.685709038116,34.726861636842614,Albania,Wheat,3.191726158412183
2002,1348.251113131228,2508.378603279327,26.756592170689792,Albania,Maize,7.186026892668851
2020,2462.9959254462083,1995.3115110039078,21.587787008963772,India,Soybean,2.321768409328737
2013,2356.446664641227,4201.304677563099,25.33476070159012,China,Rice,6.627330616010648
2004,824.3369294055078,445.8286664285822,16.81327922600517,Albania,Soybean,2.0366254500231276
2018,1925.3014284996216,2090.540661192586,16.854346437786667,China,Potatoes,24.69794326206529
1997,881.6778017615933,1884.746864366197,12.838863596087347,Australia,Maize,5.969877091765854
1994,2967.092035932687,1755.7584212816598,12.851257442634969,Albania,Maize,3.229462000382006
2018,2865.946858766438,1545.3842958288349,18.691793536722784,Brazil,Maize,4.661091611689328
1993,1777.1412174577374,1058.2740343824894,29.07138694740929,Albania,Wheat,3.523219792897617
2001,2156.9272013036,872.8249069227057,25.199279189954062,USA,Soybean,4.106943255911369
1991,2444.005070184206,3205.6265234291736,12.56461400827552,India,Wheat,0.5
2016,2218.795576125731,4597.780257631305,31.305913124397772,Brazil,Sorghum,1.689359565022532
2020,2159.5203350307784,2549.1697097969086,25.03419067475166,Brazil,Rice,5.607993139212575
2015,2883.9512222586786,1496.893016209755,34.021389419619496,USA,Sorghum,1.4399586898407413
2016,1870.0770976603933,804.2093866339094,26.75463668528019,Albania,Potatoes,18.97828063304615
1994,1981.6474810933557,4152.415391612445,14.379371592604524,India,Wheat,2.8855644088865677
2009,2577.9525012269073,4857.745361801337,21.844584057695556,Brazil,Wheat,2.9660201155348056
2000,2075.6944300035393,1752.2854533245807,26.212439938680102,India,Sorghum,2.4527220233986013
1999,2252.211341649063,1461.8426235051234,10.706617526249442,Brazil,Potatoes,13.232311723577187
1995,855.6723213505988,3011.449835344957,10.372756603870197,Albania,Maize,5.438470480185691
1997,1239.5473875221985,3878.8916149575944,13.235075014964197,Australia,Potatoes,20.315102082113214
2012,612.4437679933005,2282.459989712825,16.29161087613677,Brazil,Soybean,3.6903185979451276
2015,1616.1432385374553,3154.0650178061364,20.738728088016888,Australia,Sorghum,2.906749870928253
2001,1476.0367219046896,3585.5798494362266,22.18601184399471,Brazil,Potatoes,22.602020665765636
2015,2992.0558799824794,4803.355516402335,13.45069022344742,China,Maize,5.972879495638353
2002,1911.3842278835189,833.5362792952162,26.83478947789577,Albania,Potatoes,19.71962175141933
2007,2402.0455049443854,4986.938644188594,24.90345154241337,USA,Wheat,4.320702972640338
2014,1135.2410781214319,1966.8617096537316,17.361602471029006,Australia,Rice,4.840687449642461
2022,2528.32692775983,3618.768712205503,10.3414970858823,USA,Wheat,1.4709378231086148
2001,1922.2379061655136,2866.347746085256,11.941197883832269,Albania,Rice,2.7302641819156745
1993,2151.5785284756275,2438.4763988741124,19.792369387770986,USA,Potatoes,18.117117633841634
1994,1024.4061782584722,3493.3960899706167,13.849358779142097,Albania,Soybean,1.6977390947537425
1997,1736.187496747616,1984.8117126157397,19.42049015369927,USA,Potatoes,26.260778318967628
2017,1975.3035255581042,639.288806870664,25.70456511275888,Australia,Maize,9.697495142712503
2020,1849.4650922864269,2449.5779817749863,23.68093569698209,China,Potatoes,26.408117808908184
1998,2762.542391988786,2614.3601947047696,15.779397078434856,USA,Rice,4.387195930890912
2018,2715.1634605791496,1017.4917454656967,18.59556228146881,Australia,Wheat,2.757597597636516
2003,2918.7553620552376,4678.740588079999,25.350779961216265,Brazil,Soybean,2.4876471195341856
2011,2068.7984168195703,1145.1034767649935,31.521375701086217,Albania,Potatoes,13.650304771793492
2000,2921.359564351917,2052.045694479648,28.830335968471932,India,Potatoes,15.201340356332183
2012,2530.9384000893447,783.0991373551693,23.835000670835374,India,Wheat,3.2143143849819316
1990,958.329992951886,2683.625264472851,19.057324957912154,Albania,Soybean,2.4417181878801912
2010,1396.8198747436318,1545.1116644194474,19.126281938545134,China,Sorghum,3.3701103739578357
2015,867.4988381292275,2451.4698746806594,31.985432756609903,USA,Potatoes,25.668307831075044
2012,211.7520503255826,1130.8384131264277,10.98108940101366,China,Potatoes,12.39333714410074
1990,726.5365088113441,278.3378884640916,34.699566110506524,India,Sorghum,1.8158072980725044
2004,211.36964160325186,3898.340988900454,26.609385271289057,Australia,Rice,3.77737797275836
2010,2215.547691781372,3209.0205569586956,27.02844247680976,Albania,Rice,5.245025035864376
1998,1391.4960336193587,1710.2893849979544,10.949945932618554,Albania,Maize,4.720059771008938
1998,1075.2092358180032,246.9961811647879,25.138231872281803,China,Wheat,6.375829222984127
1999,2332.8184950665263,4329.219562858633,22.119451502261175,Australia,Soybean,2.497648022371467
2015,2530.9629689350063,857.2770746290399,12.644472672351675,China,Potatoes,17.352086676562493
2024,2930.8387082196637,4654.403669224325,16.948050269233978,USA,Potatoes,17.849069408714637
2014,1997.6380370906752,2398.190939193833,32.25786140534128,Brazil,Maize,7.386301246697576
2015,1492.2810839121448,1708.529682443334,23.749710396648823,Australia,Potatoes,22.364429354334856
2000,1054.7400445008207,3711.3797896859096,20.335414379347718,Brazil,Wheat,4.399118450311972
1991,822.4909857998337,4385.428636315177,11.817053896020273,USA,Maize,8.579228289312795
1996,796.1926613512834,1859.8606825920965,27.853038185057642,Brazil,Wheat,3.934774189259828
2007,1345.7302492154365,2042.6453233292343,27.571270584900812,India,Maize,10.472545435197224
2016,2977.0017948062036,2171.4595145425146,25.351090174314088,Brazil,Potatoes,16.91324956164743
2023,202.39035282472915,4612.3920767785585,22.756566155516232,USA,Maize,6.199820316898284
2016,752.1765122468022,3465.89431765652,20.84461005518432,Brazil,Rice,5.999990618808764
2006,727.5003507300067,1245.7541240578212,24.831777324699807,Albania,Soybean,3.4751875084088133
2013,2207.9345594904185,933.1484905348773,15.834886293210168,China,Potatoes,17.569039491172283
2014,1186.9572372745731,1159.534640489832,33.531476604441195,India,Sorghum,2.4872397550527037
1996,1480.3302528570978,1325.183807035732,24.71986322950574,Albania,Soybean,3.2731735163038986
1995,616.1475653157339,1158.6156217566675,17.779811108859413,Albania,Potatoes,18.174652499476412
2013,1333.9917088554537,3295.947171490057,21.24199627212893,USA,Soybean,4.5432106320931664
2022,488.9594733363409,588.5082181809566,30.14211972192231,China,Rice,3.7701387109773408
2018,1692.5212060880328,1942.918863642724,14.040401518257436,China,Soybean,2.421546597073043
2011,474.2274230719966,3129.0173291221286,17.32089056150651,Australia,Maize,3.12101601409267
2015,2413.4234672848374,1461.391269975225,26.987700568413885,India,Soybean,3.485799794552748
2017,1786.4848091133706,335.7191796612736,17.887230162055598,USA,Potatoes,25.446910709470682
2010,2227.1100465658474,418.30137500138176,29.81254204653665,India,Sorghum,1.0576531555011348
1996,1371.8458826275148,638.5742137603849,13.26133717943402,Australia,Sorghum,0.6284948010431605
2006,1268.1756210782364,4180.856694092095,29.067154261365214,Brazil,Wheat,3.822738692106086
2009,474.98488933681807,3292.738892968799,11.708792871264155,Albania,Soybean,0.5
2009,1666.7956997199033,331.96683137724744,10.314815316687369,India,Sorghum,0.9508696083689019
2011,1640.6060615998576,1961.433706965585,32.455587970804054,Albania,Soybean,2.918818707799592
2017,1510.685724458895,1400.1400125068576,24.533480423307466,USA,Sorghum,3.483773254875749
1996,2273.451421110858,2894.4201570277132,18.795672427170288,Brazil,Soybean,2.0696021058957705
1990,2531.0123200905928,2618.801688864844,15.81486592409626,USA,Potatoes,18.4694710461108
2021,2302.2110898558226,2410.8088766148776,25.422144581520403,Brazil,Soybean,3.7713785647417937
2002,602.8240798591628,1579.4167281593395,22.725054588418455,Brazil,Potatoes,22.092738100552243
2019,1941.7666259899026,697.6208624995138,34.78994438824963,Albania,Potatoes,19.34347578643822
2012,424.9046959306935,3714.4581505344636,34.580399666343645,USA,Wheat,1.67957548864183
2008,2144.942404833334,4400.485276524845,25.87561415354024,USA,Sorghum,3.6457353520021933
2021,1269.1494703711546,4721.313037071758,21.071762652647262,India,Maize,8.45957919035577
2019,570.9970775456025,302.5086633617665,22.278524228366553,USA,Potatoes,25.750987706998238
2018,2613.742399533158,3702.1444708285258,27.061976655921548,India,Sorghum,1.9608469481607693
2018,1919.2233493090246,3635.252262440743,12.539363605884535,China,Rice,5.92861577017411
2019,1193.229910253077,4736.07697458649,18.208801845267956,China,Soybean,3.579168143250515
2005,286.03610302139873,1272.0438265438495,11.881806025090096,China,Rice,1.1695266713477284
2008,1704.4687252101094,3713.4734010928305,11.834018987922988,Australia,Soybean,1.1149066150084828
2007,2785.0324597614513,282.585180944758,14.895981047355843,USA,Wheat,1.9423700494403437
1990,1869.863531566624,3159.9161466004794,22.13133136483067,Australia,Potatoes,22.192836820153346
2003,2920.621692934581,1760.730642020377,29.619358029069733,USA,Maize,7.121794047316026
1991,582.0631311572838,3846.858103341901,22.137397279146814,India,Potatoes,21.804210947362847
2017,1791.2542928655432,4317.888389312613,18.386915264021745,Australia,Soybean,2.4524644058445735
2019,2434.7501344180027,1830.457000665406,12.058824758418954,Australia,Maize,4.198991346928995
1993,1671.5140471520053,2632.6746025695097,23.75738807957824,Australia,Potatoes,22.804834896503774
1990,454.9857967649233,595.8462711943636,16.78171466207942,Brazil,Maize,3.5537134676974733
1997,1832.0808043322095,2090.365756465148,25.373354447928683,India,Soybean,3.4039509498499276
2018,1912.8661363589206,1810.3939623632546,34.429693478310455,China,Wheat,3.143392505825769
1992,2240.385895730987,923.7860643247434,12.782858036938753,India,Wheat,1.392444167446906
2021,2331.392242463327,4473.448337586212,15.303134968048498,Brazil,Potatoes,14.368776173328024
1999,2358.1635269897,748.9583118203996,21.82736345248437,USA,Rice,5.419183456482418
1999,2057.6443021891046,3182.339394075634,34.21534538364824,India,Soybean,1.0538481381981215
2008,804.2713219722428,4451.81179096464,29.29524440674989,Australia,Potatoes,21.812721776687827
2023,1331.8601163505423,4560.723213517496,32.45572982907075,China,Potatoes,25.17966796400439
2022,2373.1639233203164,3968.2661022044363,18.342871211894824,China,Wheat,2.8295844562989956
2012,2869.595553522277,888.9442580321413,34.800961844464865,USA,Maize,5.633753876742473
2017,421.0515015425416,4088.98273197721,12.570820401603935,India,Soybean,0.5
2021,1699.5026978321455,1390.0584139539667,11.32432265115252,Brazil,Maize,6.316189143685162
1996,1075.062359708058,4612.7661568882195,31.3900656763507,USA,Sorghum,3.407767019101612
2018,831.1029040871233,3548.342540305009,33.18162175517466,India,Sorghum,1.4756057502182471
1997,1616.269913855202,3928.485129434344,12.264633938652544,Albania,Soybean,2.198681541217746
1990,1897.0501535583028,434.31194297466675,12.835685668646038,China,Rice,6.429627297204547
1992,227.3622479745475,2917.997916083287,10.829353943894345,Brazil,Sorghum,0.5
2013,2384.5784021633344,4107.4992132244115,12.612689066068103,Australia,Wheat,0.7376097299753508
2012,2495.6699675264535,4309.3358603347715,15.235495420007023,Brazil,Rice,3.504354834801021
1997,2903.4303087902126,152.87220662087117,34.25191547275003,Australia,Potatoes,13.741558698914456
1992,705.8024530291459,4696.404570450045,26.69650555599201,Brazil,Sorghum,3.3176401185257287
2022,1864.7471746106544,226.26027917937384,29.463825637963552,China,Wheat,4.871855563643046
2017,1394.5510457339046,3076.448211577501,29.403485092288054,Australia,Potatoes,21.428532827044396
1997,1137.5179843549818,3470.0037628004075,23.376843744480368,India,Rice,6.952398055661089
2023,1783.773664025013,545.6530029278699,29.93722444282543,Australia,Soybean,2.8310808709936555
2024,2390.6726610259407,249.5792093898715,24.89518830974924,USA,Potatoes,18.333135644650376
2021,264.54779364658833,3926.7116507091387,17.86365244008394,India,Maize,4.2775787570043615
2013,2914.3203151853227,1929.5064177391955,24.027752719210017,USA,Soybean,4.031734752647819
2003,2467.66843997599,544.4914514224671,23.337714653362838,Brazil,Soybean,4.03444560851994
2021,2303.2303702076197,3815.712403774334,30.586326343983018,India,Rice,2.991498707424447
2005,2329.0846701054097,4247.323720016667,34.543180434541476,Brazil,Rice,3.684493956029878
1993,1289.3699869322272,2941.0570918864487,20.276064135523264,Albania,Wheat,2.430214973402003
2010,2304.537542365478,814.5716740888815,29.084766961033992,Brazil,Wheat,3.5964877140281737
2003,1282.9565840882813,85.96013274253913,12.494075100953339,Brazil,Maize,6.7660209255031685
2020,2716.3791228094206,3507.0043816967,29.420784236207215,USA,Soybean,2.408018859047913
2007,696.222673258115,2755.1969773783308,19.285422799830805,Australia,Maize,8.443276152355768
1996,1018.5727878024242,3257.477737183197,10.984754072242167,Albania,Maize,5.244879081265992
1999,1743.745119557413,4067.7915042959826,19.08115446405443,Brazil,Rice,5.9819940079191944
1996,1093.7909004843632,2176.796607194931,25.26606877304112,Brazil,Maize,9.234070049196616
2022,1387.8642868267655,631.3321894797658,12.981254192036664,Albania,Maize,6.710805650097203
2012,1578.783530316065,4700.516594100224,33.10086231075637,Albania,Potatoes,19.510072513654187
2010,2597.7893766778243,2730.858014961818,11.941810331820964,India,Wheat,0.6853662421395752
2008,1664.93831010434,3080.317654251816,33.25016799582916,USA,Wheat,4.560674839547441
2008,1214.8875761207694,4667.723033463239,27.678437948392162,Albania,Soybean,3.5291645317516873
2018,893.6612592983242,4658.6024449882125,18.24280438535509,Albania,Wheat,2.3245541141298673
2007,1344.292740618152,2864.7520875735863,19.76875869272733,China,Sorghum,2.963666853531933
1991,1644.0610923602358,1495.0810093599162,28.520234118318605,Australia,Soybean,4.679556441521591
1990,2289.121600169062,4985.5970337235685,25.036777522030185,Albania,Potatoes,14.99729714609316
1994,538.9365732825484,3407.2772788681445,26.79107303637363,USA,Wheat,5.828373294774526
2009,820.5057270696225,2048.099017691362,19.729115412837,Australia,Potatoes,21.221058699981768
2000,1263.031244432285,2803.5856462394127,22.195337045189973,Australia,Wheat,3.9660470060455455
1991,1209.1155343346409,2085.011910837468,34.746687100947334,Brazil,Wheat,2.8464453008996573
1992,1296.894645294593,4442.642709960271,15.348071762492943,Brazil,Potatoes,20.356523812336913
2012,2421.859540992909,2417.6718805800733,20.446404663053286,Brazil,Maize,5.132203160035955
2001,1107.6323282940848,4119.406596146423,17.295579689349182,Brazil,Maize,7.173638565435784
2009,1605.314905127461,4202.479726136789,29.127787760996245,China,Maize,10.5055681033805
1994,1946.9396920021102,4123.4183652988895,29.100315641643018,Albania,Sorghum,2.3758255414439526
2019,850.0999405140943,3613.7211762536153,17.311136524934895,Brazil,Maize,7.684718246098492
1998,2212.347084013109,4275.839806869833,12.034757915824573,India,Wheat,1.1424615910620617
2023,1731.9116952671868,1942.2756023186164,10.285816916805102,Brazil,Rice,4.192294921921555
2024,1450.9872564878585,582.1693986483822,20.686263331062136,Albania,Potatoes,19.82896608226333
2011,2467.3952748672787,4213.846479818847,20.258439858394272,Brazil,Rice,3.7196584865160074
2013,881.7867257185096,2495.8603942798527,34.70974696599657,China,Sorghum,2.6943164375393716
2006,2672.892717720105,645.6064023139766,21.745051892441992,USA,Rice,5.810111163585654
1999,1770.9364590267705,585.4094856882197,16.410459239385517,USA,Soybean,3.7137186537069127
2019,1905.689662263043,804.6195461093646,32.28073602578668,Albania,Maize,6.091974575330586
2012,2650.16509967304,3757.356565738858,22.276698741339462,USA,Sorghum,2.8743362103041408
2021,2489.231525978141,3557.174800596743,24.979390880264447,USA,Wheat,5.102766299047683
2006,1884.373792701321,1027.0552141225676,12.391717760705317,India,Maize,6.575554500303189
2006,2308.9255707748875,4236.147856367878,19.572910183244353,Albania,Maize,5.3339116699556905
2003,1413.2945726521111,1413.661029685942,33.60559186184467,Albania,Rice,4.971811686243018
1998,1732.6577097992895,3966.9980607415882,24.737634604385633,USA,Soybean,4.469092847662009
1991,373.7963827838312,2449.14147959736,18.61254637856154,USA,Maize,5.789616692644591
2014,451.6021704001312,3660.4279258674446,25.641679515789825,USA,Potatoes,14.931694920025924
1998,2522.39113172173,1913.1244387370937,32.760277239452904,Australia,Potatoes,15.085546738451816
2011,367.0806359109906,1742.231579502932,16.849765011814753,China,Maize,3.672114108322157
1993,674.3175517713004,4208.3843988070685,22.62791796176686,Brazil,Rice,6.940109576081202
2015,2428.331445061236,186.15825002520756,33.96726634779388,China,Rice,4.4813496269208155
2018,203.2086617591176,4873.937366814962,14.309903582461317,Albania,Wheat,1.2586695071291247
2023,990.73212076842,3244.4159957442134,27.991598139917787,India,Sorghum,2.9502977057061064
2012,1835.308241914541,2168.092107115216,25.36202520507456,Brazil,Sorghum,3.117868992944353
2000,1867.2598081140304,3143.9921104406217,26.99187827851587,India,Sorghum,2.9631831799360326
1995,2376.028143042526,622.4773228303243,18.78049076668924,Australia,Soybean,1.6253746555190662
2007,1616.5935125780773,2575.1217519148026,17.846984337094124,Albania,Rice,4.34267562585561
2010,1626.3252346867168,4925.626661465591,27.105241764709262,Australia,Wheat,5.049152148224423
2023,2230.869611513961,1183.9944948550672,15.388582127613635,Albania,Potatoes,13.495440027381887
2006,1596.1484971455939,3614.1677141913838,20.49136862147513,India,Sorghum,2.710022550099193
2014,1903.7750423781272,2180.5071654001863,14.70436615132295,India,Potatoes,20.128881833081444
2001,2713.767391114143,3265.766160954888,10.207621028083244,India,Potatoes,12.538361040605087
2012,1324.0628213146415,1032.3872711719596,34.25143400095173,Albania,Maize,6.764723692379017
2011,1278.3501985738221,2357.620263261836,20.79257446641048,USA,Soybean,4.993526552337184
2010,209.93717722135966,4900.662642157783,34.23374036049563,India,Wheat,0.6595210563346239
2016,1917.5935322594494,984.4828835698878,13.508087994195652,Australia,Soybean,1.8378819238595279
2020,283.36134073996953,3185.860688965298,24.68416948643715,Brazil,Maize,5.357319208004418
1995,1611.6157712392856,2882.232766346309,15.02435081978099,Albania,Wheat,3.225412715857437
2016,2451.8546092902347,2829.6074155891124,29.75185317408187,Australia,Wheat,2.746929806205692
2023,1739.7789974550567,3079.4652153615693,29.59257471902438,China,Rice,7.500841809633894
2001,954.9812626066928,2516.167488704258,12.815178725982795,China,Soybean,2.664239472572001
1996,2401.2715800582396,94.48444378571342,32.80161132190973,Brazil,Soybean,0.7551096492623222
1999,955.2076114311087,4501.483089200958,14.865741180080615,USA,Rice,5.590372125159905
2006,2252.4889866485164,4136.624349145314,25.32443353973401,India,Potatoes,15.947509561166152
2015,1908.7236745326475,879.0967277963955,34.6408405021926,Albania,Maize,6.837278777549274
2010,675.9896308944034,2072.2331551205566,32.05991336915909,Australia,Soybean,2.652182019816777
2017,2734.37484956372,3855.039413660904,33.914098214029224,India,Rice,3.1652481266461736
1991,761.8023122801479,4900.510953782549,18.564969280452985,Australia,Wheat,3.2642714937427626
1990,2970.8438075938757,4756.173861744514,12.639391055486584,Albania,Sorghum,0.5
2015,220.46936823383416,4497.802406384109,14.708671832236252,China,Rice,3.533366658919289
2018,937.7534560001285,800.2857475227069,22.512372376915344,India,Sorghum,3.0611866636311382
2010,759.6088323677568,4573.230778984934,29.83074195683305,Brazil,Potatoes,21.062112597337574
2000,239.18154847729537,4393.440115625886,13.75384110459688,USA,Maize,3.9427958059998387
2000,2250.6301204124834,1890.9800567202838,26.493288306518927,Brazil,Sorghum,3.356153102012521
2024,2141.5922458788696,1978.6677467359475,18.089440100987794,USA,Potatoes,17.9460098759762
2023,2418.5827001938055,2304.945520556252,18.530051809803837,Australia,Sorghum,0.9026701615185904
2013,918.7559301007827,3284.3163985224205,26.54794325394816,India,Wheat,4.244776626466229
2011,1444.1384678323159,1311.5697237552486,21.674985488330506,India,Wheat,4.158366071636116
1994,2045.5178605403328,124.51266290532398,30.300832325649846,USA,Wheat,3.365574342938992
2022,1431.351810886802,714.7353277402389,13.897962741570677,China,Wheat,3.891699859886643
2009,2152.512156890164,2206.1783788081007,29.748706744175962,Albania,Rice,3.2323735255386166
2008,1975.125543633238,1417.1928214367472,11.605881201435523,Brazil,Wheat,1.6086105070132977
2024,521.0138484620941,3824.937639570298,14.851347006140124,Australia,Wheat,2.621116214071693
2006,2386.9207390155107,542.3834520408642,26.403742862579136,Brazil,Rice,5.17638870202755
2023,2217.8938054590512,4588.151475518471,31.373141412776782,Brazil,Wheat,1.7169402897307018
1998,2036.336285328735,4477.682627920116,16.316990693483724,Australia,Potatoes,14.380088894782805
2015,634.2620975588065,4544.696516497108,18.179790145722823,Australia,Potatoes,20.76068297662981
1991,950.3900566270182,3700.6538930306,23.428018707168498,India,Soybean,4.417304918959625
1998,1300.8956884452812,543.9298577031605,15.289320162232558,Brazil,Potatoes,20.63702726702465
1998,983.8029406380416,2196.3064811341383,30.27890653968764,Albania,Maize,7.7008272507118765
2006,837.8688138931681,665.7128053092641,29.34091612514402,Albania,Maize,8.04627373090988
1990,2455.001476452972,4938.618971877802,13.63229279914454,USA,Maize,5.6788856860847865
2014,1987.0502898085667,1671.8617327593797,21.5957432954158,Australia,Rice,5.6965601342204675
2014,1783.321968340701,2930.7994040314097,29.370694166365535,India,Potatoes,20.93454794003231
2024,832.6675903891108,3899.1713406786666,18.433238277585367,Albania,Maize,6.101032661220656
1992,2770.6143743521957,4603.874260285971,25.827670567943294,China,Soybean,3.386826003742024
2019,735.3125094724855,3780.1831519483862,11.255328036439318,India,Rice,4.07084391201196
2023,2425.862611909096,3375.7738560435255,25.21721901323295,India,Soybean,3.5565667033664354
2001,2906.6834667748208,2335.249092370375,13.816324500015176,Albania,Potatoes,12.559537107104898
2008,2235.859641827861,3030.946667415115,30.764583127861282,China,Wheat,2.842767160091685
2006,2980.004570516963,479.8774061756208,18.88623658951196,USA,Soybean,2.388028573062319
1999,2022.9431275382508,4420.7734843867,17.038846568204892,Albania,Wheat,1.187997378553979
2001,808.8889620909059,2723.4487711110282,31.022224417787125,China,Rice,7.623759471858418
2005,770.6945824062317,210.27390167036407,11.253600576795256,India,Soybean,0.9754201041462327
2013,1108.7799959153338,4600.311607042889,19.915219983358618,China,Soybean,3.454783194393807
2008,219.96405661881698,2451.616849445975,19.250088514375783,India,Sorghum,1.4492042279958197
1997,2108.7557162319367,4344.259816389399,17.12000935623877,Albania,Rice,3.449926017057137
2020,952.2697969579173,4285.870891484731,32.79385830003693,Australia,Rice,4.597551268206065
2010,2482.5130504197077,4080.600421411003,28.773209837918056,Albania,Maize,5.848571072303203
2006,1205.6834215660406,316.4010662838268,11.598079104798469,Brazil,Potatoes,19.236827809788615
2012,1543.8781816972755,1242.8625606668022,27.867186235873852,Brazil,Soybean,3.4458093283140934
2005,2903.928966369034,4378.983883602499,23.18247832821985,Brazil,Soybean,2.949245735681985
1995,878.0819445323758,4495.9653696999485,32.52169736003948,Albania,Rice,5.149530873599764
1997,2219.511472803271,2295.763623220342,17.82364043370896,USA,Rice,4.934430488618294
2014,2314.3298100551683,2205.8069235944695,24.354049990239574,Albania,Potatoes,14.630865928534131
2007,818.7948410661785,883.9517630918873,22.51888186852465,Australia,Rice,6.230731366174053
2014,1602.7911425141479,4842.369835568845,22.239022655690142,China,Wheat,5.358183178143828
2001,1180.5653908763113,1073.5609920416255,21.402634987930316,Albania,Wheat,3.530316452796749
2004,2361.3374815202496,962.7745539103202,15.140736888307032,Albania,Sorghum,1.4343674773254462
2015,1942.9532932813047,3307.03756104438,28.89274806230982,India,Wheat,4.31986041305736
2015,1532.7525536095318,1221.793071972234,21.283400818482217,India,Wheat,3.550416997415897
2021,2382.217142133611,4694.470338961805,33.962906875065144,India,Potatoes,14.391336327566016
1999,858.4355960235677,64.42590663579615,16.520210679819407,Albania,Soybean,2.0021841398915763
2005,2310.1412656362054,38.70877899327354,27.068595990676027,USA,Wheat,4.260075024228952
1996,2623.048073859908,2529.3352391636417,33.51792699097771,China,Sorghum,2.2737724602876126
2006,2660.140471061203,2445.4316749682253,26.586458075402312,China,Rice,5.634760313870479
2012,2394.2860604548905,825.1864692855434,31.781822690434865,Australia,Wheat,1.712659378507491
2015,1342.4396675951525,2477.6526192217193,30.687023993925152,USA,Sorghum,2.682619900252771
2010,2949.0624636099155,2064.1889147982324,19.002942887225096,USA,Potatoes,18.508451805321634
2011,1262.8622027028316,4452.74433145842,25.00309849848741,China,Rice,9.491347477119376
1996,1988.151117486792,56.177061882647735,13.90653349528389,Brazil,Sorghum,1.553161391280314
2003,651.0076985945122,4881.586327114432,23.388147067389987,India,Wheat,3.7053446673119512
2004,2945.2569161818997,3125.719893836254,15.76054929535843,India,Soybean,0.991494796288799
1996,2171.1605812210573,767.6987937699254,28.59342037381114,China,Rice,5.061593784673917
1998,2309.4571266898315,243.33246891771952,23.201460547303114,USA,Rice,5.264217343171093
1997,384.1747695512049,2695.147236210567,20.28068406579151,Australia,Soybean,1.3571688548601284
2012,2337.569879817881,1182.1019281993824,16.719927404174438,Brazil,Rice,3.6824776623970554
2018,2369.2256018176836,1512.8160296362837,34.96746204603217,China,Wheat,2.553617621146107
2007,2080.9636338142436,1233.209502524223,11.792763022123317,India,Rice,3.0603436481428035
2020,1017.3469186129622,3254.359844726829,11.0890170143105,Albania,Wheat,1.8443075943810734
2019,1571.1321180504683,2772.1095209595064,15.431435012346615,USA,Soybean,2.1255981093205776
2024,509.21623966440615,399.0923733738394,34.27681146569549,Albania,Maize,5.835570185789325
2007,1520.4437860856274,2637.3674005441253,34.480954207999616,Australia,Soybean,2.2686579197685774
2006,882.7067872811335,3958.0369301608666,26.373193369303397,China,Wheat,5.493189057783881
2003,1177.4715621834298,415.16100819341835,32.00266668016012,India,Potatoes,21.33172945512148
2020,655.2811435303561,4449.797491389796,15.349043271019884,Brazil,Soybean,2.361442670844968
2013,844.1522296913116,2895.7501807441686,34.30105235441559,Albania,Potatoes,18.363710394062355
2024,414.3921970963255,4753.61610165888,13.569621253489117,Brazil,Potatoes,10.256166494067442
2023,2775.72382602338,749.2246764346545,12.528129704541456,Australia,Wheat,0.9091337080300997
1992,1685.1499263311293,4967.889346773043,12.805288481181822,India,Wheat,2.430047847307419
2015,1310.8775195356711,3224.9216011886874,24.328198081814115,Albania,Maize,8.752504403679524
2012,1698.0817957525949,2841.7960554105034,29.52436001795131,Australia,Sorghum,2.7507997156867288
2004,1959.2210397483475,2581.2453243193063,19.166679446865828,Brazil,Rice,5.811050254990268
1993,2781.260621434177,128.03532176058064,34.447399694653164,Brazil,Soybean,1.1367316676347479
2018,700.3402664016774,4698.799565832394,20.860503452958238,Albania,Wheat,4.203751354548293
2011,1027.5469961786093,3223.5324195424496,13.761213769330407,India,Soybean,1.4521432520778594
2014,2932.2101417635213,467.2161576514632,21.64916870465342,Brazil,Sorghum,2.925203691556767
2002,1239.3403626158683,114.55132976967923,26.975929135560996,China,Sorghum,3.214108987871528
2007,263.17262212051736,263.41035979138917,30.80564451260947,Australia,Potatoes,10.790636081288072
2022,613.4017793840446,3050.884859526881,21.46920724891482,Albania,Rice,6.007386317913445
2005,273.74836489594566,3073.9369203239803,24.840170651229187,USA,Maize,6.644744461298394
1991,2971.7847987780397,2503.339785989391,16.683617803971334,USA,Soybean,1.3862630733097259
2024,980.8383771754245,1540.7614450582282,26.14791316013785,India,Rice,6.191100478212104
2023,2785.919719421433,2663.3962307570605,34.64929859875859,China,Maize,6.283448322777678
2019,2988.4815721272043,2586.3460861725266,11.226339314694847,Brazil,Soybean,1.6103969544308467
2002,1879.5554192007198,106.88364378406247,32.163266767629196,USA,Rice,7.344530700672083
2002,292.9496821835729,1419.5214593342153,24.05706256918807,India,Wheat,2.450302954425109
2007,428.4565650833955,275.39485392107593,16.302466489057498,Australia,Soybean,0.5
2021,1548.4493543020576,4501.772209723801,33.87224275023145,China,Rice,6.606995243798534
2021,1337.2816361521607,3628.863582297826,22.083857576472475,China,Sorghum,3.9677674344136977
2024,1897.2964561889494,4980.614699262633,18.29225629183464,India,Maize,7.692779155538778
2018,1428.7738671918191,1517.8346038933864,14.53744070677103,India,Rice,4.448411076671137
2018,2815.415177960156,4393.644380306982,16.11130525641655,Brazil,Wheat,1.9212507760559838
2005,1697.271203157831,3019.240796983084,30.821226039786065,India,Soybean,2.615278787160341
1999,2142.432972094838,2271.0957804489885,25.360250232929147,Brazil,Soybean,4.050597180610544
2019,2710.1587633989902,1120.639825330289,32.831140487207904,Brazil,Soybean,2.3432716524880988
2014,611.2412523329806,3694.5769047778526,15.799211303944645,Albania,Wheat,2.8595431742049815
2009,843.25703153188,4521.662337032457,13.028464346222536,China,Maize,8.631390959406376
1994,500.4922493272422,1184.1889063961,10.15218827438975,Australia,Soybean,0.9042384843483866
1990,590.9875178437544,885.1977715183267,22.696550940399845,China,Maize,10.428263603340195
2019,1635.2351074158528,3484.147355874286,34.95767325954971,China,Rice,7.15592719595327
1992,1099.3019251088992,4885.09608200034,27.374131720465975,Albania,Sorghum,3.354208130944162
2003,1384.8839506749136,3752.2759545093495,17.709864799128653,Brazil,Sorghum,2.3553383153378515
2019,2950.971529023373,1430.0578878477681,31.92146457565429,Brazil,Maize,5.841002713526043
1993,638.7721738286547,2105.5775664974503,29.543056649698993,India,Maize,8.546834996910327
2007,1714.2737982346116,1927.7450009372749,10.385379151913481,Albania,Sorghum,0.6234458409165023
2014,476.8392341502227,4261.954140054757,30.42151201352556,India,Soybean,1.923865109742546
1990,1091.78967713886,3859.140186572397,17.5131689309624,Albania,Potatoes,18.97407054758307
2004,1677.0725862888762,2948.9874194599856,13.741836614590028,India,Potatoes,20.577120867206443
1998,2850.5688887029455,1382.0459608805472,15.658270993426864,USA,Wheat,2.4139499016952963
2004,1295.4390195937524,4690.562753333061,21.714495109378475,China,Sorghum,3.598512161060854
2013,381.7387494010755,3270.0429715980417,20.621698176700278,China,Sorghum,1.4149014040997858
1993,1286.8520542888873,4852.678465744494,17.22218248435567,Australia,Wheat,2.9351563012857325
2001,608.0752924471376,2904.7839948797337,14.305458055175817,Brazil,Potatoes,19.457229315345952
1995,843.9709172160468,4107.751864234434,29.05576974105423,Australia,Rice,5.748919807318389
2013,1930.653744861973,4067.3958431786887,34.752744593372924,USA,Soybean,2.6145745194851866
2000,388.78682537030875,1693.2705963996245,29.44478951049226,Australia,Soybean,1.3291198799390098
2002,1501.2265175001046,4820.463407556568,17.39842419178853,China,Rice,7.604848582301363
2023,1906.4924408301404,119.48792331184431,16.120224035303334,Brazil,Rice,4.984841305605265
2014,1381.2034986289914,3845.867434749397,15.441646901648456,USA,Potatoes,25.021963547410568
1996,253.553781746445,4828.129857962579,13.417376862225908,China,Wheat,1.1242562735404484
1993,2959.454199328023,1701.151934385777,23.783263742307533,India,Rice,5.722425633547486
1997,1227.9241485534988,3244.07183307695,25.135009298833605,Albania,Wheat,4.0494500515823635
2009,2380.0161234131474,2815.494016722611,27.63756651657843,USA,Maize,7.438388063253599
2018,1111.810178124869,3809.9214752858534,27.0053342733417,Brazil,Soybean,3.808114774239992
1999,1530.0469195815726,4332.227829008812,17.308332782084562,Australia,Potatoes,21.448637384320666
2023,1287.6981993107902,3019.1924008047445,18.257775134921165,Australia,Soybean,3.5742616647222274
2015,1159.1098426269016,4081.36388604347,27.037863386058447,USA,Potatoes,26.645440806808
1992,261.18385618178047,1568.3050236873835,18.736191019590706,Brazil,Maize,4.531612297962468
1995,1208.05862599261,1150.6494229370362,15.315579740482825,USA,Soybean,3.1243939700597516
1994,2690.571973118684,2159.0317707688723,19.35840384241849,Brazil,Maize,5.569273055138254
1994,2133.101348062314,3391.9056319081083,16.80210393944944,Australia,Potatoes,15.356254928773454
2012,607.1840054672316,944.3622752042309,12.207818030464445,China,Rice,5.9479508544115145
1998,1855.2340129436698,3404.9574388379383,30.75347255691634,India,Soybean,2.73820422392331
2024,2698.24640785684,1976.5273063746158,31.32778472892591,China,Maize,7.292633648680982
2009,2160.0953147015953,3979.9206167242332,15.493757504171986,India,Sorghum,0.8089686044375082
2024,616.3162985987508,193.81072734548349,11.619304988130043,Australia,Soybean,1.2720506591739498
2007,2629.9309908565906,3343.2333627686785,28.47068593377949,China,Soybean,3.5181146352082906
2006,1044.323237208823,3252.6134598833387,15.288215646585343,China,Soybean,3.037603133469842
2013,1471.413204074557,4705.268025865319,19.835887235921504,USA,Wheat,4.864489241291347
1992,1673.1997271296098,3569.7040922847114,11.603381305934581,Albania,Maize,5.980671957225169
2021,2581.4184922589466,3983.546463152173,15.656739618960879,Australia,Maize,4.554385322843191
2024,2808.500986413451,4523.90916910731,29.822556958240895,Brazil,Soybean,2.448781529833277
2002,2803.028057813557,3378.509072277019,30.109911172880047,Australia,Rice,4.85902860470678
2014,222.2717075799138,1457.8666384502733,15.17712062219276,Brazil,Soybean,0.5
1998,2781.28775963928,4350.171259921775,18.397846127667236,Brazil,Wheat,2.523433687098786
1993,352.2835048044025,3740.414816185116,13.35596047734359,India,Potatoes,9.667819183777146
2003,944.166239088819,2127.9436439644583,11.854315757123059,Brazil,Wheat,2.664731053038958
2023,1641.9659932379323,3555.5405715233105,34.804292861210236,Brazil,Rice,5.5539213997238015
2000,1543.7919292123033,4339.767497133899,26.389848781120982,USA,Soybean,4.583659396357115
1992,1893.1874228846975,4878.504135642444,23.552412729957968,China,Maize,11.79993681619381
2017,1542.4494404636164,4762.234004755686,29.13746251013249,Australia,Sorghum,3.449254259006789
2018,2816.251902993178,1633.3858555530662,31.001928992193104,Australia,Soybean,2.3230298135920755
1998,873.5367750008436,2114.251631453727,30.167869201118187,Brazil,Rice,6.274578060783734
1992,967.2691433077604,556.5876588370827,10.413486232246916,Albania,Maize,5.810841687380309
2014,2778.0662199405574,1245.2459922200494,14.670197454762462,Australia,Wheat,0.9926128426003774
2023,414.87063848671744,4413.281830349882,26.372632552945777,Brazil,Potatoes,12.242407310340063
2001,1906.7703013334676,1810.6411321340013,19.393983695099074,India,Potatoes,21.44549135252296
1998,2108.86066578371,3106.5577663884565,34.56206627652767,India,Soybean,1.0895983336710215
2004,1615.5168256032705,3333.168435352096,26.63511981595635,India,Wheat,4.710972600657521
2014,2143.8492607047842,3911.328082965127,33.91372271823016,Brazil,Sorghum,1.6466970012423112
1994,683.7130088335075,922.1721509256985,15.036162041144845,USA,Sorghum,2.097738650820538
2000,2587.3702517603115,1531.0175417260332,31.598925702875576,Albania,Rice,3.3397197492616226
2023,592.0719305156797,2247.198343876321,18.033807645380634,Brazil,Potatoes,20.58236310306831
2013,1322.2748440840992,1830.556895578985,34.73912020594517,USA,Wheat,2.8143275362432476
2004,410.72128366297625,4914.697111969852,13.942216801828682,USA,Soybean,1.1229188934304122
1997,1726.5910206887204,4176.354608036425,22.908495470958165,Australia,Maize,8.785703869586106
1994,2075.28826079179,2403.6369055562254,29.821113345928048,Brazil,Soybean,2.2488247492068507
2015,2835.4205782668137,4397.550444171475,20.816062015100897,Brazil,Soybean,1.8892771099894716
2007,2270.1413485088024,1744.788208440651,21.702101504691168,USA,Wheat,3.4609166078218547
1995,1715.0881660716232,3931.28333621242,34.65889488764353,USA,Potatoes,25.430366693948756
2002,2811.3276480769346,1126.1412345512038,20.632703757528834,USA,Wheat,3.3183234111565922
2017,1539.6231465144544,3863.887005679566,25.10180251497659,Australia,Maize,9.207215762298572
1994,1771.3758286768343,2287.7024819466847,11.363491516878767,Brazil,Wheat,2.1632494590174067
2002,1869.075877476268,546.4216117512893,31.0552520052565,USA,Rice,6.406019498573305
2006,1347.9432324823872,1373.5796482323556,26.20420122448859,India,Soybean,4.282915149802725
2021,2547.7515335843077,2017.3503738775873,20.10050257157034,Brazil,Potatoes,14.773003247364278
2018,718.4926287661656,3748.9716292055414,10.404238498862993,Australia,Sorghum,0.5
1992,1753.5581330405023,374.18374650744477,24.7917205148376,India,Maize,8.530107513296473
2023,2222.253117324143,3301.1395055122716,10.316445712104056,China,Sorghum,0.5
2016,2731.133281254416,3582.9080682548897,10.030090347725448,Brazil,Soybean,0.5
2002,2674.9715100159797,3273.0676359295,25.402464053733866,China,Wheat,4.163584090909992
2022,1624.4728104043975,3805.7414944561024,14.725426683363857,USA,Sorghum,1.8646836993538596
1995,2000.8520632573566,899.061393953963,14.797188742952383,Australia,Rice,3.6023085575687737
2013,1303.865661162043,2939.6457417645565,26.331789145818593,USA,Wheat,5.829975179013015
2008,1510.8977360645608,4706.313286547361,11.342429698484358,Australia,Soybean,1.4544228130895207
2005,2737.5442192045384,3057.813506324643,17.835139036863907,Albania,Sorghum,0.889133567914988
2017,2805.9711809389273,3060.5683712952355,13.735797553550476,USA,Maize,5.538814894201585
2022,2707.1593625876553,3684.8338141452123,24.504409244913347,China,Sorghum,3.0364219540534796
2002,587.4384130781871,1672.6891183080365,26.544128868184895,Australia,Sorghum,2.6621908880834297
2014,2580.2352597257814,3505.3747475944874,28.028396339976087,USA,Potatoes,18.522633973262593
2016,2855.4184468601447,4582.006828232943,16.380780422964136,Brazil,Sorghum,1.5277218093059433
1996,1211.4991448060932,64.36841039646154,12.2312437909146,Australia,Soybean,1.6561569572363486
1994,1652.209610380674,4351.864075133238,11.967091423547446,Australia,Maize,7.429484993472946
2020,2381.4667162763885,1100.905472981707,20.653788711268092,USA,Soybean,2.691399977585968
2012,1773.8187851838165,2285.0571357648723,33.64611022656788,Albania,Rice,4.416750533023757
1999,2981.753860777498,4263.215526753664,15.443225856175616,USA,Wheat,2.1425963844754103
2021,1475.9974224391194,4121.321516008578,16.418540033538733,China,Sorghum,2.5003343530191944
2019,2199.0395913806574,4460.718115849018,12.522220052646473,China,Potatoes,16.794631463886084
2020,2419.255192550324,4702.679795236305,25.139256847348257,Australia,Maize,6.930447758699997
2007,1583.4811641236304,2241.3132142910754,26.99682184867937,Australia,Potatoes,22.00095082868574
1991,2599.554655991852,3285.2554158970247,26.073280204019,USA,Potatoes,19.13526190948159
2003,1729.23285538015,1958.4874182252724,31.528256076119533,China,Potatoes,26.098945151120954
2002,1352.622231044568,1760.0764202859075,22.160645875651795,China,Sorghum,4.7141046615492534
2018,501.90628678545164,2163.661098882371,13.361426019176612,Albania,Maize,6.559574761215549
2001,1301.5580137811876,3717.949912565553,17.235128267610317,Brazil,Maize,7.937147491356254
1991,2255.0220732531957,2512.1893282363485,26.560749335533796,Albania,Potatoes,14.860200389736864
2021,2779.6019527043004,4072.157775497227,25.328049343538996,India,Wheat,4.478206582396547
2002,904.7023308088689,3728.640201208818,23.275078243574065,Albania,Sorghum,3.4163786589536893
2016,1194.6594485254072,112.18752101075265,27.074110467217178,USA,Sorghum,3.4890372763204955
2006,631.0907834923934,3154.8884039597465,25.934771259332486,Brazil,Soybean,4.2620332775277046
2020,2134.0241038411127,2188.4899053098693,32.0331222366238,USA,Sorghum,2.1710688794934323
2023,2888.527604027791,2288.5786558641967,24.650409436957418,India,Potatoes,15.819529404700877
2013,1994.6662155748916,4093.6815388107743,29.46503396751391,Brazil,Rice,5.980400008423774
2024,1927.8142840174337,2742.563850562537,16.217678899161697,Australia,Potatoes,21.189582343341293
1995,1749.771805401215,4429.252899060146,26.9545646147267,China,Maize,9.677151306991552
2008,447.6760739195023,3566.899906034535,32.554852959566894,Albania,Sorghum,0.5
2019,2242.610714002274,2768.6716437326236,19.64330819749583,USA,Sorghum,2.116782315284313
1996,1885.7387219381822,3775.1445009940076,29.477604683466165,India,Soybean,3.543141800799865
1999,2052.1349527976035,201.36176411778243,28.119732529885884,China,Rice,4.722740121903648
2021,2716.6710604767804,145.1474375927566,11.488154921795562,Albania,Sorghum,0.5
2023,2395.09020377085,425.9131413350518,24.537707740601807,China,Soybean,4.147254846487625
2017,2386.562706032673,2193.450972484242,13.25473373002006,Albania,Soybean,0.589956832930733
2004,2796.1145528621732,1184.896226678446,34.182979305764775,Australia,Rice,3.786861314519844
2019,2971.817864096399,4921.463859134765,30.285187567516406,Brazil,Potatoes,15.07198364925485
2018,1827.591649490967,2716.0277936667208,12.743095031178003,China,Potatoes,23.939025269786832
2011,504.86852488726413,3315.454572944981,13.04379994119196,China,Potatoes,24.838529482960116
1993,1485.5637417712219,1401.3124798710164,24.861846372815474,China,Wheat,5.799295938104483
2009,2405.2832100926043,1615.7665738521678,18.622229354329583,Brazil,Potatoes,14.50105704155934
2021,277.6309093331777,1683.954951564368,10.872646476827732,India,Rice,0.7455835426567735
1993,359.2848273972174,3496.6911687,23.541037695826326,Albania,Wheat,3.0584910778797916
2016,388.0417906718997,2373.7939763696495,19.696127492146175,Australia,Potatoes,10.86558118699029
2006,2246.9001233192703,2593.2414261250715,12.526912309293566,China,Wheat,2.2055993067980464
2001,1603.2665599768818,2964.094880975133,30.048009806399566,Brazil,Rice,5.751037905665673
2011,1232.914241857662,3846.3701646287027,32.876919131970155,India,Potatoes,20.835785501210303
2006,495.7277267328608,460.94504507726595,28.91484835035325,Albania,Maize,3.991098937098907
1999,2250.2727005764896,3886.60082197192,30.560557750406932,Brazil,Sorghum,0.6506752192219933
1990,1098.8554695425191,2820.5429936871474,15.412264181652933,Australia,Rice,4.348346127375747
2011,942.9073961810681,3348.786269827733,16.589323772965024,Australia,Soybean,2.6168638551232055
2015,2026.4937643499427,1644.4833065554024,15.213188507479693,Albania,Soybean,0.5707733907752416
2007,1765.230499271157,2052.840315714081,29.1265857841391,China,Rice,7.974346823028818
2003,1214.7497970772447,1163.517440073062,33.69792697336243,Australia,Soybean,1.6603572681764378
2018,1996.1649182556466,4896.706987112852,27.920930168347564,India,Rice,6.723267615097318
2001,959.4202570755309,2490.04483282648,32.0366691219889,Brazil,Maize,7.095578441051225
2024,2425.524732492115,4980.423809825023,25.967477372079316,India,Rice,4.856125580249065
2001,842.093060861431,2454.032030525719,19.691497513969978,China,Potatoes,25.196405375035056
1996,644.7455470696439,1106.558809276496,20.64404037325763,India,Potatoes,22.43051869495894
2018,2390.8303465968497,2542.187459716915,11.88303580418512,India,Wheat,0.5
2000,2182.097685954213,207.58190327739823,10.786429881150653,USA,Soybean,0.7232727178245706
2022,711.3891319650356,4524.801309095537,27.386890104726934,India,Sorghum,2.380081401311504
1995,525.4881075318264,4094.5657534602615,20.960722300279514,Albania,Soybean,3.8728125282850736
2004,2547.517447762738,3631.844398264481,23.805376701365738,Brazil,Rice,5.1716051084221935
2021,2374.4757501507265,3053.0353100578754,23.941531190560408,USA,Sorghum,3.138003735292253
2000,1116.32064635906,2903.372826015112,16.934395333332535,Brazil,Sorghum,2.8227341738782816
2012,2042.9527429974266,4983.673788256519,21.897312770737265,Brazil,Soybean,2.6788799369382614
2015,547.6485223338702,1397.2071957594903,21.769005541692557,China,Sorghum,3.785734092434535
2023,1619.7334453334988,3900.624983174234,19.710680530696425,China,Sorghum,3.3814561705563833
2023,252.44481776917564,2911.2098033661505,30.516884585026762,USA,Potatoes,13.977273618445231
2018,1296.4852665803553,4879.643913356837,21.2791000921899,Australia,Maize,8.2342509484574
1993,409.55990011993424,4140.73788465828,25.091113112649694,China,Rice,4.611077261670386
2006,1530.412104439271,4992.640313818068,32.38800300952065,China,Soybean,3.9733627345536475
2024,1380.7086111881042,2945.7417223676075,31.65584057147306,China,Potatoes,25.60694112838587
2002,1444.2780745865568,1030.6743481492258,32.26055509447913,Brazil,Wheat,3.2377139411593547
2004,326.9276457343834,2523.3983081167216,16.75012491162535,USA,Sorghum,0.5
2018,1212.5257555891308,3558.444558912367,10.87456220770157,Brazil,Sorghum,1.6328055732534035
2018,2318.1547774797664,3874.0583270461248,16.52666999738323,Albania,Soybean,0.9077227441920162
2000,1232.9602453901364,12.544845189558405,16.967683640517716,Brazil,Maize,7.817455649619643
2021,2202.481467306826,2530.0851716264474,32.734008168124205,Albania,Maize,4.692895362786826
1991,1234.5404261744532,1183.8205540535264,26.231068320949266,India,Soybean,3.310928404991408
2003,1385.070436172522,4375.810047941394,12.042598990055719,India,Soybean,2.3038613087001902
2009,1778.897915921945,772.9981658106404,13.384464900277528,Albania,Potatoes,17.936741778446937
2011,2861.9094230598307,3335.616685378419,13.891903138549385,Albania,Soybean,1.3716889362844933
2000,504.8092506106345,1337.6503297213749,25.76054370422308,Brazil,Wheat,4.5166577672242045
2016,292.1585522512863,1789.1452946392185,28.385350637675078,Albania,Potatoes,10.849458090735022
1992,1902.2801146681265,4703.390711176656,31.491097764134903,USA,Sorghum,2.2033294687744127
2006,2857.471848999594,1209.8361457863166,33.515913770156075,India,Sorghum,0.8016626356476693
2017,2971.224771153202,484.063781496424,15.042613934661045,India,Sorghum,0.5
2018,1555.659892697605,355.7316582066869,17.744312118101227,Australia,Sorghum,1.9553196906740005
2010,1510.6285390382757,2528.029399396316,16.008072018620766,Albania,Rice,4.769299817052824
2005,2005.8985580865492,3212.140296598597,18.969039186653443,China,Wheat,2.735267994676583
2009,1755.7773201739155,1643.195281418727,32.866627685593734,China,Potatoes,25.62884582734463
1995,1975.4465613195307,3454.396111547473,24.37781417348404,Albania,Potatoes,19.654641131842492
2008,2647.1983915061037,314.5582556804566,28.45479743311248,USA,Sorghum,2.919375985728307
1994,2289.657274565306,4288.099878165155,22.25298090316955,China,Maize,8.203666372135805
1992,1591.2566967230275,4084.670376598797,10.721447833403113,Australia,Potatoes,20.066814689261545
1990,1493.220485200475,4927.6263942465075,11.604887149945359,Albania,Wheat,1.5340236843920736
2004,1990.8848958367248,4683.159854700209,23.448075781697142,USA,Soybean,3.669485449965028
2023,1475.977596376833,1787.423847955451,27.969725870500643,USA,Wheat,5.351592823222067
2024,1481.7821835437915,2002.3841662377301,15.383263188218287,Brazil,Sorghum,1.694164935921063
2014,245.65652500221347,3732.364588916515,28.0477393498076,USA,Sorghum,1.4725089170053651
2013,687.3795847404635,679.0730320553662,30.26664433708781,China,Rice,6.914641609771463
2001,1567.8381919881085,1576.933404121726,20.29743695905278,China,Potatoes,26.544893614923158
2007,2503.4296853410337,601.5192755084848,28.660480821102624,Albania,Potatoes,13.419289718344311
2004,980.4356188359476,2279.8833808734285,20.1007487582115,Albania,Potatoes,19.440920244185982
2005,1663.4016127672173,2764.501356627735,26.9587657363755,USA,Sorghum,4.073474801543044
2016,1165.8938373258502,1063.6907451141344,29.099926232988576,Australia,Potatoes,21.349842903860694
1997,493.4511707108493,142.89211770138397,34.798165457702765,India,Maize,3.411086443924429
2014,2883.2357525996417,3599.5856004351103,18.634916551589903,Brazil,Maize,6.35254852866756
2006,2593.0868367008447,109.82577048658086,20.276019514365288,India,Soybean,1.942616117574374
2018,419.77878850733794,4867.279018552497,14.140501485254283,USA,Potatoes,12.531034611479349
1997,2215.404334911197,1115.8202111445532,15.101826460045173,USA,Rice,4.442309785964931
2004,1173.2237322010005,3322.8614596602924,27.334875064959444,India,Soybean,4.247590521540822
2016,2985.579459773019,2179.411113937546,32.926139753861904,Brazil,Sorghum,1.13528188177222
1996,1046.7158555211377,307.77256308216494,19.865123791531012,India,Potatoes,21.10696813846341
1992,868.4676470152798,2366.1961971059927,14.49611117088853,Albania,Maize,5.098872048547332
2018,1790.0935352551346,2588.6355651410304,17.12748748457485,China,Rice,6.349456662549366
2013,2538.3532573609714,4274.869208383414,21.376292620203465,Australia,Soybean,1.9236398222220124
1992,739.0528410954344,3664.4218575430104,17.26625823413421,Albania,Rice,5.145899080586493
2009,2186.3277552141276,405.71934901939795,15.839477078046656,China,Potatoes,17.546350110680795
2004,371.9384327951407,1053.7217903270027,28.39961221892699,Australia,Wheat,1.9266183687092617
2014,2773.0172807093923,1566.3195442325891,10.19612303101558,Australia,Rice,2.20255258152079
2019,427.0097652124366,590.8743554594491,23.48076318341208,Australia,Rice,3.1802291203676596
2003,2759.847853763655,2289.926363863308,29.844170175743848,USA,Sorghum,3.074625135218324
1996,1574.260298467568,4921.702862404052,16.655707157936703,Australia,Maize,8.205319038481615
2006,1454.6551158285756,2577.9178282764306,25.082287765300435,Brazil,Potatoes,23.185352095639704
2009,2925.259822601054,3711.9920199326148,26.722502640465446,India,Rice,5.208187752773913
1998,2973.0756975550134,3417.859610519737,26.375617410127248,Brazil,Potatoes,16.116990576825298
2011,2020.4987526908335,4251.0580611097685,21.146240854967942,India,Maize,6.854370742216046
1991,555.9340171997358,1086.4602174233912,18.66444969689448,Albania,Sorghum,1.71198653045311
2013,1617.276239834567,3771.5930458482107,30.898101825695335,Albania,Potatoes,18.596551038073358
1997,1681.6566826758549,4407.96264912569,28.961148924996607,India,Maize,8.126584193306503
2000,1640.4499987788672,865.8340166714113,18.031379335347815,Brazil,Maize,8.005953876169718
2002,1794.5771478560273,1740.5430767421387,12.575479861055152,India,Soybean,1.3571697167634373
2006,252.42919862429386,4850.807804014492,11.79518863613673,Australia,Sorghum,0.5
1997,2191.4363881174068,3906.1313514391645,12.3568994474734,USA,Sorghum,0.5
2010,2194.7040454683665,1420.1282543622865,24.57173402980107,Albania,Potatoes,14.917855957696178
2007,523.3153704980862,2824.06943052599,11.291554395724742,USA,Wheat,2.177073606576187
2019,1796.670438848242,2027.5873530188992,18.42317187410096,Australia,Soybean,2.4493085946166597
2007,1791.4113108201689,2454.926229872378,28.829992547855735,Australia,Sorghum,3.5328980204831253
2020,2110.8611765331207,1782.2792950396354,17.35870416288445,Albania,Maize,5.19621045351574
2021,439.11353797822704,1403.8617824663995,29.082701929503244,Albania,Sorghum,1.3530008689455952
2000,1954.2092603450699,3377.0675765431797,28.636675955176383,Australia,Wheat,4.216749554935588
2014,986.1054620897553,3894.9236572797263,16.14567831583041,China,Rice,6.297040143059769
2022,1619.6083733892815,4371.046042509251,28.220554502318638,USA,Rice,7.308586586688396
1997,2365.305947571415,785.0965369177584,28.69441595680252,USA,Sorghum,2.2933499400304784
2000,2175.808621816437,4116.04906298975,19.936348141675673,China,Sorghum,1.5265871380474312
2011,532.9284494983815,1281.456114140547,15.260512093537955,Brazil,Soybean,2.3861533140577094
2013,1855.317403925005,2142.408585651153,23.031770172296728,USA,Sorghum,3.9742772287582167
2006,2913.526286634068,4508.203992387741,33.03493970000491,India,Wheat,1.5469952225717412
2001,638.9544245380064,2277.972968903184,25.99041831080155,Australia,Sorghum,4.272831305671817
2021,2588.1398456311617,993.3470348811378,14.323062440681529,Australia,Potatoes,14.513173657049036
2004,2167.1346255505755,807.7445896332179,27.068923118338,China,Wheat,4.106910436137019
2005,2367.209276147327,2370.188995594148,20.680075682045864,USA,Soybean,2.640902513101169
2011,989.4833159994073,3815.735395643005,24.788219933884324,Brazil,Potatoes,22.369336484150914
2017,1006.0890022635589,4986.053668431763,28.3516008755777,USA,Potatoes,26.469096188335914
2009,2736.854476174167,3939.1690558702003,22.87368378786112,Australia,Rice,4.8650768865699785
2022,1207.5296898591641,4386.289675124839,30.349599364332715,Albania,Wheat,4.110353865984973
1999,376.44309393986936,3741.683481065091,28.053889482915693,India,Potatoes,11.698706225779922
2021,1881.6707700224601,4478.221152772969,25.376833500462766,China,Soybean,4.712713256812788
2022,549.4894733171594,390.70478113642713,13.769820395808788,Albania,Rice,4.309615939733236
1991,2430.4694759421427,4650.358678918411,30.898727772789208,Brazil,Potatoes,14.610176541544762
2022,1996.8900390029607,1988.066707091024,33.3976396329954,Albania,Wheat,3.122391580369783
2022,2649.234214619383,4608.854974169419,13.424128095232371,Albania,Rice,1.7762673025770055
2002,2397.544299391379,387.9068589227831,22.206028235835763,Brazil,Wheat,3.2586649740830422
2019,513.9182153469492,3579.062356034468,16.472218549262614,Albania,Wheat,2.3394637076226807
2022,1266.9978940163824,3681.0868558643206,28.863082685639114,China,Wheat,5.156237283905452
2002,2368.7686997608444,4984.585337595886,28.0407409001175,Australia,Rice,5.071238597771074
2015,1368.556125145712,3846.5878007421707,13.522128014259968,USA,Potatoes,24.593896284886878
2011,2922.623357383939,1919.0427920198774,31.92568178154093,Albania,Sorghum,0.5530583054856653
1991,2260.0732597016577,2790.6702725765413,14.524326599450056,China,Maize,5.533197465621111
2015,243.39976673289885,1839.0891814512852,29.931475641202688,USA,Potatoes,13.425253767122996
2004,2663.959936370342,988.133040071242,21.424508990700122,USA,Rice,4.44223979345937
2023,482.25339763196126,1250.0266142363448,18.20680733895378,Albania,Maize,3.881686386387231
2000,593.4664277042405,1117.8325660288615,13.955981566855337,China,Maize,8.75725215969437
1992,2256.578721710943,2748.5884975144327,14.190356403665735,Australia,Maize,4.066272585248467
1995,2621.9119664053446,4531.741566314147,26.547263867522506,Albania,Sorghum,2.9993387671093226
1998,1701.7789581187567,4564.505864181104,23.760759698678015,Brazil,Soybean,3.6728021196920704
1995,1009.3392522481817,283.2712498538693,13.052135541280817,USA,Rice,5.938209797166488
1998,1183.6835267088916,408.69801074994865,12.81744651095813,Albania,Sorghum,0.5
2020,1160.0901228689568,1233.144095289994,11.807764369319786,USA,Sorghum,0.6683294456268254
2021,1114.6986906666343,1282.74666782268,28.594183684338603,China,Soybean,3.576819891985666
2001,880.1470811006194,483.496984443863,27.79705213073223,India,Maize,8.325499918783008
1997,1904.8278649618526,1948.4320724554682,11.46077477136438,Albania,Soybean,1.5850680580880572
1997,2721.134891982188,2942.749709529523,24.006751889924324,Australia,Soybean,3.173988924349043
2017,1059.8307566333551,2895.0293809913237,12.116903881067248,Albania,Sorghum,0.8620381342402761
2009,722.7440328919538,2721.7141094803774,32.593644265223546,USA,Rice,5.791726560390452
1996,2548.0174658399897,1699.972905188611,32.67793547950331,China,Wheat,3.311403761115111
2000,2276.9933264911692,3535.2138697297373,27.45582474532825,Brazil,Soybean,2.829215494454595
2009,2806.3436883677496,4134.154865495546,33.15472303598625,Australia,Soybean,1.5257105608123358
2005,663.4552596937469,1737.908589722268,30.286325760342265,China,Maize,10.441997050332027
1993,603.9036795264562,436.82144290431535,30.713464398176235,Albania,Maize,7.705146040281721
1995,1716.0023040539907,1488.687952948364,24.24269626424833,Brazil,Sorghum,4.091150474127015
2011,1920.4142335382667,695.4695863287649,17.651479955404398,China,Maize,9.294053949020862
2015,1544.4856372068507,2342.1200488636323,15.444977877910539,India,Potatoes,19.975219228911993
1992,1877.1065817068513,788.1164050672305,18.18000055097323,Australia,Soybean,3.314007261010839
2003,705.0633528501997,2319.5953407133065,25.712385752226552,USA,Maize,10.122474580225354
2000,1542.9185116594333,1112.8044326999923,14.316413395809974,China,Rice,7.107687891041462
2007,2042.6591706310699,3696.2682162573906,16.46600591593304,China,Potatoes,17.91796843108436
2001,1411.5780578963704,147.56552177086974,21.70152156988661,India,Sorghum,2.3599134903764454
2012,2102.452540286474,2778.1840561213085,15.826252463115388,Albania,Wheat,0.8258118484753392
2001,1463.335585550751,855.7464918510829,24.71609174290154,Australia,Soybean,3.4920730398537385
2002,1134.0788263583763,14.94940370343907,33.07940071140825,Australia,Soybean,2.442772383237157
2014,1050.0941318438586,4347.308439443387,28.70223414257816,USA,Rice,7.595234120652453
2008,1350.5257651680465,3360.9236611921974,26.660665353722827,China,Wheat,4.7359192728679975
1997,264.65094351016234,503.7246820321118,24.568036899594468,Brazil,Wheat,2.446580141466625
2018,2071.870387649118,3323.7211147424396,22.19869773142662,China,Sorghum,2.041228906954993
2021,2566.295794744733,3062.1201903606166,14.664096490866493,USA,Sorghum,1.5088296684198115
2007,1192.955864440732,2372.0498683455844,32.36776138567164,China,Potatoes,25.287747653364807
1995,328.89278119681194,2102.097911143814,16.213400050320907,India,Soybean,0.536037093728553
2007,2962.9716726795614,4436.478116949517,12.282721939454019,China,Maize,4.912381097976032
2008,938.3551152629875,1233.2886192882818,28.75037948071738,China,Sorghum,3.4157588070616445
2011,554.5391407341644,1997.5671844967826,14.39038835827916,Brazil,Rice,4.650723020735059
2021,1235.3070223244783,1652.285910345188,19.2973999885294,India,Rice,5.988869350679706
1992,2267.959713773959,3858.2931348928014,10.707123207274494,India,Rice,2.437845596514074
2017,1022.9664712935839,4583.161878100372,13.426698563511202,China,Sorghum,2.4628878923165507
1999,1809.1689709745658,4250.41067671375,14.330090768997803,Australia,Sorghum,1.3414801885858572
2024,1363.5679844239983,3990.542612195845,11.360253193754449,Brazil,Rice,3.3564415403908314
2018,529.7391783745318,4934.081828394714,26.41642391557113,China,Sorghum,4.59746788183305
2004,1124.8036349779086,3488.751306547822,30.92519489507793,China,Maize,9.314824052149756
2022,2229.6374159993866,3757.7584181555335,19.332885159148525,USA,Maize,6.404710704017873
1996,1913.610912528048,4914.184673128045,31.864411917955017,USA,Potatoes,25.430563574114533
2001,535.3794636739708,44.88401914187867,15.333664364003162,Australia,Soybean,2.259173973757829
2019,657.302747200064,3173.9013984174617,18.13476058903099,Brazil,Maize,7.564685507710258
2010,1994.0534060608472,3697.4679444469148,13.76842482577921,Albania,Potatoes,17.69512232161246
2020,2477.563160098433,4589.956998248403,25.513979885474967,USA,Wheat,3.963283052905862
2013,1178.528588682874,4420.38307787987,20.49673977175767,Albania,Soybean,3.692328521831706
2009,1866.8701051616604,4211.383799356634,25.332083671047467,India,Maize,9.149533421489327
1993,677.8020485058948,4729.4984469891015,29.041872634854588,USA,Wheat,4.410733346090535
2017,1071.8537433349068,2691.5221476894008,23.64257540082371,USA,Potatoes,26.044535083447947
2009,256.75657588454726,44.53127696828552,25.6907588725447,Brazil,Maize,4.727326110484779
2013,2351.1726538386633,65.16144949807753,33.38125785985832,Australia,Maize,5.0522822930150815
2021,1322.827495364307,2727.748887533112,17.476607740221077,Albania,Sorghum,2.1028915540363293
2023,2485.1516062310707,2182.008471931067,18.97909846584883,USA,Wheat,3.0823219569638076
1991,2183.4443888636333,2261.7128162935883,27.942584042733422,USA,Maize,7.056762502674806
2004,2520.4839440397354,2008.0196386780847,25.282637926384666,Brazil,Rice,4.911771871948532
2023,999.8442748320717,4589.451787365266,14.46332261349287,Brazil,Sorghum,1.9812051499724213
1995,718.3044451979667,1802.2600523372516,19.403682750262256,Australia,Sorghum,1.9825581421226464
2001,2921.3359114246773,4282.572439397785,21.695950328117874,Albania,Maize,5.2844405002110815
1992,2208.5178037144346,4515.295321020288,20.48474594920973,India,Sorghum,2.2164529846581966
2007,2535.318350194677,2502.5138322947846,14.456870208051019,Australia,Soybean,1.5202872827746616
2010,236.77344638781443,2240.220806451791,33.110752294606556,India,Wheat,1.0671306554964584
2004,1192.4925368284823,3807.4928150350797,29.057969042349395,China,Soybean,4.015052226407251
2022,2279.8867336165285,3542.777823123013,22.033895802696307,USA,Potatoes,18.354367620755763
2024,418.3519323719533,1649.3902318150676,27.001525707670915,Albania,Soybean,2.1229531719824783
2015,1788.5518027930198,521.7151483639864,32.43206680338805,Australia,Rice,6.085928315210282
1997,1401.4037488740091,1331.613476910577,13.40435355903928,USA,Sorghum,3.2831926067738273
2019,249.32621999510042,663.8322440033719,16.259326267674442,Albania,Sorghum,0.5
2012,860.7316159344639,1480.71405612569,23.567531181416125,Albania,Rice,5.993114152593998
2003,997.4175693867998,1316.4896122481873,29.975259283808967,Albania,Sorghum,1.8742170064598949
2003,513.2078497697029,3192.1800051947007,10.906372386038184,USA,Soybean,1.2652846486395273
1991,1968.303347279449,4772.935181989351,34.60045375490901,Australia,Potatoes,20.591935185363646
1994,878.7140535052893,3431.861224329113,21.37266507205993,Brazil,Maize,9.65676004292002
2003,977.3345989342874,4633.980546242203,18.980778515543076,USA,Rice,7.773631181979479
2014,2715.0680749604126,3922.8199704561325,17.3181109459943,Albania,Soybean,1.9556453707829655
2009,1507.9446595407906,3642.1093341351543,14.358917691271792,Australia,Soybean,2.2546145872169796
1991,1297.9588115139625,2076.1690816645737,29.789347723250696,China,Soybean,4.223830096851924
1995,2226.8389072812083,1630.7245692882095,33.885354118652415,India,Maize,3.7809251547536533
2006,2746.918631272154,4232.924088639867,20.341118871134952,Albania,Wheat,2.747023290735999
2014,270.10174146484275,4527.912232315736,33.81051736883641,China,Sorghum,0.5291380946610986
2017,1455.06877035511,2264.8936433181507,30.594940385875855,Brazil,Sorghum,2.2164344747576976
1991,1910.1877970182522,55.224859951355626,22.02627818690796,Albania,Potatoes,19.245095111206368
2024,1091.976674752771,3964.7299839432876,26.850654478153317,China,Wheat,5.145639120846066
1994,2362.741621945077,1432.4935139567353,20.874604479261574,Albania,Sorghum,1.3394965879011262
1990,2920.135796756767,59.34044643443448,23.968085205313812,USA,Potatoes,19.20555320876834
2001,2841.596625500793,4026.8929092908493,11.451158425462594,Australia,Potatoes,13.426142820334178
2012,944.7511102638373,2591.896802196322,27.406586882513327,China,Soybean,4.581870650682089
2020,833.7471796249608,3429.201624228961,11.320616112103417,Australia,Rice,3.5275530311959877
2000,2880.973486859419,4574.302207510943,30.427123672991236,USA,Soybean,2.588967781676472
1999,1484.1597648081045,2710.4574123891457,30.623673236513937,USA,Maize,9.282379635847375
1992,783.2336246371369,2520.9384221690393,15.926932188905365,Australia,Sorghum,1.5563009335300186
2003,2179.5914981651713,1460.403985527835,18.091569525895007,China,Potatoes,18.25437097102336
2005,996.3769069306164,1532.9172338553635,22.032759463957333,Australia,Rice,5.571332086714471
1999,948.2915301989465,3984.7449094879325,24.91657267331204,Australia,Sorghum,3.2866348211317744
2018,2661.897320617797,2250.655935473826,17.183841543549917,India,Potatoes,15.107221560919454
1999,654.9416294553296,825.9957809545208,24.812160115798125,China,Potatoes,25.99173308189591
2001,380.3002501054619,481.698532362473,17.444676830732472,India,Soybean,1.7868385513952143
2019,953.7220324807242,2369.8713831402792,11.387268026776518,Albania,Rice,4.208208225358897
1990,1899.4471559469707,2330.125567852475,10.063188745797724,Australia,Rice,3.7530795322457795
1994,544.6459895291575,3270.756808244926,12.528776447960714,Albania,Sorghum,0.5
2009,1520.4650823750226,2360.626713948252,29.806267504100454,China,Potatoes,25.92807174815478
1997,1956.5439091908954,725.9437636297315,34.035782809583424,Australia,Rice,4.398554765595969
2001,2576.463579260887,2543.9363951445825,20.67415498203048,Albania,Rice,2.845852680819264
1990,843.6348553663122,4534.879125391265,22.81709883624857,Brazil,Sorghum,3.0547409150839853
2009,2488.5697054718103,805.6126439848599,13.671204226835654,USA,Soybean,1.3618586400147012
2017,857.737531167468,3451.875658478967,23.775783817003926,Australia,Wheat,4.609718509929243
2001,2094.946315470994,2973.3577321779776,13.616372550174422,USA,Maize,5.495793372292388
2017,1405.8860001508742,3745.4427762918954,25.280358279970752,India,Wheat,5.392329812532152
2004,521.1074786602765,761.4953644036877,33.33146668952135,Albania,Rice,3.857966654303414
1995,2199.937695901176,4708.610631160913,14.892463482575991,India,Potatoes,13.832229654788645
2009,809.7353319372498,3108.622474558121,29.11409295142755,Australia,Maize,8.622612218136272
2003,694.5455928688561,4236.884977078773,10.587560570458102,USA,Maize,7.5142794011535585
1991,1203.3042000502728,1240.5677507643757,19.387431033040524,USA,Potatoes,25.03353248926736
1998,2029.2126853265538,3699.6703180958284,12.768712695762726,Albania,Maize,3.7862333977199514
2009,855.1901406137579,3907.3432146262558,18.811886039892485,Australia,Potatoes,20.64915933946577
2015,714.25230858928,1993.2020092115076,14.338422990972088,Brazil,Maize,6.981042346930162
2018,227.87015199742012,1925.9277298882762,19.332624753072185,Brazil,Sorghum,0.6947807789736105
1990,1520.600671884826,3292.403362478489,20.438070152688258,Albania,Sorghum,2.031766017139192
2024,1400.2075940825116,476.10433198347766,17.51477806952296,Australia,Wheat,2.160189677847306
1995,854.8296821846536,3680.7645095853695,26.415548736828228,Albania,Maize,8.117229199172352
1994,350.2260592271341,224.00493159866053,32.97130128147274,Australia,Soybean,0.5
2022,1401.9164488683434,961.0456025929217,20.01488435263181,India,Potatoes,21.262308861435347
2003,2406.9743110005675,3324.0773486344224,14.808578911875536,Albania,Maize,3.8711257439791544
2001,2202.789967716096,500.6350987888995,16.768068954899583,Australia,Sorghum,0.9612534096566127
2009,2610.2256916084766,4859.4920364691825,31.350020587409226,Brazil,Sorghum,1.4796029432036124
2013,226.83152559683575,4343.297085214885,24.290993081753697,Australia,Potatoes,12.373843704262757
2023,2905.974087052876,3135.248638709615,21.37527580767393,Australia,Soybean,2.1137146439705745
2014,1155.9543073568552,4097.0967037900555,13.740918037723167,Albania,Maize,6.705445743497409
2018,2973.1138290575013,4439.024442461943,21.24318270809455,India,Maize,5.1448572692146275
2020,907.334489684969,1304.7834913633742,16.962300083934664,India,Soybean,2.487892383329647
2012,1520.3018852190853,4248.5638238671045,33.579078196333725,India,Soybean,2.970028430287356
2009,1190.9974944108503,982.0209803516329,32.10175273539328,India,Soybean,3.0125672525779055
2012,1196.1300019840473,2072.5778981025887,12.09756354570495,China,Sorghum,1.2739464632463369
2005,2558.389876495004,2795.7155599305106,22.916337231531074,Albania,Potatoes,13.975954749478852
1997,2289.9730312645484,3572.315905739422,15.6264586378668,USA,Soybean,1.3909579113510397
2010,2978.0240186441347,160.40517543541492,20.269427238107266,Albania,Potatoes,14.007695154014476
1990,1917.8411116090351,1459.641969763163,31.92119995628641,China,Wheat,3.8901297106538415
1997,1497.1184923046076,3046.5103000698477,23.18786299721362,India,Maize,8.966238155564058
2018,452.20681625129515,1793.2697089541025,18.355382334268995,China,Maize,4.937844842429687
2021,2990.371974638799,3877.375027591172,15.197208852624927,Brazil,Rice,4.436797081521231
1994,1744.285828210392,3261.744284142074,30.00812148516223,Brazil,Wheat,3.959517529128068
2011,2161.336915132397,1179.6632540814414,25.61295038410868,Albania,Soybean,2.345529497767138
2023,1338.8786841356718,738.1856081657421,21.70163651065578,Albania,Soybean,2.405529623631217
1990,1733.6039829018605,3148.9444979993814,15.43710884657445,USA,Sorghum,2.312252417595103
2015,2839.2176493000843,2257.831965246741,18.356159353928284,USA,Wheat,2.837819106028351
1999,665.9744262084877,853.0956350955798,33.99608566846297,Brazil,Soybean,1.2829352612325378
2019,1018.6432361247129,1638.607284538703,23.00224844014586,India,Rice,6.213633209457457
2007,625.7672377784905,1522.203274109747,20.01748203108132,China,Potatoes,25.918601218306495
2006,2418.204530653369,549.5785419734817,23.035551058708098,USA,Maize,7.336480857602052
2015,373.7267291811228,2739.076006133488,29.474712647490218,Australia,Wheat,2.385156410277983
1997,428.56861958374725,3820.606683223645,18.50272341257172,USA,Maize,4.0937877706979195
2001,1035.7835158046323,2881.5797753764055,14.467653023315222,India,Potatoes,20.630294061115634
2016,1639.7269065788316,4133.193911037388,24.623402958476195,India,Wheat,5.197977844735053
1997,1337.5694415668422,646.5670506050022,26.63010258702668,Albania,Potatoes,20.275888837578954
2014,325.48566987826035,2183.7031705328973,27.81795007396374,China,Soybean,1.5579435553588152
1993,2880.9763620386643,3050.981367253915,32.04968976915324,India,Soybean,1.9485157584626431
2022,2868.0346570026345,3383.2477891001176,19.279353017227827,USA,Soybean,2.287837891273545
1990,982.1977050741276,3481.9736690529007,11.883872405722295,USA,Potatoes,23.481485345677527
2008,2248.2717227520284,3647.5374812184264,33.95871459077355,Brazil,Potatoes,14.411427303168518
2020,1820.0111518730266,3260.6347628581234,20.875298185936877,India,Potatoes,21.1270698317205
2005,864.9347460157474,480.19816381492956,25.58143774182828,Australia,Maize,9.452901644128644
2003,934.0803448765232,3479.575331235459,26.657633078207308,Albania,Potatoes,20.132752700073898
1994,1575.2288880692613,3626.665457304194,23.66284271753009,China,Soybean,4.186163539234379
2015,1373.8634361926083,4967.464872324799,15.131438243406752,Australia,Rice,4.689720301394382
2017,1015.4421190475399,3469.8785591386186,28.878576252903535,Albania,Potatoes,19.24154418800929
1991,2461.032469654417,3437.283674800229,30.09379935760204,USA,Rice,5.112173939526418
1995,1548.0961693846778,2578.91831800804,23.824389650435997,Australia,Soybean,4.510842718375475
1998,2033.574574689558,4340.935313839718,22.21402901462104,Albania,Potatoes,14.607000738791895
2022,729.9658004700514,4984.20546218618,12.848454578199632,USA,Maize,8.58109839500895
2014,1693.8214550461628,3897.433902285186,12.098791537494595,USA,Maize,8.262850391949105
2002,1090.33293845054,3066.376885510464,18.48912113908822,USA,Rice,6.132576112546744
1998,1673.958109105659,403.98458638852526,17.77115388793483,USA,Sorghum,3.4604220410541124
2002,2386.312333550599,3636.4282673308417,33.84141127408178,USA,Maize,6.09812105579901
2020,2352.956988255533,3545.7222272239324,29.590568561085746,Brazil,Maize,6.667995364979753
2000,1191.8178984959727,3880.0850575690642,26.498107381476498,Australia,Maize,9.011626672147322
1993,2143.9759278229894,631.5313881134517,22.941202225440126,Albania,Soybean,3.443369041641057
2023,2835.6118611039756,3272.125175629456,14.184188268166285,Brazil,Maize,4.944673446251004
1993,1951.874123789738,1485.6622857088566,34.4614168046071,Brazil,Wheat,2.1569212639435937
2008,615.548345471384,3803.75350458014,19.37601745600525,India,Potatoes,20.980196075381492
1995,2103.1841619814663,1209.4660306170165,12.67314006118112,India,Maize,4.204998567585747
2023,493.7322817780717,3423.053597333849,22.344972392893652,India,Sorghum,1.2390320545528712
2007,2641.909144620476,1482.0148054500587,31.84995029032708,China,Sorghum,1.686571149620255
2002,1646.6493882454329,54.88152115898138,32.18227504443324,India,Maize,6.881237099617503
2012,1278.3940616724226,3170.4559807457463,10.274147901411181,Albania,Maize,5.380787523899058
2008,359.6184650191386,575.2127249630227,32.157393618784994,Brazil,Wheat,1.4050510960828766
2000,1266.1944568579072,3299.8644492131884,16.787105437496464,Albania,Maize,6.180463367269112
1990,2728.97867016421,4628.791147301118,10.974309099210577,Australia,Maize,4.987002318457501
2013,258.75238960164893,4846.53721171334,31.194756759071858,India,Potatoes,11.217116582003984
1996,1529.0148417890537,1187.2562057647867,31.596668899705207,China,Sorghum,2.586307893901961
2014,2807.2426551097424,4048.1736059767677,24.90577699605875,Australia,Wheat,2.781699153797792
2010,1305.554799342059,1774.2308515934772,24.36084393240896,China,Sorghum,4.236224518714805
2004,1398.891924894021,4503.280793012432,30.328006815535485,Australia,Wheat,3.6247935460315994
1990,1819.9681545575356,3939.5729474605755,29.657738817756996,Brazil,Sorghum,3.1739267605846715
2001,1496.2245340161137,378.86936606236054,32.2526368360676,Albania,Maize,6.69477887130533
1996,672.0847354651468,2041.6135994476138,23.818686189917585,USA,Sorghum,3.5079771190007616
2004,251.95550939560914,1693.2159517882737,34.191177318320214,Albania,Sorghum,0.9888724517988254
2010,1907.4726423403645,3928.053293409152,34.90367077333346,India,Wheat,3.0508859742659915
2008,2778.258443621874,2057.325696159264,12.913615249965815,USA,Rice,3.597151102316645
2018,497.81957247606374,3426.096104288888,31.23859398885305,China,Wheat,2.121573896191867
2014,790.6676139077094,3016.151925396298,22.495556443714726,Brazil,Wheat,4.536735696740614
2022,1236.6425603099258,4878.437208297192,19.6891584574958,Brazil,Wheat,3.0480426428538436
2021,2464.4782412591353,4689.546934440058,25.326807747067875,China,Soybean,3.796150784157454
2024,953.9288861187373,2144.2205785462065,11.399138931550176,India,Soybean,1.2883159326578975
2015,2669.752331980552,3620.655276089335,22.661527969176998,China,Soybean,3.555689909595135
2000,353.88204902018595,4149.0058689662965,31.772264250666666,Australia,Wheat,1.091999438935152
2024,2834.6785395250176,4495.439911772104,15.33653790347422,India,Rice,2.9855087147429056
1997,1770.0918180465417,349.9899762446536,20.659747369235628,USA,Wheat,5.536422906396682
2003,2044.5774997655726,1517.373208374749,33.48702219287189,China,Maize,6.964321346019561
1999,1229.5306631017888,1607.947904432924,20.714095945142432,India,Rice,4.464205387487974
1991,2389.583999430969,2177.8852965871943,18.95919080830996,USA,Soybean,3.114547587552532
1998,666.385500236337,854.6311060699409,21.013416203084454,China,Sorghum,3.4634491941081555
1992,336.9531107797637,2486.0673409505403,22.98631916293891,Brazil,Sorghum,1.434115777169195
2010,1307.44744070116,3319.439493219296,25.79978360328672,China,Potatoes,26.141848533020084
2015,2590.3479991469108,2491.8459618814213,30.017320022918277,Albania,Rice,3.233036195944354
1997,2313.795142585545,3332.3075450361025,21.302555144107856,China,Soybean,2.686129073781813
1991,1648.0367173690825,341.5437427713225,30.437023377253507,Albania,Rice,4.580849000991773
1995,1801.9856920629898,4381.176785219977,23.343016533802015,USA,Rice,7.330568519366197
2017,563.6999136365152,4695.955268584332,18.46201275919944,China,Sorghum,2.5549459645469526
2018,2553.90822412923,3093.3580463520566,26.448770702985353,USA,Wheat,4.1138095742977985
2015,2403.4871122997515,4408.141083198116,27.943056368587285,USA,Maize,7.536005559755785
2014,2038.1171028834397,665.91562307458,23.95122439073719,India,Potatoes,16.39330628071219
2001,1505.3349017210276,3989.270111180788,11.415374328368085,USA,Soybean,2.284470656300108
1994,2900.485951182635,604.549485428244,14.247071879020623,USA,Rice,3.2763815247920984
2023,2661.289521254119,2045.971055172708,17.132443022255707,China,Potatoes,18.25491488846997
2004,2004.405381840932,1625.8544874457923,17.065640148787327,China,Rice,4.0405035736753785
2004,1241.042793608406,2932.103207850067,26.835520006171762,Brazil,Sorghum,3.655393962602684
2012,1930.4623803082347,1514.5575308452724,10.458716541840815,India,Maize,5.674960239759884
1995,1811.234594285863,3190.195012038992,28.892044426237998,USA,Sorghum,3.241260338428328
2010,1303.877565937766,1843.2625728682697,16.63356187017333,India,Potatoes,20.52200829310447
2012,1058.687120726613,4305.344001342018,17.75054615540256,Albania,Soybean,2.7707038597876203
2005,1339.6302182645027,3173.0803626958614,23.197745698598105,USA,Rice,8.0506864267746
2004,1806.951936893514,1084.3385036340162,15.398140023473939,India,Maize,7.239111025881928
2014,1398.7775651910645,1687.2858159201544,32.111782839388184,Brazil,Sorghum,3.1920512738025204
2000,938.0085669638747,4238.630229257013,12.134219483164133,Brazil,Potatoes,18.925963882737356
2004,2330.6972897302644,1938.5339524374178,21.109559057526624,USA,Sorghum,1.9612331397797993
1993,1688.1089886807563,2683.6373371725695,31.23555673637225,Albania,Rice,4.547059460099347
2010,389.4904570316799,3248.2202604021404,25.396097360530895,Brazil,Rice,3.0397628892657904
2002,1231.2862157531515,1745.5701514337247,17.308237896065837,Brazil,Soybean,2.3251582842855294
2011,2677.757680193582,1476.9533674827608,20.51900519441152,Albania,Maize,5.572606298276466
2008,2314.6622873598653,2381.5219640140626,27.667359508562868,India,Wheat,2.759500141748525
2023,1105.0909950432197,1082.2560507430176,34.33151858409748,Brazil,Sorghum,1.6165811295041161
2003,2826.9128257246252,1428.2108287261265,32.328467959485835,China,Rice,3.7962728793074456
1993,414.48814340298844,319.7716353198601,18.56082020955942,Australia,Potatoes,10.60243772700692
2016,2891.457170898129,1526.8116770953172,34.95494698219644,Australia,Sorghum,0.5447408314747475
2018,887.9742589570918,1610.3134258842108,10.087616588276457,Brazil,Soybean,1.5579637748226165
2017,225.46370484677394,4809.547499793685,10.690743895210378,India,Soybean,0.5
2024,1414.662502251315,2952.7468390747417,30.596012879279847,India,Rice,5.6528345392015025
1997,1205.1172031236242,3939.03830282487,14.986567170826302,USA,Rice,6.8746697353884
2005,1709.4492145790227,236.43249137380903,11.519231709906022,China,Rice,5.274798865980661
2019,2430.9640095955674,541.6181011057758,15.928701830912555,India,Wheat,0.6427799471038067
2007,2558.806246021252,4074.5394347043357,20.652503849521505,Albania,Rice,4.505726578254824
1991,1323.443998912737,3121.5122515940025,28.26415676083512,China,Sorghum,4.076936777384194
2002,1403.5680823777805,963.0003323956125,25.608388163780138,Australia,Sorghum,3.9565755367543285
1993,614.8976449225263,2029.9290752500738,15.94053043901051,China,Maize,8.25702669642304
2015,333.1333048672578,2697.975774908298,22.58176120251461,Albania,Potatoes,11.467611485296393
2014,1995.401972658069,4219.613047395835,33.15535263496422,Brazil,Rice,4.999678213870252
2019,380.4253515475384,311.455838555526,30.375194424593943,Albania,Sorghum,0.5774648000994961
2000,2254.7243343800765,2987.644223943138,18.079744620794834,Albania,Sorghum,0.8246890975001084
1996,1709.452406062293,3588.009248717553,34.55661403389241,Brazil,Sorghum,2.2714273576044497
2020,756.0323390330335,4889.680370973192,27.715510010878273,Brazil,Wheat,4.191753156969641
1999,1710.664241835419,4037.728790678,11.561233891669545,Brazil,Potatoes,19.96830155791112
2002,712.3936064858767,1388.3742946907144,10.879017832215967,Brazil,Soybean,1.4255845167390437
2020,1428.4641810291537,3550.800177452543,14.210198725250748,Brazil,Sorghum,1.5032792355127795
1996,2438.768885478241,3818.756645785616,28.19639670125367,Albania,Rice,3.619725727590151
2009,1493.3740215497849,3651.3801445927916,14.593473146060697,USA,Sorghum,3.1949216392892392
1993,616.358091233135,4102.5188990798315,22.78716923022084,USA,Potatoes,25.641717039424513
1996,2226.7203091042466,4519.612581306052,12.331503004520794,India,Soybean,0.8932477274455497
1990,722.9515655560248,501.16504625680784,33.02215394575488,USA,Wheat,4.174843949055678
2002,2267.9396482363063,532.771649828783,18.599015339589187,Australia,Maize,6.0109796172670675
2011,1542.1864098043332,3984.0359439655235,32.70330141401577,USA,Rice,7.487899813936451
2010,1470.4769254640444,1269.3386578421396,33.62189104776361,Albania,Maize,6.484279430920064
2011,2584.0181060009295,302.1216955308889,10.15321618284202,Brazil,Wheat,0.7815471075453266
2017,2184.0898681538724,2012.133613093223,21.6033796799683,Brazil,Potatoes,16.58348518114719
1998,292.15023147382993,4101.18579001213,10.616401392672323,Albania,Potatoes,8.30665565658083
2015,1029.2880808844866,641.5594688317622,32.717319157572646,Australia,Wheat,2.6465923995018388
1998,2638.577850379716,3362.4914393042927,22.9601886183644,USA,Sorghum,2.6858404089375467
2004,251.31327192655618,28.043150240122806,11.87360031746242,Albania,Wheat,0.5
1999,1726.709649533517,557.5898615901252,12.756918206914172,India,Rice,4.653562822063638
2013,2237.9118736870428,1760.7432253847494,19.587725612318476,Brazil,Soybean,2.6234761798745163
1997,1941.1970393568124,427.175382311826,33.50585482182224,China,Maize,9.101284933772027
2013,2329.490165892422,4231.049320511193,27.32272878920202,India,Maize,5.542496298815541
2005,2231.937176961288,4321.71181069589,31.69047165472831,Australia,Potatoes,15.591312997495827
2015,2137.685946428717,3780.297808466626,19.16141615849949,India,Sorghum,0.7560248791800415
2016,2500.311610591826,1219.9733606641312,11.080342488749958,Albania,Potatoes,11.198461291600212
1993,2007.9338716587074,2621.0029054474994,34.35794093011035,USA,Rice,4.192827308851899
2013,1326.7717839195498,929.1007423616232,10.429324766559239,Brazil,Wheat,1.9535222214196268
2008,1521.3455077608453,1413.5794658648229,33.69129132702723,Australia,Maize,7.635594862405572
1999,2206.8293915080617,2584.866407947218,19.216935596228616,Australia,Rice,4.0032081381360305
2014,2653.656883067023,3677.718904219381,10.252260125547037,China,Potatoes,17.540989900011855
2007,962.2126423513719,482.3253581642594,27.228930793112706,India,Potatoes,21.895832514232087
2008,1157.8150287189983,1490.51652116415,34.51350760078385,China,Maize,9.54000996475829
1999,2806.0703098147555,4633.840529373892,34.14064307093982,USA,Potatoes,18.18741652144256
2022,1819.8330187464471,2151.325355731622,14.023425280060462,USA,Sorghum,1.5019633947829083
1994,701.0930879780028,4694.959672807479,14.531195151653876,China,Potatoes,24.64409667538345
2024,2058.346388954672,4957.088702345157,24.1384728654915,Brazil,Soybean,4.114793609898133
2023,2974.134035510263,2638.0325322959657,25.93262066070811,USA,Wheat,3.7952088240850603
2022,2505.66998051712,1447.3396088264044,28.48544784164664,China,Potatoes,18.529508823588756
2010,2288.0751823439277,3955.9762747771692,14.526259011803688,India,Soybean,1.204701365379615
2006,782.5306319455539,804.9605702698246,33.975177169110864,China,Rice,6.225306342600262
2011,2653.1913971152203,1267.7138297636318,25.968481407230946,China,Potatoes,18.96673937549384
2004,1672.2087618995301,3926.5507484014183,31.176172971763872,Albania,Sorghum,1.906912273065692
2024,2690.0120618014757,2173.8931644128293,23.501642882104296,USA,Rice,6.560570153230481
2017,1123.517922389662,1015.6743055684572,20.356921189747062,Brazil,Potatoes,21.349289496939576
1996,373.7429473792117,3259.117467312099,34.4295726648749,Brazil,Maize,2.6545238759791348
2021,1532.732712247289,3666.4816882945975,24.5530342704959,Albania,Soybean,3.0300966109069964
2000,955.5452934900575,634.1054848583398,31.671839569979472,Australia,Soybean,3.941724107180531
1999,2202.642011373635,1392.1314972749215,33.832309909157246,Brazil,Maize,4.883836301848628
1998,2879.8983479968906,1114.171009307444,26.88386567521648,China,Wheat,4.031354267624922
2003,2134.727623224379,1905.474597524636,23.723466962966874,Albania,Sorghum,1.896655332176949
2002,2683.41500318577,3819.5900289245615,10.087771272766265,India,Soybean,0.5
2014,1468.4672380833779,3571.403430348878,11.000491018475149,USA,Rice,6.258812723398084
1991,2360.5940641468446,3315.994312814683,15.02128040127791,USA,Sorghum,0.9634652046031376
2024,2560.5216226807697,41.3648738842701,14.650210796399882,USA,Soybean,1.7066515278923218
1996,2190.4517572339187,719.2951337681433,16.368969879996133,China,Wheat,1.7399038898556365
2010,1621.776400994781,1124.2547700193134,17.62336594244152,India,Rice,6.487394485233661
2007,1952.4251069230304,1367.0596717338594,19.001637338768205,Albania,Sorghum,2.2656528687219124
1992,2161.419587900865,740.668442828011,20.513442251721912,Albania,Rice,3.54673664320592
2000,908.6363290199953,2057.4746018547094,12.471658461400366,USA,Maize,8.28688065578464
2013,2466.8219305619573,385.1511192199893,11.059048298819551,India,Potatoes,13.254602012177662
2008,2860.908709108365,3752.610730035026,26.848611226825586,India,Maize,6.212348848425811
1993,1502.6700825038208,3940.726728607564,23.433370621076943,India,Sorghum,2.1768952611544408
2015,2162.988112707657,2875.5907811084817,21.10360505550299,Brazil,Potatoes,15.56995620082108
2021,2263.672536212991,457.6273364394195,25.860998529208807,Brazil,Maize,6.464272852710711
2022,2054.293133060145,4451.515016038323,30.691985180088512,USA,Potatoes,18.72599495199524
1992,1731.9223033201795,4828.522785253491,20.692322727905115,India,Soybean,3.1510178193372806
1998,2668.6142728094696,1019.7941660057289,26.027986626299484,Australia,Rice,4.555301327542313
1997,1456.9947859529045,3526.1526990091916,33.83930559587897,India,Potatoes,20.636663719777847
2022,371.08827816249004,4211.273766906004,30.990612396539017,Albania,Soybean,0.5
1995,2564.757851994049,2703.8191774880843,20.650020262560236,Albania,Wheat,2.476855163356198
1993,2087.147562486342,1623.382266638477,26.117920945368574,USA,Maize,6.895150325109618
2002,2577.9241541990104,2398.0079882509594,14.426773047898493,Australia,Wheat,2.0349044636280706
1991,587.932838845144,2566.2210664144154,24.013054622377247,India,Sorghum,3.8372748670933756
1994,286.10823342720573,2009.1788504982594,34.53320727846107,Australia,Soybean,0.5
2016,2816.2487130710037,4649.914043232194,22.95787788006306,USA,Wheat,4.184385535066699
2021,613.639256381608,3721.9767236030852,33.19095747975368,Albania,Wheat,2.788679557266166
2010,2467.026529797265,1214.0951948522702,20.18337301258152,Albania,Soybean,1.4072983720927805
1997,2504.98783810578,2931.930364726144,34.97112067961578,Brazil,Rice,2.193525651797287
1997,2184.374561537208,3446.5588631465257,24.480500880688943,USA,Potatoes,19.66158910203481
1992,567.5341910600387,709.38054429363,11.056724855898363,USA,Sorghum,1.1024940878285985
1992,2068.7161487702615,1798.5444544769425,24.668869917284702,India,Sorghum,3.256023209855368
2011,2689.4424333152238,4528.685925203541,16.864317391989914,India,Maize,5.200800739533351
1995,1391.488605442473,2840.1937699241557,10.812033050897368,Brazil,Potatoes,19.21021424114877
1991,1357.8471922600768,1092.818752840981,30.521332617366582,China,Maize,10.704524357843747
2012,1440.0032668223735,622.6961426145624,16.8932409245189,Australia,Sorghum,2.2886545961468885
1991,430.36129389337805,2595.9521984396397,29.913713851162463,China,Potatoes,11.982818662467434
2006,2697.6715932839256,2742.951757915429,17.205439573896676,China,Wheat,2.433749750771733
2024,2633.712019145429,1678.7281122595157,14.858158846844358,USA,Rice,3.410906634430629
2023,2994.1461010128014,3155.7759818114014,34.34838935261068,Australia,Wheat,1.3332884869598147
2012,1838.5127961955577,352.7365842347497,19.04113319387549,USA,Rice,6.949288065506508
2019,2303.33658206388,734.2470693980417,25.03440528607901,Australia,Soybean,3.3001535266563886
1997,767.4813376604532,2735.9063668461836,25.24953732036179,Albania,Maize,8.396504581900192
2011,2069.0806910276747,318.46031228382526,24.011837054337544,USA,Maize,8.309635601544803
1994,2019.251976520694,4405.734737305592,32.86739358803037,USA,Soybean,2.5243649347389185
2002,2723.384460356515,719.3103885780188,26.861026784171713,USA,Potatoes,19.444152218446533
2018,2526.2196239494074,3372.860171681837,20.093325102623254,Brazil,Soybean,2.3256018230590363
2020,2827.706095329737,1962.1051741549818,31.55950961310685,USA,Sorghum,2.59061164229742
2005,2632.733723564501,2004.9408602358196,14.52657247789911,India,Soybean,0.9273696483168392
2019,2632.3429057167855,3826.7987477696074,23.605918940260437,India,Rice,4.788534412557638
2005,378.4253147284112,2502.316049522841,33.76375929859391,Australia,Sorghum,0.5
2001,2568.6934675486764,3631.020763582893,25.63494074701032,Albania,Soybean,3.330971095330472
2006,1900.9395046087309,2530.9042314763183,30.424211261871903,Brazil,Maize,8.068531217699901
2005,1265.2444649446913,2968.5976536122644,26.33901813862982,Australia,Wheat,5.998808312982453
2001,358.2409482865745,3805.965993069624,30.98427158844726,India,Rice,2.61260872760959
1997,2097.4865693505308,3040.470627177164,33.61219699613109,Brazil,Rice,3.5228544873004752
2009,1118.964901505329,3081.919395850055,16.82304318831842,Brazil,Potatoes,21.03954272860946
1992,1509.7735419608973,3948.2057612236963,14.241527031417972,Albania,Wheat,1.6714189080177047
2005,2108.839623754376,4745.943210938673,22.0997687583135,Brazil,Rice,4.822490416368925
2019,2752.9687316676,1889.8136081373304,27.546560670605395,USA,Soybean,3.245256706703488
2012,2511.2233636939955,2889.814614557497,15.679781329555404,Brazil,Rice,3.1825768518195074
2017,1461.6719614900796,440.50305709039253,10.102536260754176,Albania,Rice,3.8513184787396932
1994,1285.792840849861,1800.4313640386458,18.573377895917634,Australia,Rice,5.237618061734308
2009,871.3832687633329,2066.125637188036,34.221483386694715,Albania,Potatoes,18.474850096213107
1990,1242.794903292711,4177.8342109520145,27.374186515146167,Albania,Rice,6.609384222149209
2019,510.92988441731524,2571.8280866071273,20.033136098530598,India,Rice,5.645954391511582
2010,2919.0954234213127,3658.0212027593043,14.81440243367101,USA,Potatoes,17.424685043372516
2009,1806.968843086821,104.8469261281001,18.902241843868673,India,Sorghum,3.486200348373325
1995,557.8563598265962,2327.818421445295,14.245985832531199,Australia,Wheat,2.874048514217958
2011,1187.856825944536,4507.575149166285,12.657645532823786,China,Sorghum,1.6591171908000057
2007,1731.7096021378368,1129.3264074358676,32.668559314313846,Australia,Maize,8.019113603483142
1997,1692.079782594435,167.2957046824935,34.94125845938684,USA,Potatoes,24.3839876612811
2021,299.4094324121706,2172.7095812302473,14.102860989894758,Brazil,Potatoes,9.422323759472263
2022,2862.3548958415117,3525.114785031501,11.363063971956993,Albania,Rice,2.6871923628401
2005,971.051908129845,2277.772899138933,18.24327767865531,China,Rice,6.40369552241224
2001,245.3170730092953,2305.2917844212166,21.541479519035384,USA,Maize,6.681322027582269
2023,414.0432250607909,3352.3271557792145,15.120531176896362,India,Rice,1.7853254632867173
2003,1824.5457290943355,1279.4001533324144,17.535622794963963,Albania,Soybean,3.3965032961661823
2022,585.7994578902712,3761.9300602934672,15.021768392291442,Australia,Rice,4.331665804411475
2012,316.8294199898092,774.0365192196098,29.356514210811284,India,Rice,3.574089458461712
1991,1262.9541059555918,1984.7955203770787,27.81444858118152,USA,Soybean,4.686662164194477
2010,1943.731338552528,3283.4804612698804,25.873787894024545,USA,Maize,11.208963722149983
1991,513.1514535565146,4143.561346078686,19.68044642698012,Australia,Soybean,3.6865782504704807
2016,1077.3179300236834,3959.740045113626,32.7260235328559,China,Potatoes,25.020132030631622
1998,1369.7298805487183,3611.211140545412,34.2383135383755,Australia,Soybean,1.7575191397298475
1990,646.488273802948,1801.8909538465914,14.3409828156353,Brazil,Wheat,2.617595035006383
2000,1617.0069157067883,620.298538305682,15.57531603529695,India,Potatoes,20.548168921073376
1992,438.59944332495854,1092.0027462880232,23.140775700009243,China,Rice,4.062067029463507
2012,330.25178976619225,4325.52073473666,12.281264232056133,Albania,Potatoes,8.813655780117754
2015,1655.5390280343775,4288.083536961971,20.911209970577822,Brazil,Maize,8.565246177770566
1993,894.1115237024518,4758.288654169689,24.54478161944275,China,Maize,10.437335775299442
2007,467.04666211447704,389.1833729587526,23.051839278433327,India,Soybean,2.206184337316604
1995,1386.9552449653704,2688.677335534506,18.27271457695065,USA,Potatoes,25.315795729332102
2024,2762.394070648705,3246.9283940721257,23.56114515193017,Albania,Rice,4.0865272130282735
2011,2227.738850631634,3556.1803115636144,33.970023856471194,Australia,Maize,5.408518970952623
2004,2483.724562971677,3222.877542702047,15.150435107284402,India,Sorghum,0.5
2011,2641.359168524182,3852.3568356123874,26.37078395985009,Brazil,Rice,4.710344410714971
2001,2923.357675909973,1803.7631656838143,11.084917353901297,Brazil,Sorghum,0.5
2007,2337.0904058396845,905.3695329560559,11.660410112035873,USA,Wheat,2.1997101875295595
2024,1903.542181430543,1030.8710270306883,23.795705605589625,USA,Sorghum,4.162489608201282
2019,1223.1924648462923,69.77366045612004,12.623479508198736,Albania,Maize,5.9218144130783
2013,708.601062361605,1758.1061418100494,10.558669710671433,Australia,Soybean,1.186540728388487
2019,2122.647647153224,467.8028138910866,14.287824941200554,Albania,Wheat,1.00582928808055
2003,2985.859961141437,1614.2285770230524,24.12122927498936,USA,Potatoes,19.369168826208185
1995,1508.6043169329732,3144.7682850595766,27.583523862973312,USA,Rice,7.952639016767771
1992,2226.3022306598614,4473.445497378231,15.0619641035345,Brazil,Maize,4.684715919774317
2005,1586.2588599808373,4199.631200442677,26.706485930204362,USA,Wheat,6.025852260637201
1996,1409.4135854177346,1270.8443176683086,14.561908277480732,China,Wheat,3.363209703477045
2003,1348.8557179677623,679.0748795682543,25.33643566578143,India,Maize,8.205202444697024
1998,1612.9491122087534,973.4306462456892,20.29899199739497,USA,Potatoes,27.175289369057133
2004,1227.3078532230502,4855.223392998998,26.344987733340417,Albania,Potatoes,19.791718924619136
2010,2296.565301101062,2751.877653630599,34.87631881198118,Australia,Soybean,1.8773412343018085
2024,2647.9616744562463,920.6860927728684,33.44542413081405,Australia,Sorghum,1.7546208299278596
1991,2672.0788586065155,4205.323311887208,10.107043945902591,Australia,Potatoes,13.911233156431507
2016,837.5563975923126,1982.0043091196492,32.13596910905764,China,Soybean,3.473410983467172
1991,2708.5455884481744,4497.11853835389,11.662269879369163,Albania,Sorghum,0.5
2024,1156.3434491942942,1310.7788629040876,33.82616465399612,China,Wheat,3.2364689348324203
2007,1066.0614633588334,1972.1765764331385,17.045641977492117,USA,Maize,10.343572282329374
2003,2234.9169607150607,2529.689336322522,19.550870760281775,India,Potatoes,14.876083503442988
2009,1053.1497522416103,4464.150517104267,12.290955129393197,Australia,Soybean,1.6014434546672067
2007,348.30593570718827,4345.099583709229,12.80681895822274,Albania,Wheat,0.5
1999,1246.1297624688625,2876.031800816351,28.16851413073299,Australia,Potatoes,21.71080301728265
2014,2220.103681003377,1116.6597938066445,33.60830589370729,China,Rice,4.060851795536146
1991,1115.4835767564941,2022.7512889719967,25.26871237385774,Brazil,Wheat,5.424062458351505
2014,1962.7653567864102,4878.408996173872,27.896250388170277,USA,Potatoes,26.720528533318667
2022,2048.334443936765,3042.7883871482363,29.049243614928837,India,Wheat,2.952217789104352
2020,2254.460832833797,3907.677798069741,16.57035686382354,USA,Maize,6.207842566602798
2003,2711.965305670622,2254.8248298534845,11.130740773005373,Brazil,Maize,4.544349638686399
1990,1411.180597951608,2664.7163045793636,10.046818597979215,India,Maize,5.971540807341592
2005,666.0098146548798,2150.481020040395,18.766232073850468,Brazil,Sorghum,3.2221379214643138
1992,1092.9920032092905,3517.57578032922,16.036605704980403,USA,Rice,6.591222177680558
2024,1410.0683144871605,4258.840359295518,11.557943126229642,China,Maize,8.90432873694316
1995,2198.8961141187165,2541.744080690572,14.488207312341668,USA,Rice,3.992781255555873
2014,236.7419515725738,2409.528618594766,13.112472456698695,USA,Maize,3.807641149672592
2002,1084.1990736316611,1708.0294708210008,32.871959515434256,USA,Sorghum,3.3705026740149644
2023,2383.5592268540872,893.7125045274782,13.506680336479224,Albania,Wheat,2.0181237653320543
1997,2078.401569325947,4696.846137146793,23.44121159969198,Brazil,Potatoes,16.891168699389276
2010,2248.8719260396942,1587.23779621073,24.827648877804116,Brazil,Potatoes,16.772616104065794
2023,2473.0701544297453,4005.4504032356845,23.587236442715845,Australia,Maize,6.826872052125289
1993,2393.0600128582946,3579.5816362244964,12.476410855399699,Brazil,Potatoes,13.650971852670994
2014,2110.1128652277785,3956.678825387864,17.96995904376378,Australia,Maize,5.555777328164838
2004,1431.0522906376536,4684.472985526791,11.281758311578832,Albania,Maize,5.142438177667385
1993,2954.0753208588308,3120.620093502277,19.891747852407903,China,Soybean,2.9285460076625793
2001,1793.4049476522064,4490.772213476403,14.7149732817898,Australia,Soybean,2.433520116964502
2021,767.7537862327496,846.8096413323454,24.040813332109494,USA,Soybean,3.7848729022393868
2021,1019.8759942933963,3137.29575402437,27.320209846227513,China,Rice,7.877899094253495
2017,2141.974876717316,3863.655308443917,23.30299650511766,Albania,Soybean,2.8010181392798694
2002,2789.270782558498,1365.4892424134287,20.855917415284893,Brazil,Maize,5.890328561136082
2020,700.4163617765131,3706.3614684469053,19.683335521417312,Australia,Sorghum,2.826595309116448
2003,430.57018808820175,3894.599377290022,31.042294202425094,USA,Sorghum,0.6940601793486971
2009,2668.2869345176173,4157.6279005220595,15.484201626631751,India,Wheat,1.3255551959084022
2007,2762.778340955936,1571.2857338537046,28.35545848822172,India,Soybean,3.0143916699881204
2018,973.8621668845185,3411.2168849398627,28.937058118502975,China,Sorghum,3.579630082718859
1995,1256.4000282394716,1528.2238842147128,20.48000018176836,Brazil,Soybean,3.4825653080343675
2021,2048.526392994004,3697.8115336172923,17.432514980640985,India,Wheat,1.8240307577690975
2018,1123.8040583589295,2320.2385890771043,21.76353715114938,China,Sorghum,3.7099472517084147
1991,2656.0443831561483,2991.7464288908277,12.330348147317462,Albania,Maize,2.475260878539761
2012,501.2203675988156,2085.041507338539,11.14825080572725,China,Rice,5.95480730702662
2008,306.3502186885466,818.2948053798233,12.790079986297295,China,Soybean,1.3174046155763215
2020,783.7613788798106,898.3673527307647,14.678625786555653,China,Sorghum,1.7033009614405548
1994,1001.0457789739132,397.06884723805115,22.604420508451074,USA,Sorghum,3.31004925660217
2008,516.1944556088501,3094.1826718110924,31.228415904028054,China,Wheat,4.656636878561319
2023,383.93320215381084,4244.705605785766,15.891058299992174,Australia,Maize,4.132834470520637
1999,2315.701597805035,113.9757630477839,33.37905026866945,China,Potatoes,17.760377355076876
2014,659.9743845263206,340.5351154208839,33.87269772337508,USA,Sorghum,1.8624739699550128
1991,2758.982157385651,2292.7602915915227,33.97261512113013,USA,Rice,4.248065747384548
2000,1230.3990520546688,3691.2264734792648,30.939068366908096,Albania,Wheat,2.6679195332335115
2020,2077.696267219767,796.961147112637,19.095626019943015,Brazil,Sorghum,1.2188050529760022
2004,831.1259213526406,1365.5400845504773,11.817097775065577,India,Sorghum,0.8724008723701603
1998,872.9037517772272,1167.7109443962177,24.220468294162373,India,Wheat,4.132614197885919
2012,1809.185768029211,2001.265581169059,23.967036098430846,China,Wheat,5.064556088049061
2008,1769.8001904087612,1132.74339831768,31.249394177739887,Albania,Soybean,2.6040521734901123
1998,2352.441838433828,1769.4674059383176,34.899776273652634,China,Sorghum,1.3815125944310296
2024,2321.877255943945,3645.4275673231014,22.703932664003688,India,Potatoes,15.238871526820787
2010,2077.9257410582513,3058.936149786404,18.630100775994606,USA,Rice,5.085518482885884
1998,1457.5655845017748,415.09670990454754,14.647542788906675,Brazil,Maize,6.840087511664389
2017,2693.793081585728,3192.3508745661316,10.119995620434269,Albania,Maize,3.5475711896312023
1996,1943.2197726196364,2390.615086080475,22.72784231222198,USA,Potatoes,26.7248034320349
2005,2972.5557732946,4673.482217788623,23.887966667564896,Brazil,Wheat,3.1278164270372404
2005,2494.235490216204,1453.6285423492257,30.623461995434937,Albania,Wheat,2.426506740414739
2022,324.06747146731345,3633.5704342988083,22.614424197320012,Albania,Wheat,1.6743191300196383
1993,1097.6629398248897,3656.995506992404,32.91170871665142,India,Sorghum,2.78977281812142
1993,1801.2520061186647,1115.2888972358448,25.702086914285886,USA,Wheat,5.090902765611165
2006,2220.114706040164,4517.085888604971,31.008405955527078,Albania,Wheat,2.2754857985654735
2018,1740.9421937334362,2461.0041701437194,13.707543370193678,Australia,Sorghum,1.3381406517439092
2024,2401.165182894109,3397.628000777619,31.383403257557866,Albania,Sorghum,0.781428446368696
1996,991.4358277205649,737.8192388286876,26.87859636109621,Brazil,Potatoes,22.404991273104972
2016,714.9537434519102,1296.4415457899265,14.255825810958264,India,Soybean,1.7525067358888018
2017,350.9667146113563,2934.6745185067416,14.744088953650271,China,Sorghum,0.5
2011,1805.2784848002618,1601.946069183014,33.16251547610553,India,Rice,3.895470148613123
2003,2128.0786578913867,2503.4676636691574,10.805384011259322,China,Wheat,0.9548460291089944
1996,1113.2192079342126,1876.2859448727133,21.56337358239265,USA,Soybean,4.997508044448932
2011,1918.0357175964546,3206.3634452537995,17.836882248352538,USA,Maize,10.159905909522694
1994,346.04024638932185,2440.8553602762363,26.6269359999607,Albania,Potatoes,10.505339269978615
1991,478.0213696310502,33.00358050610915,30.990734689224798,Australia,Soybean,0.8909488962080893
2016,2164.9133623237954,3251.907381347466,19.009453038914238,USA,Sorghum,1.8537992927199722
2010,1230.5951746084365,2116.386569680407,20.67255218307093,Albania,Wheat,2.810691256742092
2004,2079.7352870884156,1715.074719046212,34.54794461253535,India,Wheat,1.188384882764642
2010,2528.819136783771,479.79229389328555,29.59791274198007,USA,Wheat,3.719763979075196
1999,2587.3428249331273,1109.6447559267924,32.43010327329479,India,Soybean,1.9165580803740987
2012,682.0694073004627,1126.6237349884586,20.969055516290744,India,Wheat,4.081748922930048
1994,1561.5996025837703,4677.493802029598,15.851905099602881,Australia,Sorghum,1.225344289087039
1990,2254.994826170962,2168.2397439852684,20.296586634661292,USA,Soybean,2.853775535786961
2002,2367.145669547349,219.9085776036985,27.902297945787836,India,Wheat,1.737505373094865
2010,2397.092746040857,702.6952443941713,12.735760120899483,Australia,Maize,4.696370638357559
2015,838.8685362656365,404.3730519072312,16.761727640412722,Australia,Maize,7.581873366399116
2010,739.0974896265653,2948.4582571339843,11.16589751153976,USA,Rice,4.880032115799045
2007,1852.0349111663486,941.2412429184653,20.80869345845329,Australia,Wheat,4.712364537350962
2021,2275.040233667015,2497.802625006062,30.68614339949033,USA,Wheat,2.1958673378239197
2006,1093.5906434957412,1856.609693721178,10.61659220745027,USA,Soybean,2.38482382408193
2024,493.1744392147803,4021.3431219495546,26.88308817017915,China,Soybean,2.8359492443519594
2000,2206.8898721482174,1609.2432899541577,33.312396862843485,India,Wheat,1.286892435671815
2010,1039.1539278640125,2296.7447571600733,15.923196537779557,Brazil,Rice,5.152698131176247
2015,665.8156280728211,3609.2148875031507,27.340871018191205,USA,Wheat,4.402988004044302
1993,613.6258795119686,2172.4225225838904,34.37754752750501,India,Sorghum,0.5
2023,1081.7467330748057,3968.1455247058134,34.056951503811575,Australia,Soybean,1.9189868916440411
2007,1859.4985845584874,3311.804937620958,15.873229825728583,Albania,Wheat,2.231611020149609
2024,1203.5262683426865,2058.540278594113,12.508276330301717,USA,Soybean,2.8252952600231107
2018,257.85318446160846,2524.8698091749498,13.707063447397898,Australia,Wheat,0.5668337700735594
2018,471.343617097871,4836.345244652545,27.550891712053556,Australia,Potatoes,11.960800454585202
2010,1013.4090921561334,3311.441367576878,28.14397188633189,Australia,Soybean,3.1192668495810136
2002,2047.1725500118573,4525.926177601901,26.855914040704974,Australia,Rice,4.584701461846735
2006,475.84220571189474,902.0049323206111,18.401959693555952,Australia,Potatoes,10.555715034554169
1998,1769.8391898019092,2421.348419663308,14.244423493953054,USA,Sorghum,1.5860223337729469
1990,535.680438307212,4544.221732526802,24.51902729880633,Brazil,Wheat,4.428047335840441
1991,792.5229165782682,1619.834186592674,22.092011143946664,China,Sorghum,3.7851932326220474
2018,682.1278771561357,4838.644348750639,28.220853678057587,Australia,Soybean,3.343739830443765
2022,388.2401795982694,494.4166774635506,21.034001967140536,Australia,Potatoes,11.355319017772143
1999,2079.7234886824526,4514.3291396724335,18.46599236716171,China,Sorghum,2.3414175470053538
2010,1497.5299326808965,2231.608489108635,17.33696443397536,USA,Rice,6.522561972795488
2017,2526.949634512547,377.9833840543917,15.286758001243664,India,Soybean,0.5
2000,476.8943519504875,4398.8127470045765,16.643659404666536,Albania,Potatoes,9.829924504809018
2023,605.2522133466023,1267.1816599214762,12.370760971102534,Albania,Sorghum,0.9343439879575505
1997,1058.0816477812618,121.02812622117376,18.67142527322224,India,Potatoes,21.138827381778547
2011,2344.4247634286626,687.6774567902695,10.914245309073955,USA,Potatoes,17.022507042033922
1997,1056.1247048359567,3298.9825620798106,14.66034617915817,Albania,Sorghum,1.5354736226467254
2004,1343.5723809963392,4889.279330799593,28.669261115485728,China,Maize,10.265262358323525
2006,1044.4899856320608,566.1960765217489,18.136724716915566,India,Wheat,4.54010652770512
2012,424.6280170428839,2315.120760142562,26.705925424433595,Brazil,Soybean,1.5037129909132338
2013,2830.4141441093248,911.3763892281872,27.922104389931935,USA,Soybean,2.823173113390388
2008,1735.9091777993287,3727.7323051669446,24.529633568302838,India,Soybean,4.650785075514866
1994,2405.932926919391,599.1139098114527,33.96744353413496,Albania,Potatoes,12.997660413564933
2021,2043.399858118829,1206.810324919639,10.535996665577832,USA,Sorghum,0.7209890676397603
1990,1639.9119813735301,990.0657785688661,28.466316264703554,China,Wheat,5.016554007231707
2012,451.09911864626434,2767.0737040312197,33.9696660985102,USA,Rice,3.609390403056048
1997,1999.6539267568521,4367.188619083156,31.55679323382348,USA,Soybean,3.223991110344529
2002,635.0369966231299,2560.3401037705285,14.197317295125334,China,Sorghum,2.8631076976555287
1997,1360.2728741975745,300.63482932964155,18.170507656293303,Australia,Wheat,3.9050606334272184
2012,1961.516801745205,2821.310763678188,14.311295996911635,China,Wheat,2.9343802046738934
1990,2390.2412013219455,3989.629786596867,25.0327090953676,USA,Maize,8.403376102804348
2013,2118.126491984135,669.4594245485703,27.804699549487307,China,Sorghum,2.622938283268042
2024,2080.293881352961,372.8289595795126,17.926844234076455,Australia,Soybean,1.3782677555298086
2013,617.318185690581,947.1608100122696,23.487664349607385,India,Potatoes,21.095949480996815
2006,1169.1599122004461,3732.970750879921,27.273014251779877,China,Wheat,4.731251688629568
1994,320.1543634485436,2962.485293464688,20.533495415276207,China,Wheat,2.7404612190805047
2009,2214.535300894101,2707.567323269127,31.35038826138648,USA,Rice,5.292051737907076
2010,2867.2407476887734,1254.904674212524,29.28874838219543,India,Maize,5.793675655663842
2020,939.5090925014122,1667.8606102818287,11.616638596264266,Brazil,Wheat,2.5028151109878394
2000,445.5507856544661,4829.766214587278,25.528132477270724,Brazil,Wheat,3.191141562024208
2004,1531.59621491023,1210.7198813796347,15.883138773993739,Albania,Potatoes,18.408937535059064
2008,2598.7550247571926,4509.210662042891,23.93795661668188,China,Potatoes,19.047129468480932
1996,1745.5277467609833,2906.8522072441056,33.92221106582416,China,Rice,6.7548433439701645
2017,330.97602053231725,625.2493671925265,31.976550113806255,India,Sorghum,0.9701697631645579
1994,2927.962273478249,2341.8887669937894,20.112910077878293,Australia,Rice,4.547511208889463
1994,2520.219747895282,4743.258099630771,17.287846458608833,Brazil,Rice,4.1135054439571235
2019,568.4634157442284,2098.6423347054197,15.860143610206475,Albania,Potatoes,17.673422550700636
2021,2781.033718209825,4318.298958298918,23.312871743913,India,Sorghum,2.226152145594633
1997,1461.9272080945282,1289.5791863120214,12.856211331451409,China,Potatoes,23.38007391235791
1999,1241.3143736098355,2858.9015374838614,23.731875203206215,Brazil,Maize,9.317800183607321
2021,1490.9493254761271,4220.821770427849,10.033340987269801,Albania,Soybean,0.7829135741151682
2017,2536.801479238652,4604.23532143678,18.09624076864612,USA,Soybean,2.6164026415115806
2006,2046.543099203,2434.2586020849903,15.49835784576453,Brazil,Maize,4.151722606656124
2020,365.8956667192371,3202.043629705691,34.28046974901955,Albania,Soybean,1.137989313594077
1997,2881.2922391252787,24.87085260383143,28.181057989249474,India,Sorghum,1.3292746674852742
2014,613.7955737392897,1273.5843044918142,18.74133451155594,USA,Potatoes,25.89306732293935
1998,2287.590264858983,1400.7733976972595,12.321127163265512,Albania,Soybean,0.5
1991,1981.1822851987667,476.5301281556097,22.9200148672656,Albania,Sorghum,2.7677129473672397
2004,725.0785342503705,1405.6781166513135,15.336197033151057,China,Potatoes,24.69460866623054
1992,678.049813116539,1612.3989449601142,23.410738647458945,Australia,Sorghum,3.0324211437626913
1993,2636.917262373138,4844.142537445285,30.88405885447231,Brazil,Maize,6.295072914725196
2003,1375.1457857988719,3346.32587899858,25.394813802534635,China,Rice,8.253139509718034
2014,2032.8142396875878,2135.765346287558,25.844710488625054,USA,Maize,7.259799559302883
1999,1611.3988107986852,4940.391758870592,23.525757226570285,Australia,Soybean,3.788441459450022
2010,2236.5898478126865,774.6292779707098,33.18164081578523,Albania,Potatoes,13.160525084017317
2001,1541.8786501101256,2385.495457713118,33.29756711051508,China,Sorghum,3.1382682802755664
2016,1004.6637627155915,3238.8404131747566,22.818080026838807,Australia,Soybean,3.5154701127281744
1991,1217.47343879019,287.3473660755443,17.64398717858761,Brazil,Soybean,2.3931174520927287
2002,2605.4175444609596,3587.824301834763,21.489675146986098,USA,Rice,5.478930089736913
2021,1510.4971401836358,508.33809108072955,14.663947804890391,India,Soybean,2.5311575720588326
2020,797.658130284906,710.008719912388,25.908607882952232,China,Rice,7.382235390312596
2005,2816.895086616309,806.8506671857995,22.502308394555833,USA,Potatoes,19.287857855587077
2021,2430.4812781954556,4645.160235011033,12.582511945331998,India,Potatoes,13.70666094407935
2021,355.8652089573576,3419.345370239457,14.941194527990383,China,Sorghum,0.5
2023,2997.04029354545,3280.5832305044896,21.990798904988168,USA,Rice,6.563751717419846
2000,2145.794750032286,2781.912547360311,32.189724767971455,USA,Maize,6.540383100987882
1999,648.7464773136435,1471.101933488563,24.159768015777438,Australia,Potatoes,22.574022805569033
2004,864.06950763607,3108.2396259507636,27.03837500521177,China,Sorghum,4.313888591660146
2006,2138.8473474763314,2056.647102244313,18.475713743597744,USA,Maize,6.166596712951222
2007,2383.3309547815415,735.6265889621483,24.28528482610586,Albania,Potatoes,13.664463857621717
1998,869.3006408194572,3451.090478735388,21.184495565951686,China,Potatoes,26.454726922518077
2014,919.5127909179583,656.6150179703144,26.478247815579017,USA,Sorghum,3.447008324711302
2003,1059.9379456417705,961.4362192956544,11.264389151975259,Australia,Sorghum,0.5
2014,1874.451421542583,4090.3195661195537,22.33250540597398,India,Wheat,4.795413330082161
2011,681.0852992435755,3303.9843096645186,17.399815628599175,India,Soybean,2.225409109073065
2019,491.880956877377,3158.6458595260756,18.15462653194773,Albania,Soybean,0.5375773300738714
2009,2100.819449439438,2096.831893870193,34.022935788951536,China,Maize,7.245032402699172
2010,2381.474231420876,1987.439786014462,14.567370317784569,Australia,Soybean,0.5
2021,1602.6023323662153,3454.410419835152,17.781131314464922,USA,Maize,8.895468068152434
2010,1218.7315887514792,3702.627637659138,22.747314393271793,USA,Potatoes,26.130467210463546
2024,1409.7195978741338,2555.9638797979096,31.57567370374059,India,Wheat,3.3570656317938488
2021,1287.5419348414653,4846.653529299146,20.416752080159263,Australia,Wheat,3.460790277896354
2019,2887.957743065491,4778.940799005171,28.596632022204275,Albania,Potatoes,13.52495521891086
2001,2350.6517346135925,2068.0231551636657,31.40935245537006,India,Sorghum,2.254868264599896
2007,782.6442015803087,4104.905048872936,17.750408895546222,India,Rice,5.697583914778674
2010,1275.729625751144,2720.9065295760925,19.818754588467748,Albania,Rice,5.591789681985372
2002,1723.2344158167075,2563.661878910301,18.913905592208906,China,Soybean,3.7266476265539183
2010,1916.3604137783277,284.27066627947266,30.821395215448028,USA,Sorghum,3.2231203531313004
1997,1510.914908880548,2874.133805236868,11.108671548840029,China,Maize,8.646377864977822
1996,2468.3545780334857,4503.883873510192,17.710527220717,Australia,Wheat,1.664601806493981
2012,2349.2968544830487,3902.8679074835095,26.985213939878246,Brazil,Soybean,2.9488613658727054
2021,1614.442172158867,3933.7225520493175,24.136087489133565,Brazil,Potatoes,22.589118437062023
2000,2592.402282988845,808.0459024959328,20.907233982342355,Brazil,Sorghum,2.688638252422904
2011,2303.0506852386807,1798.6627411964826,23.49870568053461,Albania,Wheat,3.928454354024158
2011,2380.0291764178014,1173.6925340846767,14.939614645707957,India,Maize,4.776290913593296
2014,2877.9221824135666,1586.4172594536233,20.76791554020026,China,Maize,7.771395763352586
2011,946.1074353857674,2901.9013240336894,22.542574604408728,USA,Rice,6.492104252816712
2017,949.4148546271778,1830.271228717537,32.52972804886504,Brazil,Soybean,3.4958341281739465
2018,2689.0663159337923,2807.8821091466875,16.520879070099408,China,Potatoes,17.53826107602186
2002,2362.2338454799024,2198.1212288901393,31.695712554123315,Brazil,Wheat,2.1250994205881346
2007,2794.327516019757,1440.211636664141,26.106035020649546,Brazil,Maize,6.763007210710078
1991,376.7644489084686,486.0631366837415,10.508520776690025,USA,Wheat,0.5
2018,1957.7198163324704,4460.273902150465,28.115783422484842,Australia,Potatoes,21.895229486912847
2010,604.9593467456529,66.75309636319685,10.888796938726378,Australia,Wheat,2.582399379933012
2004,1610.9121552192314,18.24591582843611,34.93452817034533,Australia,Soybean,1.8188492869313038
2016,636.0914091896439,4135.720721420094,31.815917192279947,Albania,Rice,4.449737586127235
2020,558.619825157662,4984.086592225692,17.43359368850114,India,Wheat,4.2191609689895975
2004,234.07136706969283,3638.2431102911446,16.435280754917635,Albania,Sorghum,0.5804148095996526
2012,1964.6686746721323,86.21645193379484,19.53602705264022,China,Rice,8.011744547289013
2013,1205.263326732241,1141.1842310758816,18.904174132861076,Albania,Potatoes,19.364684666881093
2002,494.52719766112074,4859.395274307187,19.308445459634527,China,Rice,2.944335648207648
2011,1103.9457776476675,4044.9352183474357,17.956913652987012,China,Wheat,4.60934846679165
2022,673.0434560644378,2838.331220585508,25.528335171208283,India,Wheat,4.199925123702807
1992,2836.7455282046462,1191.9349401073912,14.1065915930156,USA,Sorghum,1.059242814118684
2008,1096.0136801317747,81.7073275744774,31.149532311150328,India,Maize,7.753001746085597
2012,1135.0698652102915,114.09874846067095,30.310062100782883,Australia,Sorghum,1.6664451996355574
2018,2551.6024095188395,3063.7845090158307,21.91208019638176,Australia,Wheat,2.577397421439916
2019,2013.7161316008119,118.94106299859136,31.31824913196369,Albania,Rice,4.398293847709516
2014,2188.480500728404,4968.214408207609,16.17862675075733,China,Sorghum,1.6604649045639375
1997,1980.8050511690897,925.0853291337531,10.439136392599174,Brazil,Sorghum,0.6415775301130293
2005,2849.349595055983,3556.4297357276937,25.480198125745574,Brazil,Maize,7.619245163758533
1997,779.6023283625265,783.748009847943,21.447735174117884,China,Wheat,4.704697512773274
1990,2969.309876916228,2705.0661712775955,24.179113657396766,India,Wheat,3.3852751135933503
1994,2526.677297158237,412.25032944642567,32.48348522546007,USA,Potatoes,18.499907059664878
1992,1849.123248853758,3836.2243384208837,34.24813933914859,India,Maize,7.162629460646061
1990,2054.640548309497,2928.7562626769,25.861328493890078,China,Potatoes,19.053607657133295
1993,2016.7124542017193,439.971800073061,29.10138974631096,China,Potatoes,17.55729288945693
2024,363.5094273656309,4244.445084108028,12.095210837179106,USA,Potatoes,11.768473107858112
2021,810.446195889428,2739.622887735743,14.01788962228764,Albania,Soybean,1.1913610767045568
2023,2892.1184766692977,4608.745626966457,28.330120123824415,Albania,Potatoes,14.235055720766226
2014,1696.220400806262,4583.950634653782,20.784136409700046,USA,Sorghum,3.23312487997246
1999,1259.3900891333537,4603.333869538046,21.149131760110144,Albania,Rice,6.6705735216750455
2010,2333.70769748941,398.1481490003352,17.715192040885917,Brazil,Sorghum,0.7136905754961566
2016,1668.6530394362667,613.579231155072,25.183909586943592,Albania,Sorghum,3.954588318873335
2016,236.85576000931326,4938.651990483828,14.629126135405066,Albania,Wheat,0.6209542126662861
1991,2261.46527080233,2443.1280987795426,25.67290698284739,Albania,Soybean,3.17887780791141
2002,2250.2091681480115,1198.6881236174468,14.344971428380992,Brazil,Potatoes,14.59649492829471
1998,662.4163939079283,3850.6257976083034,11.59565086774284,Albania,Wheat,0.582824939554242
2011,2878.6482475877974,1328.783253850285,18.258942217476523,Australia,Maize,5.405650666052295
2015,826.9427683151201,3638.8062832130254,15.778508550246192,Brazil,Maize,7.234571928448178
2001,1481.698228670158,4188.056031470308,32.224790963908305,USA,Wheat,3.685564294708498
2006,521.2606915305611,3923.4742527034505,11.373836346715665,India,Rice,4.518329671595509
2003,1889.1904944616476,1377.4985629076975,14.415342314353072,USA,Wheat,4.382776130207296
2003,1251.263136160195,2014.076684655393,23.717990139576237,India,Wheat,3.1875168325010943
2023,1188.8856941871754,2072.1225061340488,22.026679771186842,USA,Soybean,4.139941676654033
2009,2515.535256218652,2461.4518613413143,11.146300459367538,Australia,Maize,3.396822651024761
2000,226.77279598133907,845.1905291852788,10.181310700378612,India,Maize,2.209188280497208
2005,2434.250958498783,2267.8255515675687,34.70169854902875,India,Potatoes,14.283200528540508
2020,1800.0559840946203,2558.8071226722436,26.470867508970954,China,Sorghum,3.755372251423673
1995,2961.0758377445572,2663.2278929394515,19.135153272538922,India,Wheat,2.7661675473422727
2008,1850.4410176918973,4101.303145622447,21.760806191581032,India,Wheat,4.986217080735191
1993,355.06157561428216,2591.499147412681,16.663753011357173,China,Rice,4.37642880871219
1993,341.80691404243373,1161.6117733432393,18.621844592330245,Albania,Maize,3.0274756083293526
2009,2672.828361841129,3319.012403838494,26.226111681705348,Albania,Rice,3.5697260776498707
1999,2555.399607430949,3988.5975789922595,32.07029497168427,China,Soybean,2.640111505072418
2013,1168.492211629665,1603.6646155269261,14.603250577029621,Brazil,Potatoes,21.094925985639524
2024,1930.4909557071842,3230.07658579785,31.009037634632968,India,Rice,6.20906599004269
2015,1570.855799755681,743.2205997706031,13.038915737956726,India,Maize,7.54157354215411
2010,2908.059354380946,1716.2122598445396,15.37480558970978,China,Soybean,1.6946406564290892
2010,2859.8905224552964,4547.0274084526745,10.92938220124115,China,Wheat,1.1422116644285167
1999,2954.749223914169,4557.4277341812285,13.520296552324986,Brazil,Soybean,0.9830139165615149
1993,2626.0565857759398,2880.8696479278874,32.932578636601264,Australia,Sorghum,1.0465174062868012
2009,2746.7444541702835,3514.7337897168823,21.485968665459467,Albania,Rice,4.356990920861001
2006,808.3805805479819,4271.536921877648,11.94164654445884,USA,Maize,8.851211350728644
1996,2526.8190091713686,4793.180394710007,33.99317095097403,Australia,Rice,3.949165544268847
1993,2184.799916971969,2454.53333704595,31.97480769396625,Albania,Wheat,2.1306397597022877
2018,2895.8022247185963,2812.2629257639114,28.86706302170353,India,Wheat,2.946603572608019
2003,1799.5331196393342,2084.051417572673,33.33681979868895,Australia,Maize,7.9119768246193924
1992,438.4680667895578,369.18986591157943,15.503235520894105,China,Sorghum,0.5
2013,1872.7168953240282,2119.789327519604,30.90923232525216,Brazil,Potatoes,21.306416092250153
2005,2122.426598459606,3955.230423521555,27.249779908857654,Albania,Soybean,2.5104353936956576
1993,816.8988803947992,4026.378634977728,31.74398123919221,Brazil,Soybean,3.0227874991730035
2013,1303.5174738356395,4462.961801820566,29.922789143565744,Albania,Wheat,3.351819995513971
2023,1875.8095593447038,266.8188588280857,18.662376579420624,Australia,Rice,5.8279186052195495
2019,1247.4960644862156,2640.501402007363,29.35996342543139,India,Rice,5.834660991515017
2007,1249.853608268259,546.0481948060105,16.561407574622258,USA,Sorghum,3.1522700749536243
2008,572.6425896838327,1011.7034939970592,18.214804075701373,Brazil,Potatoes,21.225804641872617
2020,2834.090824617465,4502.080346879226,12.697642930574403,Brazil,Rice,2.835497363212268
2008,2301.3842765862705,2488.988379564182,33.37691539951172,USA,Soybean,1.7268603009099053
2008,203.48162882508564,3795.139155274102,17.275084085007038,Brazil,Rice,2.8747622504780934
2011,2343.7171952620624,331.2766885841173,23.015561629286296,Brazil,Potatoes,15.996740576163596
2013,2271.4259794420045,2089.9642545850115,19.78332091165482,Albania,Soybean,1.4811915157821316
2001,227.2466884354644,3374.4590005150453,33.99820301458754,Albania,Rice,1.8182429555864754
2019,1234.8920333185408,675.6983415782844,18.37622927346206,USA,Soybean,3.93564844393735
2020,1898.8935329114859,1635.831216737359,29.463645535567224,India,Wheat,4.1530835356377045
2008,1467.7018252025005,332.09354706917736,31.3854038657795,Australia,Wheat,3.656844879381121
2019,2378.3611324174203,3260.186304938857,20.89016243702415,Australia,Sorghum,2.028790498544705
2022,1391.2833313764152,4854.747382700011,19.454295361323283,Brazil,Wheat,4.228164754400687
2007,630.8163144707437,4136.95700080272,28.6936455233157,India,Rice,6.8965670205902665
2017,2933.96374796672,4873.369352869752,32.82239950765585,USA,Potatoes,18.42876870688409
2000,877.7119797729305,4229.567927540998,28.873293326805957,USA,Soybean,3.9691202734538567
2022,2209.5384695157304,4277.427072922924,15.67815913979664,Albania,Maize,3.784668005049191
2006,600.8376726594015,2890.1142049029995,32.20769368594263,Brazil,Wheat,3.0849612415674033
1995,1121.2353185950114,2596.0790339519176,19.68954168592083,China,Wheat,5.587843843371941
1993,1437.6773036051866,2037.2087894748597,24.405735294448355,USA,Maize,10.962986348641168
2009,738.249612675779,4092.293526278941,30.785890482317775,Brazil,Maize,9.121898076706403
2016,1459.8868138321066,918.5173852673428,14.709869185012305,India,Rice,4.823067112767297
2004,640.0559043769,290.56232996272405,29.612753391938828,Albania,Soybean,2.6968051767581875
1995,1765.2183091604925,4739.990175196528,24.904069947766935,Australia,Wheat,4.766985785761041
2003,2058.397107056543,28.85314416535052,32.333541045690204,India,Potatoes,14.657019259158513
2000,374.81599527843014,4884.378316160501,14.299260046088573,USA,Rice,2.2177266535804905
1998,2639.1699390300705,3646.9783156700914,20.51705592602321,USA,Rice,4.6990834714716625
2015,718.3944781176995,1649.20960929216,30.821077321670938,India,Potatoes,21.456885728994287
2005,831.0147908969067,3492.1210170006884,10.480792586419005,USA,Potatoes,24.431536420571668
1994,2051.7795522325764,4091.1970343537855,12.805034169141072,Brazil,Sorghum,1.5993393480126725
1999,1512.5029692163594,1234.356659372315,34.76413031891837,USA,Potatoes,24.586273232889983
1992,1598.307677678984,3856.7694595651137,17.009854464758764,Albania,Maize,6.558535371280567
2002,558.8339567767715,4023.8044287911184,34.38857984309884,Brazil,Wheat,2.5516809641323217
2019,2456.060301253943,1254.2796043254737,14.563288775216847,China,Sorghum,1.7122771506822825
1995,1927.751889091788,219.21250834613784,19.027361075183393,USA,Maize,10.042695593792493
2006,579.0697212664768,1028.5701999449075,28.821736112589267,USA,Sorghum,3.1040303221714134
2008,1247.1982276716687,1011.2255803580783,26.44446018095446,Albania,Wheat,3.566004256847629
2024,2469.1478116580843,335.5498663356611,24.52805999822639,Albania,Sorghum,2.8328066954080384
2015,1791.394128762538,3632.7768494294273,23.24747939512519,Australia,Maize,9.050995346666726
1994,504.2165815722053,1906.0748730474568,31.086011091618506,India,Soybean,3.3896584315341958
2018,1243.7757282100029,4423.086975594753,15.873714070834819,India,Wheat,2.5530995351451815
2009,879.5443156760568,1268.333817269278,21.06177317483796,India,Rice,5.230804577437246
2010,1648.903550230434,2271.6285038486376,13.886307303911432,Albania,Wheat,1.6862135710322534
1999,2561.4111608415706,3198.6969703445466,24.89853989326761,India,Wheat,3.927131913035959
1994,1421.5479774523756,4388.5500988621725,16.263610606783004,India,Wheat,4.1276002115561745
1995,1413.3576850313045,2627.8592970806803,18.346051608584645,China,Soybean,3.4681935921400826
2015,2734.9825265157033,1873.8878927837902,21.781267915588202,India,Maize,7.270996731361157
1993,1813.3191550203628,4336.405241575324,10.669264642578197,USA,Rice,5.887514391146173
2024,1785.3350447127393,1558.1296591911766,12.298448398020941,Australia,Maize,5.930767680438704
1990,933.3476972510903,406.3242611665565,27.14823051770549,Albania,Sorghum,2.9478512943004285
2013,1901.6236939439536,2230.7601164760977,20.72424951793768,Brazil,Sorghum,3.262364334944881
1995,1812.5493087687098,3927.61559942498,31.619755549997386,Australia,Sorghum,1.1771095596254868
2020,1311.1841169572192,163.5963504500802,27.366800091104988,China,Maize,10.664040366523789
2009,2973.9475845177053,2933.5524024980646,10.20252354118306,Albania,Potatoes,12.426080809009397
2013,2669.294701854643,2976.375602150908,25.417808269178373,Albania,Soybean,3.035812284283011
2014,2298.8416122150834,4643.423399502634,12.343121651492911,USA,Potatoes,17.059934850455807
2010,1704.5676475564014,1439.4594375536587,29.523329494762358,Australia,Sorghum,2.67250667932382
2019,1493.7674453049647,1401.394699921374,34.78769220696255,Australia,Soybean,2.139097222476991
2013,717.7127066249582,2208.013420184994,23.279969856037788,India,Maize,8.25301913325563
2019,1056.0649272409464,1791.0053583428607,27.06948750485326,USA,Sorghum,3.576895112260719
2011,2367.0902395049884,3684.3658548197404,15.932854022368788,India,Maize,4.788880035741259
2017,1470.4970710251441,3212.3428648864324,20.939943593844838,India,Soybean,3.498489245140992
1996,2670.3546463946036,3797.0159791522688,31.40238330590959,Albania,Maize,4.613227664920439
2024,614.1511817674806,4102.008538081459,14.18557369365628,Australia,Maize,6.618523906151105
2017,1623.371868838182,4615.675852343397,16.63839014034405,India,Rice,5.729434968262867
2003,2011.5039152596644,2160.3742916053916,21.135841882150753,China,Potatoes,18.99640033962773
1999,1647.1756776621928,4923.639973463032,27.806222296100348,China,Potatoes,25.994241094840103
2005,2689.835296437964,1086.147458884227,19.397098869891845,Australia,Potatoes,15.482124636455557
2005,2970.777189121591,3574.6821581171694,33.193306994575096,China,Wheat,2.3838552167612574
2020,524.3370433558352,2674.7064933628744,12.361426281717979,Albania,Rice,3.8384162077940385
2014,563.8737314153789,4086.3339674775684,19.270104938621188,USA,Sorghum,3.717325424825829
2002,564.9075179683391,2389.0848978260656,27.723853085710548,Brazil,Sorghum,2.84231304459464
1995,2107.295868997477,3921.853790458532,15.649669141537311,India,Sorghum,0.5
1998,1243.4930673883462,4651.5418860919135,26.410328355741825,Brazil,Potatoes,22.067625486910828
2009,2253.281051544537,3664.1483880390356,14.105423955683648,USA,Potatoes,16.749683488112492
2007,1335.3201240835403,3882.7104882294384,11.39950712154216,USA,Rice,5.474404483985055
2010,1957.2988197297782,345.20540201662203,13.025392918716221,Albania,Maize,5.677111456404799
1993,2355.6024159009016,1032.7387345390803,33.24961957835337,China,Potatoes,16.66528088980723
2022,1735.0045498337777,4871.775665112933,23.793772073488782,China,Sorghum,4.40864294684423
2016,1710.610053260017,3469.003148899098,29.908644386991227,USA,Maize,9.894521778281305
1996,447.0561107997765,2811.630596381913,18.316362522626278,Albania,Potatoes,10.451314504896414
1995,1350.1888801464174,1841.2121032482858,24.816466197136165,Albania,Soybean,3.9119953472507474
2004,1728.1760290298253,231.50111602252036,22.37380334262479,Australia,Wheat,4.51500970493837
2007,1493.546311865948,1851.9881807410336,33.64344898505735,India,Potatoes,21.242557321983043
2021,2722.189600527591,2499.575237714984,28.689365901352758,China,Soybean,2.947482082317799
2000,2738.28576993457,1065.1829518405648,28.263565787414475,USA,Rice,5.455467258815948
2009,2501.368665648533,873.9525884564243,11.158831735856989,Australia,Soybean,0.5
2013,1250.834611044736,2546.998591274009,23.741741725092275,Brazil,Rice,7.360270390826411
2004,2208.437624725096,2933.6621357814442,21.67478634754537,China,Potatoes,18.86132595015124
1996,1306.8076909949075,1207.190415084079,33.19605666515486,India,Rice,4.8127673415177155
2010,851.2620771321253,2941.073477536503,16.433549704738304,Albania,Soybean,2.520914678002316
2015,1160.1274019424686,4502.696419732732,16.745836332277356,USA,Wheat,2.9599093587323204
2003,398.70097319949934,2371.1345575265555,20.28365622203751,China,Maize,4.990671407269166
2010,1128.977025213012,4288.376946240035,16.0842428351594,Brazil,Maize,7.889198926007696
2007,1490.0782083312804,4637.084508221259,13.229597945218737,India,Wheat,2.2491614999848957
1994,2875.3465053863238,471.04620439605765,31.43537116627002,India,Sorghum,1.061818634844915
1992,1077.5496414149497,488.099782487417,23.956913110097894,Australia,Maize,8.692933549604362
2012,2726.869909775458,2385.460472609131,31.53406797391417,China,Potatoes,17.27710010165269
2015,840.8031723057917,2944.631197145336,30.778369135092397,Brazil,Sorghum,2.9014693089491943
2013,734.7129137258984,2135.158487680496,17.051058869741777,India,Potatoes,20.73210697274389
2008,1653.1872780100618,1638.98934438334,23.693436108106848,USA,Soybean,4.592647167797485
2014,2083.0318340327367,3208.560639469518,12.080442568501761,India,Soybean,0.5
2010,324.130302246388,20.38674662610213,32.88129710076896,Brazil,Sorghum,0.5
2001,818.9844221322068,4840.685671510075,20.10656787662883,Albania,Sorghum,2.7422831715774576
2022,1475.9142662036859,1168.0746500582304,19.841904597225536,Albania,Sorghum,2.2655475397195497
1993,1126.8121407529081,4586.322855229206,17.56888426544883,Australia,Sorghum,1.5545111728475263
1996,2195.339022175301,553.9835752271849,21.516593617767597,China,Rice,5.667023710281717
2011,1631.2496689156872,1198.0550384024173,16.293984663636202,Brazil,Sorghum,2.1625462311074695
2022,649.0054956909206,1182.019768426627,19.371306819920115,Australia,Sorghum,2.6308161418051816
2006,2704.5030620822536,4980.8029919612245,29.998676214622048,India,Soybean,2.763562768109961
2013,1020.1358913534067,32.95672317216325,30.856387589629296,India,Potatoes,21.020166163579606
2023,2247.167105100386,3201.794664424444,17.604561940712905,Albania,Soybean,2.0001893846515797
2017,2383.7641814951476,4349.736039493656,21.725360763819697,Australia,Maize,6.8675826792156665
2011,2896.841560717086,3364.645533583436,31.845494407001308,Albania,Rice,3.6481263144268814
2006,1595.820906267484,1820.0417529025515,11.316833295742429,USA,Rice,5.184758048610611
2023,1924.33944330041,4791.963719887645,32.228624049894634,Albania,Potatoes,18.712627542256634
1995,1137.6536217426944,4468.6685653993145,15.479608641308293,USA,Sorghum,3.095603222211622
1995,2098.902021553786,2175.4350520450935,26.963481105359396,India,Soybean,2.0427620218932727
2023,1497.4737604256952,2870.9091781297057,24.563792409615004,Australia,Maize,8.914918263156407
1990,1425.4266212283824,4837.920747148151,23.823518704731303,USA,Soybean,4.637443672158847
1999,2595.3090815250953,4912.976206013086,31.484005618820532,Australia,Sorghum,1.095585511608438
2010,340.47276179632826,2254.6181458325814,12.539303591116532,Australia,Sorghum,0.5
1994,2669.494797929232,4238.276640434012,18.6757006331409,USA,Wheat,3.181155058648584
1991,2585.7955459199593,1516.8813325001424,23.45631865861914,China,Soybean,3.061988092489397
2011,1617.8255099730095,1865.3462359240168,30.282221348650996,Albania,Potatoes,19.422899086087398
1991,1572.567991775759,832.461196121229,15.411077085291787,USA,Soybean,2.959286657012431
1999,1213.0606304993726,1053.831117955884,30.073246034356906,India,Rice,5.488310304283918
2023,2983.686616708856,3287.797778274201,19.990962062348395,Australia,Maize,5.446647075350269
2005,511.2741317107554,2558.8002738553337,14.722846410842385,Brazil,Potatoes,20.554979045376687
2011,1852.6026597600996,1163.3479845217582,28.974661011087065,USA,Wheat,5.307568564012892
2001,2108.708452314768,2020.5189856446464,12.272472536863695,Albania,Maize,3.351690614940174
2013,2816.1240230074445,1872.1854647197717,22.869184351886073,Australia,Maize,6.622827323095751
1999,2384.5697911989323,4936.927420631318,11.59689459654721,China,Rice,4.295491046681511
2024,2002.7721678723312,4269.293527684783,18.91044637894469,India,Rice,3.3706258898891432
2021,527.0744870739435,1945.952003585283,25.026919975159817,China,Rice,8.471151959067198
1996,1246.4538471281087,4570.443728691205,23.902888537180328,Brazil,Potatoes,22.61728477050238
2010,588.7565991343588,1719.750604224574,20.116385447616665,USA,Soybean,3.968227974844851
2009,2667.3956509034383,3342.8285485469487,20.726199849302894,Australia,Maize,6.570125160364534
2015,2298.9392355782,4833.583483443741,15.669238833769164,USA,Soybean,3.017443798786622
1993,2321.1030030322418,1957.4915313028757,21.39706471060257,Albania,Soybean,2.350087107764839
2011,2026.3182497659234,3402.6259758736196,33.83137139302086,USA,Rice,4.283560685548244
2004,1619.7219034227871,1486.6598172025397,31.26132294459476,India,Soybean,3.45147479350126
2010,619.9189664977921,1338.8984548338935,13.630821726908595,Brazil,Maize,7.307216231075611
2004,1123.145682774145,2875.041765493444,10.744519683023023,China,Maize,6.847696971186138
2011,583.3642189352936,4896.530344185759,33.33810781791577,Brazil,Sorghum,2.0558349756538705
2017,2229.756799986561,2271.137905113648,23.16874374701869,Australia,Wheat,3.0228728398177953
2003,648.6405728616141,4688.808481879738,23.445945578732694,USA,Potatoes,26.710199312762818
2016,2165.917940480719,4572.673966021361,29.517949892663058,Australia,Soybean,2.2209844859307077
2017,2138.315090868533,1276.275435601524,17.867224346783164,China,Potatoes,18.088481049339183
2015,1486.052541175609,2015.0788413507937,22.047689220900054,Australia,Potatoes,21.35837695126144
1991,578.6402315305464,3220.0793676859735,34.21657282866844,Albania,Potatoes,18.7278236329648
2014,1081.4423131753028,2595.0489632128442,26.80371717331018,Brazil,Sorghum,4.159864973005731
1992,1096.260705411544,488.8330640172399,13.843625799894648,China,Potatoes,24.05459241774036
1997,2161.0783728012216,4968.55317033452,13.330668699608832,China,Sorghum,0.5
2022,518.4804543584281,3765.7434660442873,15.106618958325136,China,Maize,9.00302370683075
2024,2521.392209405054,2194.0932507413117,29.167791860517937,India,Soybean,2.3368127877717977
1995,2330.820412520559,3094.6610628347935,17.384425096015402,Brazil,Sorghum,1.8642392499076679
2012,721.6593708879669,446.98835815848827,10.534721166876995,Australia,Wheat,1.1975851194773313
2014,2213.6602689808906,2481.555251911154,33.60435908764155,China,Potatoes,17.601002777571246
2008,2071.836908109901,4654.853754929264,14.242835409872766,Brazil,Wheat,0.5
1994,2294.7382403105935,4484.038780694342,10.238954653701715,China,Maize,5.835707869906759
2000,728.9999552563445,1693.5304189608967,15.928290059583075,Albania,Maize,6.602688373201849
2001,641.2529020381121,2661.5256404684806,15.875719677953342,Albania,Rice,4.277779000609981
1999,862.1551605837118,3489.9437851973576,20.550131271143076,Albania,Potatoes,18.65678688514283
1997,1224.4407688171318,1706.6462418704477,33.00974578750092,USA,Rice,6.074956375138877
2013,2422.2619469002434,333.74729828875303,31.97962294447745,China,Wheat,2.9418776566855063
2017,2266.18702494078,2532.1538670218456,21.4223638745607,USA,Soybean,2.482621271768377
2010,2791.264458379893,3012.162321758449,20.272497624795164,Brazil,Rice,4.307039507107261
1997,364.16276547612324,39.14958460633614,23.87522716187128,USA,Maize,6.7411484676565365
1998,232.35758683971966,486.92111395726783,16.086350299294143,Brazil,Potatoes,10.352983935439378
2004,2157.5887231622373,1044.3803115348198,11.304624799159072,Brazil,Wheat,0.5
2007,982.0049882236639,1746.7809120847614,33.48060340428017,Brazil,Sorghum,2.168188032471562
2009,1135.4209074946891,2709.845601924596,14.667474621929319,Australia,Maize,6.5158498487666465
1995,1731.045672560634,1476.2761646107297,14.96001823114291,USA,Sorghum,3.1768936734817954
2001,486.7567447550358,1388.1572338884537,21.81150822134869,Australia,Soybean,2.5259341053184814
1991,1999.5443663345393,4348.053225627278,22.290333621008266,China,Potatoes,26.19486658728046
1996,1110.4128494472207,733.8026975991171,10.460855242518548,USA,Soybean,1.5935045590184038
2005,1971.6023480427766,2482.346064530078,13.698868469349268,China,Soybean,2.5377568649496114
1992,2535.2193566054802,4764.595337511319,19.453870464018543,China,Potatoes,18.366400174158525
1992,679.111733344803,3128.8161130890685,27.093267337763475,Brazil,Potatoes,22.175566574900667
2016,2806.444660160657,3588.855344673248,15.710461420798396,USA,Sorghum,1.9512018081456182
2022,1685.9267949748426,2161.8725870391295,20.575361156044067,China,Soybean,3.600775541756998
2017,2784.1977424871116,109.46151392740065,23.93362661791167,Albania,Wheat,3.407413464755752
1990,781.6442301649788,3234.1905381523547,32.214812365582304,China,Sorghum,3.2299724884974728
1997,1892.7754608918651,3163.302164326339,18.151762558178085,Albania,Potatoes,18.57944215748546
2021,1330.8839285060933,561.0339059520321,13.338956646587087,USA,Maize,8.00101349042638
1993,2367.822135236837,2316.1769709869113,22.231805647440204,Australia,Sorghum,2.2918827331783174
2019,1896.5450409972298,4577.491433881595,28.668040042101552,USA,Rice,7.078053991808735
1995,1584.6432794832917,1033.373311540156,12.746493926318337,Australia,Wheat,2.808216761155781
2008,2756.359138006824,2310.8827856242106,20.61708729242401,Australia,Sorghum,1.348766948931082
2021,1255.9277796807046,2310.9048941505966,10.444628531562085,USA,Potatoes,24.150070157553895
1998,815.9445737149082,4055.6997260567155,10.838979541181278,China,Potatoes,23.942893978162612
2001,1902.6833231858568,4124.633592943928,22.07383408041664,India,Wheat,3.950703118158888
2000,1947.2796240838786,3798.7544041203255,17.454932453773235,China,Rice,6.771705323251561
2005,1429.4649404012512,1833.6162543494859,31.127682475135305,China,Sorghum,3.650184620436227
1990,1562.5081223302705,369.4642558424153,25.05385765316136,Brazil,Sorghum,2.988837613101985
2010,2886.7495600397197,1753.9200563478305,21.34832404357476,Brazil,Soybean,2.2370954602652384
2019,2251.5199359110434,3402.158094343985,20.19838427635741,China,Maize,6.750428029466212
2002,509.6849041512156,3516.705406700491,22.43113700473908,Albania,Potatoes,19.67519704332016
2023,793.9641984377107,4825.351045288828,11.010970780316534,Australia,Sorghum,0.5839460090051829
1993,2931.6145764195653,2273.6697449041053,32.31983391051649,Brazil,Sorghum,0.5
2017,2234.1035506218877,3165.853558872049,34.95757889334896,China,Sorghum,0.7639401381525357
2020,2762.126353205029,2700.562444905433,14.537178121467466,India,Rice,3.921392411958456
2016,1050.8120991684218,761.5866149650545,13.009574119365492,Albania,Maize,5.977114734287592
1994,2277.2272082424583,2311.400335939359,13.58943658621488,USA,Sorghum,1.0913704126712984
2014,2199.207583865832,2728.727421898081,26.525676455859177,China,Wheat,3.7891563657106224
1992,1025.1319592302502,4754.24053415087,26.53602096126937,China,Potatoes,26.49033322365258
2022,1742.285711261975,1839.0298815006909,31.198104056960272,Australia,Soybean,2.771350081713116
1993,1956.7623115568267,4900.694524508809,28.79565971065633,Albania,Wheat,3.8891991356714986
2014,1547.1690703169022,2716.077369380181,21.242241834233493,Brazil,Potatoes,21.69421839822905
2009,2516.1003786424358,1219.921524082257,25.321384039132973,Brazil,Rice,4.5054571471043126
2023,2532.0333170343706,966.4052912088808,27.207116759200197,Brazil,Maize,6.429169776206508
2015,2581.6815352443587,717.0576371285565,22.81841175713063,USA,Maize,6.343138881809285
1994,2449.585993474856,2270.1350241615305,21.891274611290918,Albania,Potatoes,14.371586271904857
2024,1566.633736152005,119.41288464672692,26.127436141066333,Albania,Wheat,3.2693806704928354
2017,1268.0272348172202,2230.775963741178,23.936863724391344,Brazil,Soybean,3.974872848983001
2018,2527.8535944002374,4942.139413858172,26.09855763339776,Brazil,Rice,4.4082624675828495
1998,1572.5640839575472,3353.8329106541105,25.321369349084094,Australia,Potatoes,22.343045592203822
1995,889.8399161583492,3801.332744790019,27.979914012841366,India,Rice,6.705324958948588
2008,1620.5618905022056,603.8368996841301,26.0700877195719,India,Maize,9.657643940429747
2000,597.1795013738779,2370.773298835553,22.99356216093168,China,Sorghum,3.176603263765768
1991,2136.562573676637,1438.2532741183124,27.04492028210966,China,Sorghum,3.3223464063352073
1998,1140.5795885469379,4471.546664665257,21.2370491296357,Albania,Soybean,3.1982718410666506
2010,929.8446356528721,914.6494353494235,16.041780649315026,Albania,Rice,4.2640042323967124
2013,2878.224489457286,2299.0793024123423,10.035455503347887,USA,Potatoes,16.974054297230936
2023,2375.2667881232614,2944.3581145447324,23.99910367864608,USA,Soybean,3.441257594664462
2011,2403.7946076270086,2575.065046976878,24.766380665216026,India,Wheat,3.9047423081465977
1992,1946.4215139817136,4152.915204572333,34.301224119392856,China,Sorghum,2.020210649120915
2001,2549.683869428832,1164.9513248850055,19.03695835235689,India,Potatoes,14.843957785356105
2017,2325.6549472574675,1893.1816410142192,19.853331070707796,India,Rice,4.619793349165569
2019,1876.5663715741264,3962.500639904023,15.044989533554755,China,Soybean,3.785942314182483
2015,2891.1483251848085,2645.076344566656,11.763357380933048,USA,Potatoes,16.92919718646421
2010,736.4658591163845,2016.565754383307,29.320112321543515,Australia,Soybean,1.9728154225946348
2017,2841.4632131853027,156.9181485767092,16.242026608483126,Australia,Soybean,1.2019845229829687
2015,1324.0268535968219,3769.393265837891,25.22262152575095,Australia,Soybean,4.233435483238402
2022,1679.5171535241625,4861.188569054134,27.19432588863704,China,Rice,7.78921033084502
2010,543.670094724065,3105.232177347665,21.78091718229119,Brazil,Potatoes,21.926411004898686
2024,1712.3008289810145,4284.140691237085,31.90880282567979,Brazil,Maize,7.597929904261403
2023,1911.3789052029415,2589.2099585426813,21.09487102449322,Brazil,Maize,8.831384346061776
2007,2993.5643170638673,1166.0880174625893,17.12271557604413,Albania,Rice,2.51429983141494
2000,2930.5387510002743,82.0661001333759,32.40038807404056,USA,Rice,5.119328572768845
2012,2905.912417248004,3270.457355274046,31.539107106248913,USA,Sorghum,2.7518675326809485
2011,1175.4865682857608,2470.613152758741,14.100998676910326,Albania,Soybean,1.2193011820883641
2006,2975.5461964861215,3912.6697539671313,10.649025458848024,India,Potatoes,13.086616717408722
1994,1475.3388244663104,3476.4652630021696,12.249638908740517,Australia,Potatoes,20.062978385370652
2000,2585.1415245333214,4939.882317350758,17.163684963845427,Brazil,Wheat,1.464391747946883
2019,805.6959132531216,2556.4597912260783,34.30649504354277,Australia,Wheat,2.6847380445301097
2004,1616.3329030384866,2141.602200468317,23.962903829020625,Brazil,Maize,9.527333061573952
2016,2904.8338691572953,1440.8310503020818,19.33154330073172,Australia,Wheat,2.798795499761257
2024,2851.687911385597,2389.5378460384595,32.21790236531866,India,Wheat,3.135481380770627
2022,2114.457657899995,4365.628675833381,21.328408286962492,Australia,Maize,6.170161057207225
2009,2433.8801031485677,221.77423170078893,17.880965710025528,Australia,Sorghum,0.9410820831022728
2005,693.9947504867239,4889.721235958082,33.53048821864144,China,Maize,9.304278865278672
2023,2220.6439385556405,4966.602899595912,31.23794165481695,Australia,Wheat,2.3026521337710566
1991,1930.5422633390424,2993.1286791536295,31.091709385486023,China,Potatoes,25.513599995454484
2024,456.34486010348905,1664.405576440053,22.807118576255327,USA,Wheat,2.8004130593134455
2017,516.8452184510935,1123.0143519268988,29.735959970386375,Albania,Soybean,2.4031577414491254
1995,503.64212970353327,1389.687074467545,14.483833981613797,Australia,Soybean,2.2497533339169675
1998,2228.1994175235395,260.02607825980954,24.33057393890609,USA,Soybean,2.8000141698537035
2009,596.8025830932029,2380.8036828319605,34.596148071188644,China,Sorghum,2.071137748286797
1990,1509.6503591205174,296.0481116133851,17.27396076294904,Australia,Rice,5.280047476902284
1997,1199.5490564577217,3595.1863317318666,29.85880823119188,Australia,Soybean,2.157843157965692
2012,1741.41159415661,1865.9279831089418,22.261960180201683,India,Potatoes,22.213490282673224
1992,2178.134164214328,1004.8300114183443,10.995142080552183,USA,Sorghum,0.5
1993,2117.22310421973,2728.8192536018314,29.075484945391686,Brazil,Rice,4.715296390296519
2014,1643.4557645602545,4869.058943142639,14.21422860980282,Brazil,Rice,4.220984142962388
2004,1500.1376461090795,3478.7039346019073,25.786839178318754,India,Soybean,3.8979079436287756
2010,1313.8836663423244,2463.8167820197596,12.141604851174321,China,Wheat,3.358379931506245
2024,2613.3478552522624,3886.802353279986,33.67168493739912,Brazil,Maize,6.1780127387212405
2003,1126.385053643406,3690.0075947759537,17.293097179509022,Brazil,Wheat,3.327528162789235
2001,926.2242992689855,4459.75995067839,15.661617291934872,Albania,Wheat,1.521164015438608
2006,2281.2833822347598,1031.298048493798,13.228410101658358,USA,Rice,4.229506722200806
1998,1207.337692750834,4295.799105531072,33.65005483347619,China,Rice,6.492311112396267
2024,2571.5960793203517,1512.1201743380773,27.797593561032627,Australia,Sorghum,2.241531071947127
2002,1118.0884121840054,4705.584649847235,28.541522217952217,USA,Sorghum,3.953462961181236
2004,2165.445508808847,1412.5150932442086,22.485114034506115,China,Rice,4.50702557119835
2007,326.30521759894106,4634.974230381754,21.868194631762087,Brazil,Potatoes,11.798987432512778
2022,1279.576064308896,4819.315665175759,12.750531074786917,Albania,Potatoes,17.569289004761064
1995,1161.0444899091442,736.0018737105011,23.996027389599796,USA,Maize,11.300252452649426
2016,2486.7004699725853,4872.754417481287,16.17291237771976,Brazil,Rice,3.822720349547265
2012,2907.755129039268,437.75761246211863,34.42863332001015,China,Soybean,0.9649697308557251
2016,1490.4675747402919,1100.6532551964847,29.914523500378685,USA,Sorghum,3.9586365905859426
2023,2509.5415760305227,2226.4022165552947,20.32480150482219,Australia,Rice,4.475152408049031
2003,2159.145162680622,4968.050854901433,13.783531467288325,USA,Potatoes,16.608634701030244
1997,2908.680765458341,2447.929625315243,29.6332922784696,Brazil,Rice,4.291388412074924
2024,2471.1038401599094,2756.543121460644,13.051344177032899,USA,Potatoes,17.723786661778895
2008,416.9385846984455,3475.180498123006,14.733343837426762,Australia,Rice,1.347331301798656
2019,2197.1888226702613,4841.784855782027,15.288012943605686,Albania,Soybean,1.690653517527203
2003,1699.399203182646,3918.9234866199795,23.92226595682736,Albania,Maize,7.361830174995441
2009,246.02096221051607,1128.528482074256,29.676416349759158,Brazil,Soybean,1.1205809193308427
2014,903.6762844312423,1521.9247440151298,17.857871968117305,China,Potatoes,24.866558372862794
2013,2780.9146860753003,497.16491564653677,12.116745356882236,Brazil,Sorghum,0.822362496076847
2003,2792.971843802908,3225.817297182052,21.613461588110482,Albania,Sorghum,1.6411468280236916
2015,2436.7812885617764,911.8941296307156,28.702756028998387,India,Wheat,2.218871288624213
2012,2948.9828891783704,1294.450393512035,15.541596077184707,India,Soybean,1.4892553402882243
2011,2458.3266289477738,4441.687139350081,15.498113700984355,USA,Rice,4.610163969689478
2008,228.57172439868654,1640.5108199067558,33.68067568366777,Australia,Maize,3.7678015270832743
1992,1005.936152844233,2837.5671245872936,33.85384317797944,USA,Rice,6.411114515303073
2008,285.74771026573603,1993.8543838579933,34.76164330153941,India,Rice,2.1548548070162243
1998,463.5023124651664,379.4161241555088,30.1914900393695,Albania,Soybean,0.8236487348685977
2017,812.754287462173,1820.6905111845583,14.704604229198639,USA,Maize,9.713697694870277
2009,1609.963929711463,2046.2603331492949,15.299538019981533,Brazil,Wheat,3.4132230710987224
1996,2573.0896096936494,4479.5484985384755,18.5056310380598,Australia,Rice,4.46297965966351
2003,2613.5069172399026,1629.0087616952342,17.953313283337273,Brazil,Maize,5.7575376574072035
1998,1925.36520396043,1902.4131876127187,33.913193726950226,Australia,Wheat,3.254798106010694
2008,2798.892629385458,3916.654875674949,29.72684957204234,Albania,Rice,3.166111268904773
2003,1600.1745144525828,3797.193689545874,28.100219804038847,USA,Maize,10.66872070171235
2006,2689.3009235729646,3993.443530475969,14.649080601453296,Australia,Soybean,1.201581713172471
2019,1471.382717729634,4769.31599297926,32.73813898405824,Brazil,Sorghum,2.807562637043603
1998,976.2300207812704,3979.8319169899733,30.696759487654344,USA,Sorghum,3.638819998700609
2022,2765.9561706811974,2043.9649340572757,14.091046033198094,USA,Rice,4.234556237774612
2014,1286.2182119008341,4109.327499321478,31.779258299024313,Brazil,Rice,4.818098840822506
2003,1609.5315047644926,2548.2864141287923,16.806188409261782,India,Maize,7.508915851617826
2000,1120.809771085896,1395.793022267641,12.021743645802651,Australia,Sorghum,0.7874993086867021
2024,2055.945280814043,1521.5561699737518,26.420557662855252,Brazil,Rice,5.008478724128183
2003,2986.0874300168994,1126.9735189313576,26.345116484608265,Albania,Wheat,2.754611465139913
2019,271.437936821355,733.5148595205695,12.373300239140452,China,Rice,1.9866476710917627
1993,2719.574416819884,930.6071551497151,17.971295223414558,Brazil,Sorghum,1.5656215580600792
1993,210.99295956994314,325.25846926955865,34.82036155638846,USA,Potatoes,12.509243127825261
2017,1219.838067209391,4443.369816012608,26.960666675218423,USA,Sorghum,4.048632102954407
1997,672.0990576106401,4655.7289701491245,28.251879165083228,Brazil,Wheat,3.4122216486916925
1991,2320.5569858831436,2937.9842585445385,15.322932140107643,China,Maize,5.727676655158811
2011,341.71035412008575,4204.042887477338,11.969551775097859,Brazil,Wheat,0.539134127196917
2005,1749.7578700361182,926.0198022392042,16.92254224352344,China,Potatoes,24.511011136705278
2018,1025.7931747668754,4509.352387882655,16.2224596298298,China,Potatoes,25.68806099297895
2019,574.276696821166,2536.7441825562364,15.863602518701327,Albania,Rice,4.991871723805881
2001,2361.0909938873942,345.15331310171985,14.81885804717599,Australia,Rice,2.9220007306836715
2024,808.7671359147188,715.1505950258594,24.36889226638511,USA,Sorghum,5.661840029682913
2000,826.290593753829,1551.7925393262176,18.202586896045545,USA,Soybean,4.2494596794924915
2010,970.2149983861843,227.35232597020965,30.50862537618826,China,Wheat,3.975179657687805
2010,1842.9469387184768,1553.3739563070435,14.5986854461846,USA,Sorghum,2.6202655232420633
1994,2047.0646087340951,309.05286126327,21.615676771713613,India,Soybean,2.4429040276599197
2009,249.2870663637659,1187.7777499121976,10.341445910652,China,Sorghum,0.5
1992,877.2349811186128,1335.6920817236435,22.0420580613798,USA,Potatoes,25.63335470295336
2022,1406.718359014792,4971.9011920703015,11.39595552191186,India,Rice,4.802225706308536
1998,1129.5354660514527,1185.3779020806855,34.44308779681609,Albania,Rice,4.106342716555841
1998,2675.677843830481,1203.5403802035157,29.764803216260322,USA,Sorghum,2.2307938465267045
1993,2405.5844464819725,3437.076952108341,22.252786915911386,India,Rice,4.197177797494239
2024,1952.4926035087171,4298.193817797095,12.164683954483756,Brazil,Maize,6.277166962241008
2006,1146.5187647917114,1941.4065088844118,24.811136019760355,Australia,Sorghum,3.577346751506791
2023,2161.882565569247,4379.333919504055,28.969093767546937,Brazil,Potatoes,15.819516404742402
2013,2562.1864359682245,1707.3086835313081,14.767931325118631,India,Sorghum,0.5
2021,1865.5250566051627,993.1092392789463,24.205208519687268,China,Sorghum,4.154593958485285
1990,2396.4921073014616,1654.8977333953403,30.3552724595717,China,Rice,4.686489930685253
1997,2297.4938919192937,3050.688305900682,29.20619444115791,USA,Potatoes,19.461114951462097
2012,1800.8644712489022,1842.044364967248,30.07480044667882,Brazil,Sorghum,4.132374935143318
2001,1074.1130071002308,3367.740081906551,31.983085621742994,China,Rice,6.749858062699868
2001,2288.190042403561,1192.3100383181873,33.442052553986755,China,Wheat,1.6446995223247356
2004,779.0298258012981,3507.954541005852,20.1380288800884,Brazil,Potatoes,21.494197932003363
2008,2382.5673701202945,1743.7174326098486,24.219227563071932,Albania,Soybean,2.634348242457185
2015,2452.7307379990925,2284.7831742936532,29.766488151140273,China,Maize,8.099100893795885
2018,2502.005662797045,2793.1482508100507,27.428495348644578,Australia,Soybean,3.544359731900257
2011,1524.1647187396813,3434.2627658981082,34.88800570660947,India,Potatoes,20.862178778894044
2010,738.9461497571807,1201.181322325181,10.341941277616103,USA,Sorghum,1.089635862628815
2009,479.22608018499244,4181.368231679944,18.878330382894767,China,Rice,3.8514810060536377
2018,2281.4115013661876,3611.9953212786463,17.025698156755062,Australia,Potatoes,14.947257432694078
1993,2681.531876683477,1178.1486159297574,16.557896254138363,Australia,Maize,5.185868249733407
1996,2022.3474047433388,4875.123067388523,15.563244562472144,China,Potatoes,16.958139274695387
2017,603.6481690874348,3327.3369852419873,27.728096020380725,Albania,Rice,6.33078986787066
2017,2817.7100558492075,2267.6101634688607,12.118986831883046,India,Soybean,0.6640476635410769
1993,2969.4856407100947,796.0613545120466,28.54022084858346,USA,Wheat,3.415581739393478
2011,1413.4601078177814,2670.7728015175758,27.335646050406837,China,Soybean,4.247317417497678
2001,1865.5108099665595,832.2316752673198,16.27010331252241,USA,Rice,6.113477998931174
1992,2376.2398560046418,2153.1634767022406,16.32084457912903,Brazil,Rice,3.6065560939309442
2011,2261.891412140125,2049.475488470199,25.721514633612554,Australia,Maize,5.762407021890071
1991,2909.804137413658,3602.498825293826,29.054277637091946,Australia,Potatoes,15.993376879825338
2013,521.672655020609,969.9920743090065,31.912140327184137,China,Potatoes,24.8344351313582
2023,1826.029625199856,4111.138060805521,31.303489096361893,China,Soybean,2.746046756708475
2016,2137.4079750846577,1637.4003118106673,34.122074854096326,Brazil,Wheat,2.6566064684017103
1990,2692.2755877254763,2225.5032485741876,24.53462238341278,Albania,Wheat,2.7432903312002876
1997,2647.506957610822,3863.981468013674,32.71638903350899,China,Maize,6.188628220846765
2012,2938.399421971612,3130.708074570439,30.212831831510268,Australia,Rice,4.727169491472666
1995,1633.8196710255013,1547.0465054916674,32.366690607850344,USA,Maize,10.381114783488535
2011,2526.1304270770343,1937.1525934839462,10.290665032134166,India,Potatoes,12.670106743473061
2014,1396.3887827565175,1535.8762018081547,34.14757479664527,USA,Sorghum,2.019276370293204
2007,1382.4788579968904,2977.903134713014,21.838254071161955,Albania,Sorghum,2.29627692495926
2006,909.3754205240052,1669.7964207021303,29.954574739371072,India,Sorghum,3.147538667991354
2001,2491.0644036538433,3631.2314969678728,13.180102983444522,USA,Rice,4.625466784445769
1995,2960.2822962778437,2903.137921332793,19.89852739534935,USA,Maize,6.51827379170027
2015,917.756839372322,737.0759926200699,16.78651657552477,Brazil,Soybean,3.2448783236055263
2016,357.1684464590025,1558.2404072126133,17.291469262523425,Albania,Potatoes,9.271374499900677
1997,2483.5188247732203,1115.022735131677,13.081390498772043,Australia,Sorghum,0.535215876962972
2008,1936.6441470973173,1957.6629306319116,30.144095813575174,Brazil,Wheat,3.1144548546303605
1990,2887.1566415428124,2584.760590184722,10.231057864526955,India,Maize,3.7781351149066174
2018,906.2698134154663,2538.7466578477083,17.812636424630064,Australia,Potatoes,20.898961908591318
2024,398.877442403587,3775.0731460508123,14.360263580410376,Brazil,Potatoes,10.12629555784362
2003,1578.8383304262043,953.9675993725297,24.725973515208512,Albania,Wheat,4.44076406432888
2024,439.30486430241297,4732.89941819426,16.356310065363594,China,Wheat,1.0708718078046275
2009,933.0120030875809,1720.7970833420216,16.474961363202492,China,Wheat,3.505686815560267
2002,552.7380102936712,1508.2417461115313,22.20845359988297,India,Sorghum,3.326594924890969
1997,827.5701030482204,3429.041105119297,26.317225983523144,China,Sorghum,4.774588844987633
2009,497.2050278998972,4029.527977128482,13.03261761412909,Brazil,Maize,2.810199308704549
2022,2870.936798396399,1898.5741064201304,14.387786311637404,India,Wheat,1.7068618983341886
2015,979.9755976592594,3736.766404720946,16.17936861486294,Australia,Soybean,2.8762259028219503
2010,1442.9132407791833,4419.842421118913,34.343705352949016,Albania,Potatoes,18.76621580122317
1998,2716.1130613758223,3836.3502893827176,19.92881249857301,India,Wheat,2.1216270057260695
2013,2096.500446292128,180.64046299845663,24.974752265775663,Australia,Potatoes,15.866546800813483
2006,1930.5049455729682,4138.570867717279,16.03857031789945,India,Rice,4.879094136923425
2013,2175.576933010344,3874.659982687293,22.2614881289372,USA,Rice,6.589738088504313
2010,2520.702319895069,3349.758288384398,11.852979359648952,USA,Wheat,1.8705394392130599
2002,2657.4739499849306,3802.5118712486383,10.868553648058173,India,Potatoes,13.81755259458267
2000,1999.391077862074,4897.332725201375,21.718338170536505,China,Rice,7.871618019000876
2008,2692.0203691433617,2161.253310213565,19.966482187960302,USA,Wheat,2.5568450435871624
2000,1699.1130767913353,345.44394242344305,13.422007992295692,Albania,Potatoes,18.745882885008363
2002,976.4143975515856,2309.840948442306,27.190035723018344,Australia,Wheat,4.588854960000389
1990,2664.214784874764,241.7039404013292,34.82258727248161,Brazil,Sorghum,1.0716547192455614
2008,1716.123916756644,1478.3095363614211,19.89117052991781,USA,Potatoes,24.860439997946358
2001,2737.185245188256,2938.530161065827,25.61396589793486,India,Rice,5.466328998513817
1997,312.4698790616274,1555.0182357015199,34.07439855911214,China,Wheat,1.2545083343273675
1997,1313.0441043154594,3430.1222770885975,30.788374311171882,Brazil,Rice,5.187965784459006
2001,2853.854051414911,4111.711775151748,21.588805582567144,Australia,Wheat,2.456971178038801
2022,899.0202597232477,2107.991504604889,28.437237111497986,Australia,Maize,7.8628037310891195
2015,2836.3014889077795,4501.688376952087,13.2033760062631,USA,Rice,3.1804045994191315
2017,2870.9268911618997,408.39626743849703,22.80259638659498,Australia,Rice,4.691527365302848
1994,2669.998479832411,4202.164689360245,16.976506929498413,Australia,Soybean,1.4190996424339317
1997,1778.2705262612365,4144.579995742101,14.029092197404028,China,Sorghum,2.3493430197803487
2014,2011.4304574257878,1616.7495426705568,20.657022656363374,China,Rice,6.098832031368807
2016,2634.927595659634,1500.5887837518287,13.275363860840361,China,Potatoes,17.15603486614006
2012,2372.5118306897166,1532.423955956028,27.47462770436214,India,Wheat,1.9493927318370137
2019,1964.2627784751523,4058.8546245986104,21.406001101333388,Australia,Maize,8.37566623675305
2012,2950.3263420379676,4159.950903174874,23.278615814116595,Australia,Potatoes,16.66909532650367
2009,2119.894581734344,1655.3150695500613,13.659398466703925,Australia,Potatoes,14.059527485904287
2007,2931.349578853731,2967.0258337478645,13.494291527337362,Albania,Potatoes,13.26330624773044
2007,360.68772889985405,703.2768149078679,24.5853858815031,China,Potatoes,14.871406546962934
1991,589.0890380781949,2349.2059040223003,34.62524369573616,Brazil,Maize,6.343929304755714
1993,1464.0847688013737,4993.976325769136,12.40626458094314,USA,Soybean,2.581853438982091
2019,1277.6624904760824,802.6073470541718,17.143285714144533,Brazil,Sorghum,2.211613328740004
2022,2391.6575557996775,4738.337573400694,31.73647791344719,India,Rice,4.416064950571171
2007,649.7192741137706,4123.031062605389,11.806800306380923,India,Potatoes,20.68740766594512
2008,2933.066501512168,4861.3511082218865,31.897143034173784,Australia,Rice,4.298898021371634
2017,1082.184450730559,906.0980154465598,23.107149584368777,Brazil,Rice,6.782182341058287
2009,1400.9863816724464,1075.4572673123876,20.206669348160645,Australia,Potatoes,21.72849953642475
2022,969.2860908320641,94.16723685694483,17.742014108786396,Albania,Soybean,2.1571812051275736
2001,1822.2181285143324,3626.262046448872,17.427928953196048,India,Rice,4.763958541509856
2004,364.16036118323507,3224.0325202465665,17.64506456123697,India,Wheat,1.3536958710076452
1991,619.0970155972566,898.5465372404132,32.1200770240049,Brazil,Rice,5.698724298370466
2018,2288.2335695724278,3957.8133780549388,28.094880754369637,India,Sorghum,1.5933800165369894
1999,722.201633533451,1502.98557559731,26.743075195778765,Albania,Potatoes,20.480489476282745
1991,859.440464358656,683.6278909598694,29.96872872380002,Albania,Maize,7.755403536270514
2000,2420.3502600295456,2118.587698446547,16.427866575103625,Albania,Rice,2.30264145072115
2002,461.2432994003101,463.9395436500118,25.451070302043895,USA,Soybean,3.4197974531601067
1999,1424.9267037583545,1323.5858448035008,21.501655973948772,Albania,Wheat,3.465616766164858
2003,264.5774835922356,1862.9534585524573,29.561040880004835,Albania,Wheat,1.2350687927571626
2007,1171.0607180901306,4260.802230825608,17.731402761832136,USA,Maize,10.063791769173616
1998,2157.147927310112,3964.8182190531747,26.079465421747393,Australia,Sorghum,2.572853082930318
2017,452.28918320823925,2219.343885895585,32.05531029543283,China,Maize,5.683801469653197
1992,2687.3369549805284,3625.629538184414,20.05376190487322,India,Sorghum,1.3941113087340908
2009,2746.597320234005,2847.5616845332347,11.665552184186536,Albania,Rice,1.1850101485399445
1995,493.9730503503783,1710.8008568395596,22.90127055854482,India,Potatoes,11.812300032525705
2016,2974.0508218521745,3632.1129740414713,18.649312195175646,Brazil,Soybean,2.3343659449835408
1991,1033.082749507369,3420.660780787226,26.805634513679372,India,Wheat,3.982195670526573
2018,435.48467916849694,3099.2812665460738,33.77582311871515,Australia,Maize,2.7817475907320954
1992,214.18792059233436,3093.5980500058204,22.140207949921177,USA,Soybean,2.46437595663198
2005,1343.8641081388153,3418.080141711614,21.654755753888345,India,Sorghum,2.3059638871672825
2019,1963.4679599771296,1928.8821080862658,26.364620004786506,India,Potatoes,22.258683058656413
1991,1130.1018997292772,4346.688317187834,12.587437589839192,India,Wheat,2.166045970428362
2006,2542.8086233289437,819.9161490273395,16.337654723125368,China,Wheat,2.6902852373765054
2001,2206.49757158214,4420.588461563379,32.974483137509964,China,Sorghum,1.0129016850834196
2024,1180.4522895104915,1717.986396729652,26.748565334094156,Brazil,Potatoes,22.671843013496748
1990,2256.067066504093,633.9077618870264,10.336101099585406,USA,Wheat,1.138376963993789
2004,2833.3656635138996,3004.1367393688583,15.115636813975495,India,Potatoes,14.805292614241697
2015,460.66879592044785,1886.1734786613222,27.070931650722475,India,Wheat,2.8428931742339856
2010,1057.0910884413272,4079.343638246561,29.109980064064356,India,Rice,5.614978335449747
2020,1497.3126295267411,2159.6194879585487,30.996489316851047,India,Sorghum,2.925738404410818
2014,1594.3723577133521,3346.127002554928,17.304420084551122,China,Potatoes,24.554143511622193
2012,1718.1478056810063,1548.2073676290793,33.275714906939065,Australia,Soybean,1.8770630824018888
2013,1041.7553383082159,1055.167351376447,23.82367233944731,Australia,Rice,7.694854182303297
2017,2068.3270087505775,1946.3646644346309,27.41347555969732,Brazil,Soybean,3.2519431866280457
2010,2006.2366098835232,3037.971094666143,24.918471569497697,Albania,Sorghum,3.581490115686882
2007,1817.900217560519,3288.1642286646456,13.068501366865512,USA,Wheat,3.113512696951488
2024,518.5328207904545,2895.2512598371113,34.07786648462199,Australia,Soybean,2.4841996606513845
1998,1535.5100950686447,4940.398035934303,13.071889497353816,India,Rice,4.903325451515429
2019,1197.4352849702518,3458.540030610875,16.372048910279588,Australia,Potatoes,20.67575654476321
2023,1574.9077155467432,4658.28294170862,30.340697005574505,Brazil,Maize,7.781123430542641
2021,2781.226019442073,598.4866425269208,25.46492403752754,Albania,Soybean,2.2987765282143027
1992,1545.4877608435431,316.2509197692595,30.953729134408924,Australia,Maize,8.0041699398219
1992,239.14621715063316,1561.8635630396489,22.893404709351124,Brazil,Sorghum,1.2129647727835748
2017,1428.7428666355665,691.5788024983555,19.42483088416587,China,Soybean,3.284555531940192
2004,2497.81490413827,2634.0839558590555,33.046137488694626,Albania,Soybean,1.5013920239520704
2012,2384.170585010871,2599.716455081161,10.90630793786987,Brazil,Potatoes,13.526859024115996
2000,1637.4922058789068,2879.485360555311,31.403255508826145,Australia,Wheat,3.986237737870681
2021,899.3532360060829,3728.687125347053,15.770444629694541,China,Rice,6.272837202323271
2022,1502.2482561607262,4856.935204059477,31.218408193849196,Brazil,Rice,5.490108824816705
2013,1778.3662143709366,4392.510870281341,13.47991533542214,Brazil,Rice,4.927153961557481
2023,2999.6400271675748,600.6525254821522,24.505474092263512,Australia,Sorghum,2.2150663850992345
2017,2003.6986524742565,1699.1833069655797,32.202697975286796,Albania,Wheat,1.4823211097572053
1996,2143.941804175318,1286.556894989729,21.83849117247226,China,Maize,7.096496130396986
1993,1576.0716019905456,892.318615321166,28.66416684508482,India,Rice,6.102062743300975
1990,1192.5707421910836,2728.177134512365,30.11679044638896,USA,Maize,10.818447953710887
1990,2476.2683542121767,2770.7893661433254,28.41235521791948,Albania,Wheat,1.905496962496671
2009,1585.8105081498613,1143.951691161426,33.13324342186496,China,Sorghum,3.333260992884381
2008,2985.1323639006705,3562.367279030361,21.170855762998215,Brazil,Wheat,3.211987592829298
2018,1479.9376079505234,3667.242352855831,14.328135979128895,China,Potatoes,25.459490014680817
1999,390.4007942132166,114.69017422132723,11.195276592561994,USA,Rice,3.364944127972141
2007,2111.218783852232,1984.8309415743597,16.16149674093763,Australia,Sorghum,1.7277154943761204
2017,330.596062592271,4451.801799596089,13.579937597006053,USA,Potatoes,12.998885433101183
2024,901.4044712771693,2606.389855136753,23.948718535862014,India,Rice,6.126800778581117
2020,1190.4671077837293,1744.6627291805817,14.6236334302933,India,Wheat,2.1048600328047162
2016,2270.5540397397176,1275.8439964596994,10.973342682234279,USA,Wheat,1.572370962853564
2000,1583.860593941316,1224.3390543922285,10.899745721716696,Albania,Soybean,0.5
1994,280.2086076687185,507.8424889155237,30.78923745912154,Albania,Soybean,1.351479059652701
1997,1927.179583572582,4087.9598312745297,24.78624828607562,Brazil,Wheat,3.705591006670131
2023,1352.0214647946545,442.42045291691437,18.952132547334454,India,Wheat,4.071269123428248
2001,2781.1366279079,1468.5508816504607,32.35570106850617,Brazil,Maize,5.1326452358521895
1990,1598.7744711926591,237.9219354461025,11.75491528519284,India,Maize,6.488088373205849
2020,2185.130408630149,3909.1189829212653,34.508051818195646,USA,Potatoes,17.337769642297182
1993,812.8317785227312,206.0255743116844,25.407294756361523,Albania,Soybean,2.7009199602680827
1994,2330.725980688629,1548.42250830236,14.586606349221212,Albania,Soybean,1.4219507877014275
2019,2218.6748693542822,2870.7538767324536,26.976727474424212,USA,Wheat,4.5106391140414805
2013,2731.428783915663,2053.7111878642845,29.084531494589065,Brazil,Wheat,2.5887443472737495
1992,294.7005968137578,1418.5326255730113,20.73356958426936,Brazil,Potatoes,11.840582847195748
2000,1453.0019533288632,1383.193471413433,31.540815156138684,China,Sorghum,2.8180349045616304
1993,2101.6351276709647,3990.9736269711843,13.768310182411758,India,Sorghum,0.7125090101624445
2015,466.4589202246021,4870.150694485353,16.97093958944021,Brazil,Sorghum,0.998311790868175
2016,1349.6913880169548,1746.724941539479,12.337309039599745,USA,Soybean,2.738307779593636
2016,2838.010488585347,205.33611290899245,15.271946015183804,Brazil,Maize,5.391349332502098
1995,1420.616574495159,192.46323176645103,15.968220297778625,Albania,Sorghum,1.6863387712935691
2004,2959.133393745768,3798.474941901483,32.94082977304275,India,Rice,3.638007262059941
2019,359.14937102349495,2766.3254098295433,11.952742218778905,Australia,Potatoes,9.406120788652755
2024,2209.9233731944955,3920.127360512479,20.685378004692737,China,Sorghum,2.191529634946854
2012,1826.8454614951545,3490.510081339988,23.309967180672825,India,Rice,7.074923614980925
1995,1601.5110959699512,4538.456682834329,32.46732634505402,Albania,Sorghum,1.1466496020566097
1993,2918.3727241580264,4430.263212322651,34.94240546653034,Albania,Maize,4.744244556995345
2007,563.0211213751602,3943.7537041496753,28.834702872995894,Albania,Maize,7.426494652339695
1998,2708.7970647065576,2381.193908610297,34.26977476422574,Albania,Sorghum,0.5
2018,2135.4731511825084,1547.5507739432237,29.677528313396845,USA,Rice,4.64238598832939
2002,925.1890052389716,2540.063669348753,34.080066024285415,China,Potatoes,25.313187589957813
2006,2724.6736077704213,2515.3373205259195,27.68176814861138,Australia,Rice,4.647853677325819
2021,1402.025770010837,3055.274988957795,11.994085636276777,Albania,Potatoes,18.39444734534706
2011,2479.8365186045985,938.6268632366914,20.048004674816912,Albania,Sorghum,0.8803372518230942
1993,1288.74224773272,3281.5432034204937,26.16493209506176,Brazil,Potatoes,21.88275045784837
1994,2582.606316813075,2288.438611787021,18.767962736356274,China,Wheat,2.9342850641477187
2002,1982.5615316461362,3104.822111384887,16.834597952844465,India,Soybean,2.2430429050586467
2023,594.930574034436,1205.628066368533,24.434981678327276,China,Soybean,4.864834919058492
2011,2019.056857714677,2177.6305204480013,33.33754691756087,China,Maize,6.5565635875332084
2012,735.7653355652433,1058.9040601180761,10.87454683790384,Australia,Wheat,2.1654481708300044
1992,1353.3833581036554,4377.77273221644,29.230780088535944,China,Soybean,4.946153736034219
2023,676.8276359056945,2444.9256147572723,28.068181951115676,Australia,Sorghum,2.424736340626603
2021,261.64512386793206,1132.6572637133224,34.09883563470718,Albania,Potatoes,9.500773243127252
2010,793.282310459881,215.63139175031597,33.26778055831359,Albania,Potatoes,18.09188234122624
2010,1701.8416664275521,3381.935936621174,29.05581405110482,USA,Rice,7.730168841378172
2000,1548.370709776569,1081.077122808881,23.010219117064967,Australia,Rice,6.767041803333425
1993,1604.1918675009783,4948.015139670703,15.106688830837996,Australia,Potatoes,19.953225268255657
1990,893.5232596504836,2673.164863341706,23.63089295813936,India,Sorghum,2.9701720408090995
2017,2118.4513617197213,1451.99521127768,29.133799847991344,Brazil,Potatoes,15.793130680527344
2013,2171.937203096968,3291.8103946252254,32.39173031594733,China,Rice,4.698331027303035
2024,1202.3099115670634,1383.347417956047,29.742800230263725,India,Soybean,3.1532782400420003
2002,2667.2762477276883,4103.168726609635,14.881673379776348,Australia,Maize,5.121316015779114
2023,2003.265006579534,1548.09789414041,24.992157855701485,India,Rice,5.531562210906512
2000,2196.509970724169,4941.356184655587,18.304336488283926,USA,Sorghum,1.701332114152388
2006,976.5517702290304,3029.672479372015,10.230141684766075,Brazil,Soybean,0.87082875884522
2024,201.7125784356437,4223.61163322389,15.00552339471665,Australia,Soybean,0.5
2007,2623.051713885907,373.3491931963269,12.830516248336231,Australia,Soybean,0.6790897614410993
2011,2502.7882768234635,1748.014092757079,31.067978088486715,China,Wheat,2.2881646203581014
2013,544.9372865199246,3690.0605599690866,16.462656303695297,Brazil,Wheat,3.15292894537181
2008,1247.494377877658,3278.7444965295076,17.11744922218889,USA,Soybean,4.056684280197222
2010,2051.750063488031,979.2731759544513,33.99841429497211,Albania,Sorghum,0.5279788200521726
1997,2025.9104002124388,1787.4526232434523,19.477168076221304,India,Potatoes,15.001786778408599
2017,2608.980937463958,1324.582603362829,10.239641003609863,China,Sorghum,1.2863309546571209
1994,592.7508525792,3070.7171471115967,17.096153708653414,Australia,Wheat,3.9755812521005316
2006,1403.8312937983326,1729.395464999287,12.982489515045312,Albania,Rice,3.5270042304240397
2008,472.22837019398935,1552.1806675817456,12.570214043396348,USA,Wheat,0.8309524067561982
2016,1290.8666956281588,1044.816122377345,11.937182253393738,Brazil,Potatoes,19.899403213750066
2023,242.30084764557228,2051.0453333640953,24.831486754384432,India,Maize,5.249457177156442
2000,2715.1645823083554,985.5579250808024,14.733693090746467,China,Wheat,3.038786444081165
2001,1675.723191120307,4813.222241014385,19.03106985102526,Australia,Sorghum,2.573795405556723
2010,2579.44633024659,780.964039361564,31.55044290325042,Australia,Sorghum,1.5416192948662648
2000,367.73316280941856,4567.390527644294,20.60845349490689,Albania,Soybean,1.7773676585407272
2017,836.8827093241778,2148.080759801344,32.89228375129094,Albania,Soybean,2.8651428815713382
1994,926.2639866193057,1895.551297892993,22.44845133489016,India,Soybean,4.185529484604124
2006,1282.7361849886065,1164.2858065151956,19.970915370993893,Brazil,Maize,8.416261550524238
2009,2448.025842713129,3182.4241084939204,28.75972317726754,USA,Potatoes,18.071991094857406
2001,1282.3620464481794,3430.7847949040734,11.829377469200052,Brazil,Rice,4.12884841947051
1995,773.0298830097156,2343.179101639563,12.236959574560435,Brazil,Sorghum,1.545087046331084
2006,381.97272894855155,287.9774095101864,26.299342848074016,Brazil,Sorghum,1.948648204888467
2008,422.5768953875249,4593.365651935864,22.173517830981204,India,Potatoes,12.269397181780235
2015,2328.1321766907367,4901.842373053141,29.760381257980256,India,Maize,6.816385298842217
2021,1445.4483749025724,2160.9066419070564,32.90677093358829,USA,Soybean,2.834101501548191
1995,2233.307141600043,3072.1674289725424,19.70917194178869,Brazil,Potatoes,15.912312677986495
2000,2110.403940938353,2256.9901449562963,24.910250664616157,India,Rice,5.002979920686361
2022,579.0148929287218,1616.1794579217417,22.517415694882747,USA,Soybean,4.960579990385726
2013,600.0862157383481,395.82077636046006,34.540266391060825,Australia,Rice,4.970510586794745
2012,2314.957643215575,2285.7779746825213,30.77711018391488,USA,Wheat,4.134825188055622
2004,2219.551221759168,4093.738936233663,32.79344270693384,Brazil,Rice,3.7222278388650745
2016,1258.486147248069,94.98699082913784,16.358502189440102,China,Soybean,2.7996539592144676
2000,416.78233733195225,2914.717339069309,29.31316057906486,Brazil,Wheat,2.1461987532806392
2006,233.87446075566615,4405.052822546178,16.636830624941222,China,Soybean,1.4288742411506903
2003,1006.8394584928856,1095.5716557716464,15.218563335709748,USA,Sorghum,2.922758409960358
2016,225.82236604423542,924.4467647984203,33.60665399138877,Australia,Soybean,0.9442094315188121
2007,844.2033390903696,3863.660362252696,10.482610417946667,Australia,Wheat,3.1470358572707138
2017,1374.6020725917479,1282.8812912852736,34.13471759158574,India,Rice,5.07523656536701
1993,539.9641428734717,968.0014951276358,13.731547424720155,Australia,Sorghum,1.340312817796242
1996,491.9777219283295,1896.166360340483,30.485952044831706,Albania,Maize,3.2982723991387353
2024,2710.0248200124624,1968.5850412283876,16.898063826702575,USA,Maize,6.481725842546312
1998,1839.31608126409,4371.764304452664,18.767558185768184,India,Maize,8.088198730297783
1997,2816.4759229357883,3096.032924949048,15.418942783049623,Australia,Maize,5.026303812145678
2006,1168.313258599902,2035.747667134551,24.63785106202699,USA,Potatoes,26.74211952684259
2006,2096.005824521657,2676.5959417859767,18.702388687696853,Brazil,Maize,5.230200860889708
2022,773.1366889410131,4770.286514293118,26.43482598736658,Australia,Wheat,4.095720801336143
2021,1931.3528883838353,574.9412362833779,10.391182948551648,China,Maize,7.768450009050056
1997,562.8400440279563,1046.5004534062102,11.60937208787599,USA,Soybean,2.860351351924866
2008,205.82578969360011,4813.0182458669115,12.491528818281216,India,Maize,3.400669976827155
1992,2808.2890439468215,4787.050994150749,20.474842132755775,Brazil,Rice,4.2801800941823664
1994,1753.7042532905862,894.0554521112155,30.3699043164994,Albania,Wheat,2.755071937167494
2002,2795.4338557897104,734.0929974552381,32.20444775945957,Brazil,Wheat,2.0485234938676373
2020,1134.7282663658016,2111.214820349713,16.120268501522517,Australia,Sorghum,2.9526610356312606
2005,1117.800993652919,258.0942795149658,24.359243105975352,China,Potatoes,27.049192139305077
2021,1321.8340049644887,3277.968626102849,29.20912481731501,Brazil,Soybean,3.6883105927367326
2011,2176.914755082871,396.7051480920935,17.22073574799022,Albania,Wheat,2.104775152963924
2018,1784.2641757212878,299.5678392004608,20.225193418406832,India,Rice,6.700605663497395
2011,2790.99373987753,2431.0828116821576,23.09935506714285,USA,Maize,7.1132630773231345
1992,271.2345231708302,4789.355314189406,13.371871160201191,China,Wheat,0.7820722909907533
1999,2182.948626323102,2139.711720955166,10.649557343144508,Albania,Rice,1.5689953338409475
2010,1124.917530226352,1788.8409817161498,13.820145232957081,Australia,Maize,7.232080348019832
2005,704.6542250916914,4989.804010356407,25.671340531338334,Australia,Potatoes,22.371554954056453
2001,1629.107743056277,2664.525114288125,11.840456538342043,Australia,Wheat,2.5406547709230423
1991,1614.1785957039888,1882.4546203823402,14.742409121253207,China,Wheat,3.3520812959971193
2013,583.6308803275995,1935.4454585745932,18.446347142382592,Brazil,Rice,6.353675920496512
2024,765.3089571720916,982.8478852072174,11.94675160765916,China,Sorghum,1.6592570323020917
2019,1342.8610617243537,2565.9930566632192,14.79248177904086,Australia,Soybean,2.548293655588395
2019,1344.671954698483,2199.886590558349,32.78174472458778,Albania,Potatoes,19.226185082237606
2024,1089.1627909351173,1361.2685287735928,10.482478305674618,USA,Soybean,2.634903150130723
2008,615.9264242279467,811.0950321427813,26.335798104359053,USA,Wheat,5.528235451727701
1997,212.24630148274267,1563.081954651093,19.610223272879622,China,Soybean,2.2194708237874194
2015,2916.658174798458,2548.329805161769,26.81621848580928,Australia,Maize,7.2997659239294705
1996,2841.7978431709953,301.08302870116034,24.717293009085115,India,Potatoes,16.485794314257507
2019,1554.2210616931784,777.1827026339403,15.587468858866107,China,Soybean,2.7055186373873847
1996,2986.144909170016,4738.809762175786,31.180237189334715,Australia,Maize,5.878665541581082
1992,2086.232126190281,2718.8482016463813,22.298509565233918,Brazil,Rice,4.636477871512713
1990,392.8011053011163,326.612025263589,30.563400472836793,USA,Soybean,0.5229108411534211
2014,529.6109574313566,3468.507916260169,20.15031340470548,USA,Potatoes,26.06865009539308
1990,2765.1103628349856,318.39632169438335,34.61713884788098,USA,Maize,6.103219191402432
2004,1964.1461660189595,3696.9823929614013,29.262233962532406,India,Soybean,3.9865392257773893
2002,2560.914154640583,3752.313981382934,34.14875512781434,Australia,Rice,3.006721868546741
1997,2715.155018974764,3258.8840889887706,22.858161972746473,Australia,Soybean,2.023249909269827
1994,1454.237631590681,3663.700677650555,21.842278307267513,Australia,Maize,8.663121188183487
1998,335.8726644147405,448.9492472551581,28.886345233131447,Australia,Soybean,1.8182763868027516
1990,727.1849769125017,3636.6349562527853,32.00728157533575,India,Potatoes,21.055414608233978
2024,386.40145244681827,692.0747154221759,34.103644896638954,Albania,Wheat,0.6766822529069288
1991,728.4715679558205,1704.1344772865007,18.113797650812494,China,Maize,9.020466016005145
2012,1349.492194076455,4714.298814968158,29.96761434606597,China,Maize,9.91994694072186
1998,530.9510694419591,2519.348633519109,15.266139940888419,Australia,Maize,7.070632699304028
2023,666.8530938549611,4837.457896094239,23.63935866863613,Brazil,Maize,9.488443670732558
2003,1448.3009898007017,453.7230698448204,14.49620371022998,USA,Soybean,3.01488785385891
1993,1152.478661087771,2393.0074318202687,18.68493404375847,India,Potatoes,20.987024447402387
2019,1509.4427477265147,321.38757818158456,33.28395918016148,Brazil,Rice,6.093938326212924
2020,1401.6816777253737,3154.7492093724313,13.652267494327152,Brazil,Potatoes,19.998848721462796
2000,2004.5384727436738,402.74793682889674,25.810022378379912,Australia,Maize,6.816928424492224
2024,2824.1307368523926,885.0853346764828,24.823856823185082,India,Sorghum,2.620651360867396
1997,502.02014764387894,1301.5632472457096,13.018458817724662,China,Soybean,3.397872487598666
1992,477.92841806574575,3746.231819805771,18.149476094220304,USA,Sorghum,1.2447637400003309
2003,2587.8571110545254,828.1709729021931,24.07453761288164,China,Soybean,3.569135955211717
2002,1617.9107730268856,4234.6939459324085,14.679465224712256,Brazil,Maize,7.083522988225441
2021,2345.9340659916384,668.2006547656963,30.015591410320386,USA,Soybean,2.780441878313665
2023,803.181330100388,185.86980086008012,34.30391273836875,Albania,Maize,6.920506977763876
2008,2520.815204869145,1981.2766406586425,15.368984999061801,Brazil,Potatoes,14.876318986238106
2005,2786.7705477395484,4897.413793436763,14.672799119764399,China,Wheat,2.213431250314283
1991,1979.352443530167,560.6077166659984,21.373376794936114,China,Soybean,5.061878091871517
2006,496.46126012664627,517.575035757749,28.694131928500806,Australia,Maize,4.810220671680426
2023,2706.8254796377487,3758.3208888701633,17.040015255881286,China,Sorghum,1.480512171848031
2005,2418.9656366361996,1567.686853027891,10.49699771743201,India,Maize,3.1771250740704318
1991,2302.4577742405713,3589.2352699563276,23.53051570082235,Brazil,Sorghum,2.3078948899732747
1991,302.83892893656355,1008.0528413223832,33.91501419418269,USA,Soybean,1.2895099198873288
2015,2437.0950707195193,2305.759251048833,19.78192138517364,China,Rice,5.402164407194244
2002,586.2628293113996,1333.7964899671001,20.50336385457751,Australia,Sorghum,3.440068318428596
2020,822.6812933512874,2263.1257922466434,34.22254292785095,Australia,Maize,6.794465626856608
2023,1815.9775376339212,3847.7944920006657,27.36519029066821,China,Soybean,4.340160037857402
1992,941.9461641672725,3812.429602983532,27.97929807105313,India,Maize,8.02763326192635
1997,2051.7749776733754,2583.7037154918808,24.06755013427669,Australia,Rice,4.336978729242743
2012,1902.5972535574285,4642.5755001680445,34.36523027158104,USA,Wheat,3.5152065692274954
2003,502.8188744371354,1326.2826712168871,27.221662110638903,Brazil,Rice,6.698518151363366
2016,2036.8408228562178,1209.153642084973,32.37581879012924,Albania,Potatoes,13.66545858979229
2018,2787.073747509804,3072.8939418654145,27.48447164333053,India,Soybean,2.230463639114708
1990,651.1077345203328,3110.2722007417774,28.3778956210099,Australia,Rice,5.921922265568925
2006,1871.7736586400847,242.2347974292202,17.260273053556162,Brazil,Wheat,2.236844384119088
2019,1157.2230414227433,3042.810784810619,17.586967450345476,Albania,Maize,6.945612872057618
2002,1486.912680966091,1878.4364251715817,29.57461623940073,China,Soybean,3.715943662986382
2010,1003.6005014211157,3739.73820134959,17.41765722924749,China,Sorghum,3.6863990475040067
2008,1191.5657817735469,4042.4472660809115,24.069251770038292,USA,Rice,8.353997398372407
2008,280.9531051463604,2765.2475595397127,16.23380777266755,Albania,Wheat,0.7173010332620189
2014,2948.344866168218,18.50810719630278,30.424584520226734,China,Rice,4.50306838882366
2011,1949.439781803695,3185.465392731544,12.76253378069225,China,Potatoes,23.608505023746627
2020,1601.9756533828788,3746.9175855330122,30.73616599404161,Australia,Soybean,2.43027869542886
2006,1274.4029786009148,1252.426498495256,25.068245012690046,USA,Maize,10.591962334118874
2012,1710.2487647072774,2328.583545692536,14.672738370676932,Brazil,Wheat,2.372768472864751
2021,1264.2967964042512,4828.975850824823,23.550884637652956,China,Rice,7.554720843447838
1999,1207.7421969822853,1497.5966114365763,17.06247092118351,India,Soybean,2.816655765796623
1999,1499.0503168216367,1123.5347226982865,18.086683368262413,India,Rice,5.825725702323265
1997,972.7524942793343,1062.1654044852705,18.788201039922008,Brazil,Soybean,2.7267743077246713
2009,704.1397199069993,2798.4161634264415,11.582981174308024,Albania,Potatoes,18.481030677062236
2021,1758.4965149048219,4749.437635526952,34.64904211003544,USA,Rice,5.540126496063855
2003,2559.743221220843,3047.36374470977,10.788365703280602,Australia,Potatoes,13.587873102567341
2017,627.9188976324984,1523.5823699859232,26.56242182960696,India,Sorghum,3.2446993218241076
2013,291.6561536918122,3196.463192556596,19.280691193935766,India,Sorghum,0.7842934489068978
2004,891.0728864313012,3127.9630650129593,26.150257273667474,Brazil,Wheat,4.223539969235605
2011,2943.2178016706703,2988.6564272909745,18.906206327189594,Albania,Potatoes,13.57790701160783
2019,2520.52260648135,805.536772372627,26.843766156471467,Albania,Soybean,2.3731203296214525
1993,1868.4249498800705,3176.488328731521,28.23088773670902,Brazil,Wheat,3.9610765055998662
2002,2801.8969626807807,2156.5206180473533,27.26381600999112,India,Rice,4.081712729475335
2012,1446.781527144285,102.77437252893651,12.849049533953806,USA,Rice,4.912864950258708
1997,2953.185687210487,2703.424790866001,26.422330866367115,India,Soybean,2.7664078152307012
2007,1029.6457263339953,4946.4410586399035,16.999688736352432,Albania,Maize,6.544220983224393
2001,872.8560986446295,1755.2005583114778,10.720034264233337,Australia,Maize,6.219033821749987
2020,1986.5349632116308,4828.140499410105,20.37076679722385,India,Rice,6.043963649518959
2003,1258.8311102610091,490.0666508963468,20.838577570095026,USA,Soybean,3.8362933362670155
2023,1953.823517533522,3664.926078177858,21.679353333811164,China,Maize,10.20000876805479
2007,1053.9874512475203,580.5066733675483,27.620604134767905,India,Potatoes,21.36739614139564
2023,1930.171119146375,1375.122152040818,17.721095228561477,Brazil,Rice,6.26754318968587
2000,972.0895296381018,2858.4957682574004,17.882012827598064,China,Sorghum,2.5344525206178923
2001,342.7217926928918,2967.970672943977,11.513806406031515,Brazil,Potatoes,9.517069456321607
2004,2753.9805253849136,3878.3044729985145,27.170530399807397,Brazil,Soybean,2.4171700833321776
2020,2672.974565245694,3080.403922064922,24.1956522849896,Brazil,Sorghum,2.2704967164437693
2018,2918.2348179634814,2972.137374858998,18.7356278173447,India,Potatoes,15.159314998258793
2015,2206.276093419933,4562.6419040758,27.629724472933866,Albania,Maize,5.604231812817782
2007,2111.619297658848,2266.2821535236944,23.433943730671928,China,Maize,7.523375406144556
2021,1765.2085962095261,1134.0762356883247,21.731123646763493,USA,Sorghum,3.5162094883589012
2011,552.6387657870634,817.3250392679149,22.783113591528164,Albania,Wheat,3.492078923618747
2006,729.8588706579561,2005.973038079404,25.90870313167641,India,Rice,6.999341338266029
2012,1010.5151282831014,3566.6362484165415,26.500065114364986,Brazil,Sorghum,4.436566275431813
2013,2692.437815205504,222.2919898002055,17.22394547851793,USA,Soybean,1.6377924714010987
1997,684.3146688886104,653.9763986819365,13.51858408477883,China,Rice,6.144928388945038
1995,2784.044888566094,539.5061659171607,13.915854529762969,Albania,Potatoes,12.520270686703775
1994,1663.8000525439681,2930.398263726779,25.984772147575043,Australia,Soybean,4.386522190115853
2018,2203.594979324602,1221.8946061510187,31.82183214417815,Albania,Soybean,1.8594788491865246
2017,508.68456270558625,839.6345472239685,20.237406958638793,USA,Maize,10.046895591337998
2000,953.2939365725505,2967.9258915176815,14.238004008236558,India,Potatoes,20.22748828927461
1990,2883.852102907994,3808.9364781073723,28.915062457346366,China,Maize,7.092030798484952
2008,945.2198514032478,1667.4530330987952,30.812236860486212,USA,Maize,9.386055058779371
1998,1030.260817095209,2895.2409823262146,32.014561078024165,Brazil,Wheat,3.347223402027919
2016,753.2726775550225,499.64082186530635,25.17078572284333,China,Maize,10.194342885799921
2023,561.4062628591226,4676.6032419832745,31.51821398470212,Albania,Rice,4.761956264498249
1993,853.1213960711943,1691.1119647207165,10.385373961210192,USA,Soybean,2.6221882400273038
2007,1998.5152974622356,4987.553408935772,12.680895044238088,Albania,Maize,5.931180181822871
2004,1475.0296538099778,4893.152901690412,12.314401676302468,Albania,Sorghum,1.3040023690381453
2002,1750.516341746116,3896.3290121856994,27.815117106368326,Albania,Rice,6.525200858496434
2008,542.621520544868,110.13480608076392,11.739544588589476,India,Potatoes,19.494931386442346
1995,2445.92605205612,2721.939852717973,22.409109311657676,Albania,Soybean,2.5009581496194015
2001,2395.465161623574,443.3137379956574,21.81767246590723,Brazil,Sorghum,1.9174380926052303
2006,260.45175119949107,4476.738749547965,17.767588088956025,Brazil,Sorghum,0.5
2012,1273.8422646288539,3950.2849007105406,31.760129248552495,China,Potatoes,24.985579825439224
2015,392.5576855192139,4861.978479212458,14.2608300469999,Australia,Sorghum,0.5
2018,2417.8961823618824,3045.830936217479,18.811569609980996,Albania,Rice,3.5877204268451366
2022,2264.3551127519722,2615.6422943768466,29.35428750057323,Albania,Potatoes,14.845926396316585
2016,2725.566664020837,2599.6795411624944,10.760557859832106,USA,Sorghum,0.9113139810206696
2014,861.9310850687209,1938.377388527181,26.823760006159215,India,Potatoes,21.648147617339887
1999,1477.628472757837,2348.7634354734137,30.409943159039265,Australia,Potatoes,21.726285955121284
2012,716.5660560603137,3180.708789845398,33.30669597095418,China,Maize,9.14938172059543
2010,1239.4578165275345,4665.408561705823,31.907416012287122,Australia,Maize,8.44935390261677
2010,1662.2811043872753,2983.462847897595,17.98460292084213,Albania,Maize,6.673812398505947
2002,349.3262115480491,4287.008552163662,24.659103533073814,USA,Sorghum,1.9837866113529166
2022,2201.6371498966787,4315.271757399478,11.932337328761646,India,Soybean,0.5
2013,1721.2214090390107,2598.975052482813,16.446750088700213,China,Rice,6.230180422970816
2000,2521.0852481898855,1743.8735110731318,12.355559468687684,Australia,Sorghum,0.5
2006,960.9854033353522,3201.4736279270846,17.879682253849097,China,Maize,9.25321625291215
1993,2729.2990947539124,2234.9279361550653,31.879680336468223,Albania,Potatoes,13.838030448111207
2014,2996.343908485241,416.38992793644513,18.679170991857315,China,Sorghum,2.815557345698009
2019,2774.0356274574883,1895.267411157844,24.04745257503566,USA,Potatoes,18.72177789285588
1998,2378.0989323328317,4970.419968866131,20.83452120287352,China,Potatoes,19.424233801306542
2010,2474.6326480465864,252.07423143117316,21.472913107468383,Brazil,Potatoes,15.332414906034414
2009,1806.4838791248421,3486.367890385624,34.23930129591396,USA,Wheat,4.01392613364428
2008,732.4308161553093,4207.531638305523,17.403861706596448,Australia,Soybean,1.9209427803495829
2008,2095.7139184136086,3247.14225834214,25.683111738079283,India,Rice,5.329687086010226
2001,2195.7084057678085,2853.043673504817,20.501566739486176,India,Rice,3.2954817545131645
2006,2959.078392750136,3540.696540724,11.528654526192156,Albania,Maize,3.6313164983993587
2017,1715.6436855177012,2152.420259125282,22.2332707906059,Albania,Wheat,3.919022815401279
2024,959.8332420701579,465.895069171295,30.333583226127708,Brazil,Sorghum,2.636092398979193
2007,2114.283060870619,4812.2350539738745,12.46882421704221,Australia,Sorghum,0.5
2003,2942.2522950660727,2167.1808422211384,11.739796184907725,India,Rice,2.8068047628658377
2024,696.1989431534632,3330.2922934684075,13.840788009831666,India,Soybean,2.219254135865146
1996,1112.7941718996876,2661.2390800775834,29.110002784732654,India,Potatoes,21.46736919158904
2002,1717.266670563507,282.81862916799724,28.09988460361845,India,Maize,8.79836500308692
2007,676.6009776696135,4764.205538952767,24.125444222652764,China,Soybean,4.820741568762814
2002,262.2177906558274,3964.760758310473,21.70566010231581,Australia,Rice,3.619793249122088
2020,1143.5527428355017,753.9984934022807,32.20814536756555,USA,Wheat,4.106767050477513
1991,2623.0382442029627,4908.427892678451,29.167445595837062,USA,Maize,7.379807511147206
2005,321.7115181064015,3687.1378471368225,30.29855628254513,Brazil,Rice,3.2382940620878182
1998,1401.001365247369,2366.8850356372614,30.331557533766357,China,Sorghum,3.083219828721995
1998,2334.162164193031,3060.7365822322704,26.06792886863895,India,Maize,5.970832810370444
2000,2868.9112713504787,542.6160432528416,21.450365607898647,India,Rice,4.543024784094598
2011,2959.3311172124104,2806.4534349778987,31.61694381464126,Albania,Sorghum,1.8283085814050453
2022,1381.5142657044767,377.56874936512645,33.150185440081266,Albania,Sorghum,1.7863582831000295
2012,2861.0760242615293,2728.827733025317,10.595151081458575,Brazil,Potatoes,13.673701062876507
2023,299.1731251864185,2767.9514869262994,11.288871831656282,India,Wheat,0.5
1998,2288.5674263959577,4373.449537952112,33.96858242271093,Brazil,Potatoes,14.995019640393368
2013,1999.6888969741162,3628.0369263587468,16.92901534610487,China,Rice,6.6226714902777575
1997,898.6612012412264,1255.266437153449,31.834235991235467,USA,Soybean,3.382998383990628
1996,1620.491801903017,4443.246449517405,19.719877974035064,India,Potatoes,21.916593001539894
2007,562.7504657293878,2870.480897591549,12.97750144023389,Australia,Soybean,1.5783602872938198
1992,2640.472022664371,3035.8335980844286,12.011080005233357,China,Sorghum,1.1278800078726368
2017,1202.1146395278142,853.2170324186699,13.912697477011413,India,Rice,5.273016491272289
1995,1952.9245173040063,4290.290243885878,16.24732987168412,Australia,Wheat,3.3510915765105818
2010,644.5736016043343,4655.515923932555,22.212958848270656,Albania,Soybean,2.7052751494516776
2017,777.2615649673799,3877.2033409795918,27.53744751414459,Brazil,Rice,6.519244315228582
1990,2977.4778382488257,4704.354738698581,34.659964412132496,Albania,Soybean,0.9098299413085704
2010,2308.641904435722,1518.4765215705058,21.037668582229276,USA,Potatoes,18.525840146819178
2024,2893.5212353673983,4306.984650130228,22.954623558577744,Albania,Rice,4.400711779146855
2002,1028.3832625937234,2449.5767828900753,23.04539253458139,India,Potatoes,22.383885615536013
1999,660.7760545354971,827.9468426884887,23.485858887198404,Australia,Maize,8.603903248917588
1999,1608.5916977407267,3347.314989176672,22.943516427611556,Albania,Rice,5.848822573884104
2002,1585.0711902365615,3423.7601508223356,10.219368876547946,India,Soybean,1.1802836443579559
2013,689.850238522366,1441.753323645884,10.043120552746018,USA,Maize,8.514275063185181
1991,2253.0147948279487,147.1917248215746,12.441657953153072,Australia,Potatoes,13.609706625394917
2011,1212.9770964284553,1007.2378228369611,12.538915085729471,Albania,Potatoes,17.036378156072875
2006,721.8226466054483,2004.8899628926947,27.622422723869903,Brazil,Soybean,2.918990191382046
2003,1129.5535047212074,846.138926188744,15.122900812899994,Brazil,Maize,7.3430381809968
1999,1778.2443589780423,978.2094417156248,32.367852618890325,Australia,Sorghum,1.7904258839783105
2024,2234.118610105241,1963.039415267525,33.21515823942549,Brazil,Wheat,2.270468532630467
2014,1549.2944809609567,4809.315205399716,34.39733344739747,Albania,Soybean,1.3438492108779836
1992,1671.6659715194457,3823.575141884165,33.4770326221755,Albania,Potatoes,18.24759752556331
2006,589.0486206396955,1605.544522120555,16.797208047963117,Australia,Rice,4.663249229428058
2001,2761.1345891830497,4758.504303903555,22.744421117587812,Albania,Maize,5.949584521490393
2013,2800.4277543777243,3231.777493371076,14.386374254923524,India,Sorghum,1.0057534688859602
2018,2113.5944531704104,2282.6937267542994,30.15524137931083,USA,Wheat,3.3649417762895344
2014,249.36794501526919,2346.817992786184,32.210792628602405,Brazil,Rice,2.0029353971823127
2015,1703.807804529313,2059.6148944986053,31.28222098243787,India,Maize,7.552211916943027
1990,1961.813121848118,1172.630342204239,20.834173717420875,Australia,Sorghum,2.937384591812543
2009,2985.031824282708,1939.2946391463915,28.966847117169525,Brazil,Soybean,1.5412896283226163
2017,2988.9874745454313,2644.202956376529,12.439479239406737,India,Sorghum,0.5
2005,2601.3114589115607,2644.856480143803,11.006119265481267,Albania,Soybean,0.8737140349089634
2006,378.7267776731179,3811.0671420404647,28.83091035771902,Australia,Maize,4.356136497763805
2017,2869.1738941804438,1800.4013072151893,20.633881858217094,Australia,Sorghum,1.1573200593782251
2001,1915.4514920255974,3586.8221662267224,34.88873161848923,Brazil,Wheat,2.5278140853875075
2016,2442.4829573417023,2894.678275455736,12.43135539638831,Albania,Sorghum,0.5
2019,1340.13997912039,4809.608568588904,31.39069203838084,Brazil,Maize,9.015944926073752
2023,1095.0745194568512,1932.5717809095736,21.999576638224795,China,Rice,8.531111079662631
1995,1497.0836073546623,4507.070156661343,30.678754887596927,India,Rice,6.250397961418441
1996,611.2486363127153,4105.006311018464,30.42818205425362,China,Sorghum,3.118835930508636
2021,1199.7851885092568,3191.94478010139,32.899800034051935,India,Sorghum,2.723789768605284
2021,2601.3289993511803,3276.027189043165,17.44625028215257,USA,Soybean,1.6872548341850588
2014,306.26136153046815,432.4031736859893,33.74498383655008,Australia,Maize,3.8928743109040944
2022,622.4585311088925,4751.620781911228,13.791674008940507,Brazil,Soybean,2.4956441449198454
1996,550.3252470185595,543.6109568437621,12.049219439837263,USA,Wheat,2.929174605598014
2001,1328.6115195606385,2820.5342106301005,20.79038793430873,USA,Rice,8.044922546652899
2005,2991.5633224944127,1657.0532942412808,30.708074216046064,Australia,Potatoes,15.005444566002392
2005,685.4022045918715,2154.9613716663603,21.83552826583614,Australia,Potatoes,21.11836245487819
2002,607.3514188779284,3054.813224075717,30.732166938262854,India,Maize,8.54378917037951
1996,2762.1560433732325,4545.168375632785,28.24217014485763,China,Maize,7.410046508554805
1998,2669.741447504704,2293.2599466257843,15.23570965347334,Albania,Potatoes,13.134940512701416
2021,290.27303599035247,4938.770480979141,33.722040622486595,India,Maize,4.391288878670501
2000,2304.776688502082,2968.1322061039837,11.519529215735085,Albania,Rice,1.6625800570791187
1997,2035.3039641340029,811.1641737844507,32.45699268859487,USA,Wheat,2.6118968350704757
2022,2349.6742675875853,958.1463812079489,17.61108622475935,Albania,Wheat,2.530336682373706
2012,1584.606873428582,3583.3940675903627,22.503702079109985,China,Soybean,4.8643235172468975
2014,2975.8618116552275,261.48499327447496,20.558796817518363,India,Rice,3.8403776869973405
1997,322.77165239069694,2406.904465348912,14.295863922922905,Australia,Maize,2.570989539404004
2011,856.2404419306561,749.6133579195479,18.95367166004233,China,Maize,9.417738546100038
1993,1310.3287635261222,2171.760989537446,14.82336090731988,China,Soybean,2.599652528222436
1992,1459.378236383969,3752.08793613788,15.097161886513096,India,Soybean,2.399623148535014
2018,2779.828727558652,2299.4765119247563,14.676420900659508,Australia,Maize,4.7615450117085185
2018,1768.0122194163248,825.6210338148255,22.225434508664854,China,Maize,10.480573096267488
2023,326.31078745710283,1267.1075980796456,29.94828418778289,Australia,Rice,2.547200811059868
2023,1342.0162975918531,1844.0225473743901,24.224250844031026,Brazil,Soybean,4.035445553903532
2017,1366.1731546333958,357.1103055972094,32.33016471377105,Brazil,Rice,4.400159223024481
2002,2903.3746276257975,2925.8448040447984,25.913612214418105,Brazil,Sorghum,2.688864728951784
2004,1877.7518548591029,3041.5936184774705,27.23350289081511,Albania,Maize,8.462043024046691
2012,1979.8229992450288,320.1381163915116,26.69018074317508,China,Potatoes,25.638184461678055
2015,2197.1084875035585,2017.5334926590685,21.236479829593527,India,Potatoes,15.86951640789249
1993,2356.110083909945,2075.8634075947775,27.23347055500207,India,Sorghum,2.0297294159910866
2015,1978.1429965669697,1675.75964707748,11.74269366172403,Albania,Maize,6.041020230611565
1998,864.1441831750194,2793.121304252248,31.496286797891578,India,Soybean,3.0268300137706214
1994,2647.3285601552598,1736.3278753999577,29.445303586097936,Brazil,Potatoes,15.68629651451132
2021,2249.9354411497643,2087.882304594252,16.130748955791972,China,Soybean,2.0007809615071603
2009,2277.2373582714763,3989.642501733612,29.20081135635206,India,Potatoes,16.23858900816795
2000,2990.3588698572976,818.9256835967052,10.316065035000463,India,Soybean,0.5
2004,2447.0742976172846,3099.3823295640705,15.43116431202201,USA,Potatoes,17.33548504115247
2021,2521.623928834429,2532.9160644373196,11.628430966772399,USA,Soybean,1.1269197813444969
2017,2863.9354439884437,1532.3074710219519,29.505672915447366,USA,Sorghum,2.161184016774603
2011,623.1751995769027,3640.3979358871493,28.89685377945968,China,Rice,7.631835344129046
2006,1593.63665413859,2760.4299141103284,30.340900595045767,Brazil,Soybean,2.9681102202761496
2015,1825.5876660542053,2392.03401953387,10.112042333138222,Australia,Rice,3.6730189640583486
1996,1121.9720418228812,3341.6698807082885,22.530818166960202,Brazil,Rice,6.611525996372755
2015,2550.3293629046157,4013.4286368269904,27.620904937933414,Brazil,Maize,6.318596342177233
2014,2334.7749406080256,4863.617262267545,13.885028218475387,China,Sorghum,1.6134707322101725
1999,2218.4726086227474,3150.458338198104,26.244768187815616,China,Rice,5.706349452330071
2008,2992.018431322867,4373.455527147911,12.102752482742144,USA,Wheat,0.6893004398062464
2000,926.2678455434934,15.446789704555147,14.53314640260783,India,Rice,4.464700396461307
2002,2259.2803046911795,2655.8761067021974,21.894920374865023,Albania,Soybean,1.4800140112975062
1997,1743.9325297365217,1081.0912683632885,26.33912881702755,Albania,Rice,6.229342764012092
1993,1076.3697109828531,480.0203608448545,13.646728173847402,Australia,Soybean,1.0511921505675192
2020,649.6432380247523,2664.5353751513167,14.630583270773448,India,Soybean,1.676339133330778
2017,2708.474743789132,3736.6642656839795,15.111159176641575,Australia,Wheat,1.4523754145617742
2000,1867.2753515819668,2067.239887147155,15.96752011747446,USA,Rice,7.267201987299889
1990,2509.814745394225,3353.83617222873,15.663846213157282,Australia,Rice,2.802232095638157
2013,1726.9659552043256,2453.6990766663403,19.87872771244092,India,Potatoes,21.37223600691246
2020,815.9358258312548,2191.058471137536,26.34474127091807,India,Potatoes,22.405669850420075
2015,1145.1366766809106,1458.3806357749445,20.95079457836174,Albania,Maize,8.216477562413838
1994,1268.3087589259303,1919.1416373600127,29.399347718747205,USA,Soybean,4.5070355436992315
2009,2924.2174750103663,1755.4801976641952,27.98171264871537,China,Wheat,4.164164305967948
2000,215.773179467871,3234.4740482342586,13.163172851226893,Australia,Potatoes,10.468884636347186
2022,2959.8648644686195,588.9323712829063,11.221040583018599,Albania,Rice,1.278647026174931
2016,2945.2925783075257,472.255479752152,31.948539099990153,Australia,Maize,5.498120000610599
2023,2989.2222134843823,3303.464841100217,11.995776664071835,Australia,Wheat,1.428637299658005
2004,1534.446900974977,2736.0273686956148,13.708479517992828,China,Sorghum,1.6191771441872609
2021,2898.665114938799,2156.6984827458614,10.553331888952952,USA,Rice,2.9646263101967727
2010,1307.6777091795166,770.6899931954387,25.708409132466343,India,Rice,6.389151171251121
1994,273.6244338714828,2061.0252882278646,24.559264078958712,Brazil,Sorghum,2.4797365051974456
1995,828.1721218409407,3950.7614989668577,34.672591660881395,Australia,Soybean,2.2949369430389033
2011,2846.829485824677,4449.2099665883925,32.1733099079293,Brazil,Soybean,1.624950399124101
2007,238.54114133911995,3515.8570841214587,20.271079437022742,USA,Potatoes,13.22164707887374
2003,1728.7835791843302,308.9617576455953,19.289646022813375,Brazil,Potatoes,21.111054524337575
1999,411.68444890510136,3355.3447852395816,17.42130085699963,Australia,Rice,2.206396383871079
2002,1001.9104195972197,1212.51809183601,13.810173000947035,China,Rice,6.158768329514562
2020,446.65998199328266,1583.1037027017612,13.452091415050226,Brazil,Potatoes,9.487323385642757
2019,2606.6801391165577,987.4073077203228,13.307092700240135,USA,Sorghum,0.9751764131797211
1992,1854.9979870135762,3881.021395194821,12.852868929669464,USA,Potatoes,24.164303964439394
2019,2725.8981040112762,3246.5245919600225,16.012801060138422,China,Rice,3.7421941652150155
1995,2127.3889587126396,3063.0569224499127,17.66671575782791,Brazil,Wheat,1.4710758880520585
2018,2918.881567486279,3343.1833222496875,34.03947427597289,Brazil,Rice,2.809343840491519
1997,1627.6574333291385,1191.493584405478,24.461831275047142,India,Wheat,4.543356818428885
2022,1988.3896289360487,2228.7756274835547,34.68989436283202,Albania,Wheat,2.4680016568110394
2006,1813.6646956893585,3169.936070529456,19.31167369564183,USA,Rice,7.320335661000434
2000,1555.9292024505157,3186.604197815319,21.440665814736025,India,Maize,8.645260865733583
2002,2568.686223184435,3961.3407951481013,18.114466479131977,USA,Potatoes,17.85786117731168
2000,2004.6703798770086,1442.6487937736717,14.572191272413818,India,Soybean,1.607386162143467
2020,2443.6743415953238,3853.977247267144,13.579117694439478,Albania,Rice,2.227566795076039
2017,2401.819022486757,2206.5205582785093,33.6269799451958,India,Wheat,2.084660153258616
1995,734.9264498348268,3354.1617333740846,34.670267044968895,USA,Rice,6.309781637004951
2005,2020.4578910494024,2284.039706525781,11.122737412718289,Brazil,Potatoes,13.799065032405814
1993,759.0144537077356,4743.564747256807,13.758646868294164,USA,Sorghum,2.0278030894925605
2024,1833.2973390825584,904.7183010608059,20.588102307525567,Australia,Wheat,4.054874316378098
2015,2096.8171164496416,3378.275392025962,14.658336908610183,China,Soybean,1.6942437760037128
2001,2992.2582004452433,2886.9096538331128,19.097009840672083,China,Soybean,2.9847366642709914
2000,285.51753881926743,871.9278943292456,13.227408746490834,Australia,Soybean,0.5
2014,455.47870351841857,339.37161570022295,21.412793918044756,China,Sorghum,0.8491150160680616
2007,415.67474983944817,3997.7305009686015,16.792365404231482,China,Maize,4.046480981877756
2008,1315.4116015468721,795.6821548948633,18.79762639396652,Albania,Wheat,3.588007276280276
2012,2500.4474121602784,940.6683471010222,12.35781628656869,Brazil,Sorghum,0.5
2007,2563.3577318039797,4892.3867777053065,20.703201267753542,Brazil,Wheat,2.8114533980897467
2015,2263.542868019225,3589.1316488683874,34.581440274039245,USA,Sorghum,0.8461908457591547
1995,2711.2590771238533,1259.9293395901002,18.22082617202976,Australia,Sorghum,1.4339223119399358
1993,1104.007843674467,2958.83531115649,31.910731871060875,India,Maize,7.30609174913385
2018,446.83300390643757,2675.2180736285413,31.07997854059213,USA,Wheat,1.6207216498709534
2023,362.82847837158033,4223.921604894099,33.80146045743027,USA,Sorghum,0.6159038663302301
2006,2585.9716149342817,3649.3105316847955,29.752737806677363,USA,Maize,7.362129443592179
2005,2245.2216241903357,4160.288416210997,26.489920676470373,USA,Rice,6.154618656064118
1991,2156.1228568311385,1065.4178740070386,31.41461110568644,Brazil,Potatoes,15.355203254321426
2023,1151.0937479278728,3204.6938297913557,11.891117016433741,India,Sorghum,0.5
1997,1263.7345281310334,210.8018835077178,21.570766429970195,USA,Soybean,4.19860360209829
2002,2882.7178809180937,354.0136552733083,34.73140596537647,Brazil,Maize,4.648935702948051
1997,378.65328347421803,3570.4998931959403,29.240003782368305,USA,Maize,4.554945081720135
2019,2366.448863425819,131.85631219321743,34.05188445093057,China,Sorghum,1.3220784024131513
2021,1066.9733063835008,2903.027394413541,29.490858903336978,USA,Maize,9.935307301076135
2019,309.35293155515706,4203.621441238205,31.872049186053605,Australia,Rice,2.8985499759727023
1990,2279.196310078877,1905.9096240059628,27.663240807579776,Australia,Maize,6.285637337242236
2006,1126.5532798994489,233.75377983116482,29.012550110430997,USA,Potatoes,25.59575657374597
2009,2222.0130524798305,3572.0987736473467,23.079450245987516,Albania,Potatoes,14.887830699530943
2013,2181.4322727307363,4649.135397796113,33.105942520353324,China,Soybean,1.0504273263399284
2011,1697.4032512127224,3588.6852463707564,30.62597276558404,India,Rice,5.851963872795036
2018,2376.6447617895365,2896.4517425838485,31.097124141640805,USA,Potatoes,17.497529051687334
2011,1826.9073076794816,1157.8438610965095,26.825227524076308,India,Sorghum,2.8316167653629094
1998,1002.5831879751299,86.72436398204,17.614498677181224,China,Wheat,4.289016570506396
1999,2255.5228429803733,3476.4138213104757,10.890744884753483,USA,Wheat,0.7887524438151082
2017,1849.591484457626,1162.820617463022,33.39137823523861,Albania,Wheat,1.9228386189856441
2017,235.63638873177752,4292.231759139964,24.65300872013742,Brazil,Sorghum,3.339813988341544
2010,2724.603697756866,2337.1569529747303,17.453574278703506,Albania,Maize,3.95892624358446
2013,1727.8021313080776,2657.8715560385567,13.728377696188446,Albania,Sorghum,1.935218845017317
1991,2632.156343342689,3772.14335588917,30.738079137518866,Brazil,Maize,5.578066275928717
1997,2671.663149150285,3899.3587329386824,30.91300486118947,Brazil,Wheat,2.1684256575772363
2016,1445.9066388582478,3216.827657072035,30.362699203263286,Australia,Soybean,3.4646764431517045
2011,1621.4479900634467,4692.774758909588,26.127067299169656,Brazil,Soybean,4.715583197456623
2016,1364.1122854916853,4911.669197238893,19.150384689796898,USA,Maize,9.242021601793738
2018,1458.4229708625273,4734.958367429338,17.601757119506424,India,Wheat,3.088373498330228
1992,2706.412045120838,4122.654134866279,10.213869252954254,Australia,Sorghum,0.5
2002,2406.803239110151,3531.0698490188147,30.840188967206007,Australia,Soybean,2.1844413296513587
1999,554.2718936836184,3319.996030829521,12.185817437341061,India,Maize,7.193523404099041
1998,1908.8617883122686,527.7133828334642,25.768874951019193,Australia,Sorghum,3.717303310793952
2016,2988.5385930817583,1364.7068906273714,22.60187367100221,Brazil,Wheat,3.9854581108831604
2023,1867.54196345096,38.384235411591405,23.16723397315878,Albania,Rice,5.846409375037525
1990,2400.4405516606953,695.6752524676194,33.16782113269433,China,Wheat,2.644657316643165
2021,2353.3721254672787,2201.75509107425,10.790375281781053,Brazil,Wheat,0.9038089508630993
2014,1180.88907244252,741.217388437476,29.334805615719308,Albania,Sorghum,2.3622765598223108
2018,1241.1780475710848,4509.300439237022,11.301309959182678,Albania,Sorghum,1.0750115235628364
1996,2227.413981013129,4030.438934823057,10.95384014838443,Australia,Potatoes,13.72438257395834
1992,1599.9538884935382,367.34344132669594,20.745442453534547,USA,Potatoes,26.238629283650635
2009,1797.5979855650864,1252.0794401816574,11.576879358574168,USA,Sorghum,2.1042937661705
2009,2196.1362130215452,4097.168704211429,29.728598782322802,Australia,Sorghum,2.0844223590856945
2019,2377.210075709341,4017.2001715337688,23.23907734120843,Australia,Rice,5.113603098500448
2024,960.2464176525998,4727.798245087766,10.725969566494362,India,Rice,3.6631003384205334
2024,611.0225264234962,4987.763330470628,11.012517162047988,India,Wheat,1.7530738049229744
2016,1017.0250108264306,4881.5876155731985,25.316713243486987,China,Soybean,5.403020608168353
2015,1621.1073102578114,2056.5885487499927,30.15279544146012,China,Rice,7.982721001051466
2003,1157.9956884317094,1259.138934572141,20.94498828186934,China,Wheat,3.855731406589696
2006,1791.4157247732626,3794.466850231042,23.86451678839061,China,Maize,10.461049919025035
2007,349.7040275517596,1503.3717347927136,29.99573635124754,Albania,Potatoes,10.17846956286085
2018,1627.3011525185482,4033.9377970553355,25.26265435104548,Albania,Soybean,3.387969206987452
2009,1230.3577394255822,2674.434104685643,15.619005941470487,India,Wheat,2.507134712617719
2016,1697.0669137000707,3971.69710342242,25.326300646736964,USA,Sorghum,4.546559833257124
2007,1383.093393677935,1386.6405997878821,25.70698647663034,Australia,Maize,9.811058697943007
1993,995.8323817851189,2545.056304613566,28.352674522028167,USA,Potatoes,25.10566836212347
1990,2731.50213528138,2824.478730074888,25.52185468892003,Brazil,Maize,6.60771264228499
1990,717.3419675797993,4716.109257923459,34.23105326145095,Albania,Wheat,2.768377090885161
2015,2107.823611625567,1340.3219083837823,14.932207717926712,China,Rice,4.496619074958897
2009,2789.0051952307595,4684.074314031624,33.77726698917691,China,Potatoes,18.026717126532468
2012,1708.2758871192127,4026.2459881739223,23.458487258750406,Brazil,Maize,9.787440628903513
1999,2653.9437680225496,3657.1613298926095,26.7989035123728,USA,Rice,5.824908390752542
2000,549.5841396131962,3936.4826432337745,12.486539936304746,China,Soybean,3.1872192262098262
1994,1582.6085567179427,3031.070978941484,19.514398534452674,USA,Wheat,4.26054592953902
1990,1479.6707853466303,1227.9592522078044,29.234478661579317,Australia,Wheat,3.9377918886672902
2006,222.7326597035856,955.5798945108651,27.672775377474757,Brazil,Potatoes,11.20225560227412
2011,1441.1205558061365,4333.0437648934485,11.003484704135255,USA,Maize,8.629841975105677
2023,1233.283317871274,3628.4456189532075,23.664856587431117,Australia,Soybean,3.932591645842848
2018,2075.436437768923,1073.8893709771357,12.206954824210236,USA,Sorghum,0.8493001473293538
1993,2827.323380014252,3079.3158957132637,34.89641072945406,USA,Potatoes,17.46567291017923
1994,440.2150471337022,2243.256942256977,32.43241471333236,China,Sorghum,1.3525377962622747
2000,1116.9338828009445,801.6892981158387,10.527016510713423,India,Potatoes,19.638518674705068
2010,1443.3812647039053,2663.96697569225,31.46623947256577,Albania,Maize,6.523823737734386
2024,1474.5190584962731,1414.780271407422,32.98574001396019,USA,Soybean,2.917240085249105
2001,2369.4672183583107,490.25817954628207,18.838705564086375,USA,Maize,6.743705238322636
2015,1441.5078643336342,2340.1219097416,27.987541376194148,USA,Wheat,5.400197980567524
2008,276.05164407022943,2954.6416749468735,21.05259365519447,India,Sorghum,2.341540060353267
1996,2188.2914648599276,244.06298780194103,26.380812114408602,Australia,Rice,4.950408768979702
1996,2677.5231464078806,2016.442819560874,18.507935107454784,Brazil,Wheat,2.785832025611095
2015,1638.9331951390839,1295.7329799850597,18.063980915831706,China,Wheat,3.444750880184925
1994,1827.103860755815,162.94644762908976,20.610847221439478,India,Sorghum,3.683624360787475
2010,656.222029113329,637.056122561414,13.63919396631253,Australia,Potatoes,20.353603211120763
2003,817.8086451010797,703.7804525037039,30.778474110884567,USA,Wheat,4.4273972392149075
1993,858.4766695489129,922.542498108676,18.717447384040916,Australia,Soybean,2.8525522939345405
2012,1406.0775296676268,4018.854081475227,20.00373884764613,India,Wheat,3.262097914740416
2009,2798.806618507798,2203.0644137259146,32.351365317553615,India,Soybean,1.3039864584129015
2004,1660.997346801681,743.9591014292305,22.415595351579285,India,Maize,9.569003352355676
2018,737.8734065637874,510.48186497016735,23.60634773377157,Brazil,Potatoes,21.538632934119278
1997,945.045660433059,1496.722889057905,33.91245311942746,Albania,Soybean,1.5439605551656932
2008,1275.2420832361158,3992.0974383352172,32.16815957862473,China,Wheat,3.9098739666899287
2017,1945.1251319398384,1828.6546412188209,14.236667722210989,Brazil,Potatoes,19.623837293330563
2016,1432.0928284112151,807.8878278667511,21.830375747952626,Brazil,Potatoes,21.708511449620804
1993,1298.8455636953897,2026.539745915338,34.28240568571364,Albania,Soybean,2.5337030386503017
2004,1781.2400811171854,2781.004670862417,19.309157455715066,Brazil,Soybean,2.8031316805790185
2024,877.1379858725034,157.6250763536891,19.289327712905,India,Rice,5.0245305730696685
1990,420.9291632368301,3141.9325891864637,14.875755794728859,India,Rice,2.1237273948854605
1992,268.36008150222193,1981.5527575437986,12.85807785297813,Australia,Potatoes,9.923335429994644
2013,903.5256577079558,58.53211690465997,28.507619768899545,USA,Sorghum,3.964164118602556
2016,456.45769560451237,3372.708100742441,29.250761717537912,Brazil,Sorghum,1.1287818940943102
2023,1141.753787858147,3564.8143014576144,34.225324087575,USA,Rice,6.353814178787746
2018,2364.2139130073156,3147.9105449078274,29.335455272634075,China,Wheat,3.3008843538634167
2013,2205.6241253631474,1716.231785816127,16.083812350839967,India,Maize,5.033687967766621
2013,1910.5973438064807,2652.728221789146,11.002914457212887,Australia,Potatoes,19.398488093083987
1993,2587.0006828625405,1941.9169536058425,34.6359346092415,China,Maize,5.854088309485653
1992,989.7893487239747,3506.102433496875,18.51126738859014,Australia,Rice,4.785191908177629
2023,2678.150508483904,2922.0651293061064,17.799288560810517,Albania,Soybean,1.1961835099284341
2012,1317.8696750737017,418.1775779989743,32.64888024373457,India,Potatoes,21.129750317492885
2012,1322.5012911465544,3219.036855512797,24.627497463624653,China,Rice,8.674479656623593
1994,1334.9845181514602,3439.3196875456297,15.371779346228365,Albania,Wheat,2.2059653413738007
2020,474.66422547474804,1859.8038812673499,32.22740606790599,China,Potatoes,13.980699978888081
1995,2931.373395326956,4380.171046988925,34.83402137636858,Australia,Potatoes,14.438097255374196
1999,587.8189779104457,4216.641630676364,12.166964028770767,Albania,Sorghum,0.5
1996,1154.4800285137167,884.0809542596919,31.55629070756218,Albania,Soybean,1.666833785988648
2010,1094.04089691492,4522.288879344484,19.76289244210985,India,Potatoes,21.982557181552174
2009,409.10241188678697,2209.9531337604367,23.10181116266761,USA,Soybean,2.338919319092029
1992,626.3283643132547,3621.510766645124,32.87039939412452,Australia,Rice,4.828633991956266
2011,325.6033413190803,4072.3440647665075,34.334479894377935,Australia,Wheat,0.5
1993,1018.7325819694377,2530.5109811377524,16.554097760219985,Albania,Wheat,2.4647900780663954
2017,2626.639387280938,2001.5186774603706,15.321269273997846,Albania,Potatoes,13.04673733459627
2001,1150.4381760646766,4578.10232938934,12.012913964787796,India,Potatoes,19.475200133931867
1994,546.3371297886617,1161.9592291477618,24.04494631655345,USA,Rice,7.555302838007827
2002,2007.9428314749703,1292.280687818531,10.340109886266706,Australia,Sorghum,0.5
2012,2990.4825537537495,1814.485366927051,20.297457440248415,Brazil,Sorghum,2.4562929041592696
2019,850.5066106893971,4298.734232073122,11.834600416300214,Brazil,Sorghum,0.5
2014,982.7988150375944,4694.553438423249,20.130644573233347,USA,Soybean,3.7479969625830947
2016,2921.1717519862077,1108.1378966267607,10.998304731640232,China,Sorghum,1.0356067322786713
2003,700.5736051413639,4320.7120366799145,30.88043151521922,India,Wheat,3.8895721870438917
2005,1631.399388885659,1298.4327677481608,15.243474848464146,USA,Soybean,3.116743032368682
2011,871.0259724450657,4853.499821281941,18.2077177589478,Brazil,Rice,5.3417035516812
2010,2810.585314123483,2991.0653809880955,31.7511999151598,Albania,Wheat,1.9451983837577618
2010,2948.2588408136235,45.361472562438145,28.656651533305126,Brazil,Wheat,2.3915785981927744
1997,2481.153969136043,180.30822131517766,15.475959041051462,Albania,Maize,3.6855086658350977
2005,1081.3946842758696,745.9478087154953,11.7974854664374,India,Rice,3.7502681213786704
2020,1329.764930785414,945.990057515596,27.89184442138349,Albania,Rice,6.096343343619722
1999,878.4559142659798,3840.419422904717,19.76756376720273,USA,Maize,9.89598954826561
2021,2694.1223076251763,1121.60172332058,29.15199997795553,Albania,Soybean,2.1980270881913597
2023,2760.763177526843,4846.016684048801,21.13236930938026,China,Sorghum,2.6066163886756875
1998,1372.837854288932,3184.199165442662,18.65006032430691,USA,Sorghum,3.313784983684176
2006,2038.2925957284053,3465.6623711750535,21.28013520530991,India,Sorghum,1.9362150239378602
2000,663.5489033691429,1096.9044312331855,28.713974641766917,USA,Sorghum,3.326434275085911
2021,1417.8205210175452,4464.604507334473,32.555507163509354,China,Sorghum,2.461466396208934
1999,1968.1974986857933,3342.3947183714577,11.244179914714389,India,Maize,5.747588513866795
2011,1279.1287318504549,4323.384065465901,23.102788530673877,Brazil,Rice,6.078142370654082
2006,1201.2786719220878,4782.840675183823,10.82088572709694,China,Soybean,2.0251182344389558
1993,202.79717834743946,636.9484757768862,21.710238625608966,India,Wheat,1.2634408589597146
2014,2452.0216985759193,491.9702790420389,32.13207072742251,Albania,Sorghum,0.5
2010,2690.145313660055,4019.005054682282,19.03975666050774,USA,Maize,7.423973200368933
1990,2914.49788272833,4331.9690348799095,33.31126052701608,India,Soybean,1.6685380507920657
2014,2213.9598781938034,2922.9694901811486,25.765211791265237,USA,Soybean,3.3800741469722255
2006,1736.6184746356769,1836.3427332750978,33.35388359482516,Albania,Soybean,3.3058142924917933
2013,953.9966554643862,3266.6218840153665,28.92916563531299,India,Maize,7.594632900916896
1991,2998.0385326977957,1535.263722236362,12.585879166219058,Brazil,Wheat,1.5718369011314306
2004,1851.3079926898956,1199.5446038458063,15.778784189066926,China,Sorghum,2.4145503248917577
2021,2107.2314025252495,2445.844595541055,19.854261364587657,India,Soybean,2.55350351203741
1995,2110.7372534748893,1088.6075997558346,14.2526720503019,Albania,Maize,4.014689914204962
1990,2566.705028120108,2423.6810054927128,22.372790119416514,India,Rice,3.728108255290284
2012,227.0831087713738,4783.4664622632245,21.784203892537263,USA,Maize,5.58822750206341
2006,816.6914332078411,4200.522337730778,33.90647995068453,Australia,Maize,7.603642047181028
2023,2063.495200476039,4708.738288305111,20.84319707239944,India,Maize,4.895516146235231
2018,2706.40806310879,4033.581584488319,29.640670107199945,Brazil,Soybean,3.259023019400657
1998,2118.9485893797973,1780.2071703719207,33.547763621287,India,Maize,5.220303402780208
2002,1357.7756161823045,4062.10574037228,31.924720774349638,China,Rice,7.286534861240586
1995,1212.3553884367325,4615.349560330538,15.216690612789796,India,Soybean,1.7324414044345673
1995,2266.254423193297,4735.708581306902,22.400747356338606,Australia,Rice,5.048613121408426
2009,2275.4655519841417,3419.1572749181355,18.693494557398143,USA,Potatoes,18.890323232052026
1992,1899.762379015933,1064.7195526374146,19.99646737843039,India,Maize,8.274647864069168
2006,1016.1076674725438,208.24847528980735,19.020170656143783,Brazil,Sorghum,2.366524473108121
2001,2790.433491493522,744.5291385191773,30.658980254375102,Albania,Sorghum,0.9121145976415275
1990,1745.2638379321895,4828.079120290788,21.303476378061184,India,Soybean,3.4267123702277806
2006,2413.3785974953257,2315.8631527219195,23.092358306117205,India,Sorghum,2.14985537711474
1992,800.0631340531286,4276.380214011967,34.56118392617687,China,Soybean,3.4118158335427955
2015,1163.3142081212382,2330.5703262558727,11.49948180478791,Brazil,Maize,6.062673262364748
2004,2648.822645884559,3307.4797414645986,22.19894099476872,Australia,Wheat,3.3273257632182762
2021,340.2996838319115,130.46247784044488,29.3515426736529,Albania,Wheat,1.1141347574688085
2021,1634.4828715186538,1256.8260641696402,13.779048954705663,USA,Rice,5.90149052205737
1993,1548.7753435632253,2186.9837074125203,25.28828986536935,India,Maize,9.43490101129135
2007,2303.44452894263,3156.8489252992745,15.986619488361669,Australia,Sorghum,0.6483078554265125
2008,989.3025576781307,865.8907283853607,31.685102830614188,Albania,Maize,7.246493325099963
2024,813.3871012068785,3825.1118067097455,18.17749163500198,USA,Potatoes,25.72447562445836
2003,2793.171948565054,1828.3794836198242,18.22657042252274,Australia,Wheat,2.0854253532333606
2022,1800.7870254837014,4089.0019934770835,24.954846962947336,Brazil,Sorghum,4.287676030089334
2003,493.1307911942326,498.8657610713858,14.589072702997719,Brazil,Wheat,0.6674236908140173
2023,740.501254200099,3401.985372535036,17.122215972576527,Albania,Maize,7.302201876612421
1993,2996.712966639895,1473.7083827004858,20.415796252985288,USA,Sorghum,3.2247024901648293
2013,747.7051895061387,3978.9620388718636,18.84094657850276,Brazil,Rice,5.661990182862952
2018,1909.3314317903005,2016.8304309416287,23.12193045013956,Albania,Maize,8.247352490497024
2008,1376.3586211877307,3330.0946649951966,24.991003601724156,Brazil,Rice,6.684969570542494
1995,2679.677465579539,4672.183290496003,24.166686343754115,Brazil,Sorghum,2.1394098522584466
2022,2314.4720584269176,112.92689374868414,26.354207799798306,Australia,Wheat,3.068206459336044
2008,1871.4639095330842,65.47274384852443,17.693737915195506,Australia,Potatoes,20.067287042999563
1990,230.06914903435097,3853.6934683618,13.1606556788757,Brazil,Soybean,0.5
1994,2663.426580981687,3235.50132702531,29.020188535776928,China,Wheat,3.735791001905354
2016,1445.0689183484055,1471.968805317119,31.26950956576705,Australia,Rice,5.454025341051441
2005,2808.4174284520145,2477.0395468435695,16.425155805560806,USA,Maize,6.7110493557350885
1995,1587.5092359917635,219.25897133835502,20.177298903950494,Albania,Sorghum,2.4249059496243666
2002,2143.8285697116316,970.3035707525914,22.464230424088882,Albania,Wheat,3.6423550686604753
2024,394.019418506598,2128.2369088905657,23.33317106882341,USA,Potatoes,14.711978803341538
2008,2286.4246298750004,4171.881636945197,26.487254277191298,USA,Sorghum,3.5564762855098704
2001,1146.388887673384,2403.5392424718234,11.040080833883033,USA,Rice,5.718214177391063
2005,1183.8052401289865,2935.948897584634,28.036927068350426,USA,Sorghum,3.907567663444886
1999,532.2363651862918,4370.0314220489645,11.549275174485256,India,Sorghum,1.6113592701333426
2014,611.2000161925664,1551.006378808338,21.7072141918217,Albania,Maize,7.963206761836554
2009,720.1253573773884,3506.489612299259,30.691778389229853,India,Soybean,3.2248089211529414
2020,1118.9772719999828,4309.719620804484,21.280382831959905,Brazil,Rice,6.377346906084065
1993,2697.5157557716952,1021.052346473922,13.727243719206195,Brazil,Maize,4.761041799211135
2012,1231.1286670442253,1788.826044087684,34.625846125148996,Albania,Soybean,1.5786377008421788
1991,2228.2155783770113,4899.2527677078815,32.232136551856584,Brazil,Maize,5.021525059960071
2011,431.6930108916399,4916.260638333093,29.28284083062535,USA,Soybean,2.8011601437413836
1997,1855.0766379615793,1123.91735216675,20.28779007248026,India,Soybean,4.19103808878601
1996,1549.2954475572308,341.5647360742143,14.596143172232445,USA,Soybean,2.3666104377552926
2003,2938.2822514726126,1361.898840437164,33.535279535462536,Brazil,Maize,4.71931533721902
1992,2569.381755661096,1994.6824669453995,23.308778162928476,Australia,Sorghum,3.0129541103137383
2005,1473.5233628282192,2210.6179486465066,31.308886509687127,India,Soybean,3.2400566761395106
2008,2370.3997393269487,3097.8434735788137,18.552375143985643,USA,Sorghum,2.3306282938488443
2007,740.5084756225771,4498.518773056417,18.382207926986766,Albania,Rice,5.485328519359841
2005,1774.5417166969787,1658.4365794167406,34.63851201685098,USA,Potatoes,24.722643186445165
1997,408.9333555923829,4251.42283214105,23.045826212371246,Australia,Sorghum,1.9919124138511661
2022,1174.6492903047126,476.4598154238683,13.517385596518658,Brazil,Potatoes,20.13799719466273
2001,832.4141085420769,218.95474787634146,15.491866949867685,India,Soybean,1.788798681536997
2000,2212.9474829105907,2525.1854637860715,22.04860698481802,Albania,Potatoes,14.358990154678535
1994,1572.253935400212,307.7144944197184,11.061772762210284,India,Potatoes,20.11783074469182
2016,2302.997340774429,1968.5241081588085,21.563349634457513,Albania,Soybean,2.044880668624167
2001,1642.8272253680477,4484.922803177479,20.473521052003193,India,Sorghum,2.891423810098378
2006,442.1564380245879,1215.000350675292,29.483406632987172,Brazil,Soybean,1.6618392489535114
1995,2259.029419251075,3532.819117873267,18.873549112231046,Albania,Rice,3.360884270637187
2022,2533.0419391658556,1518.8033080264338,34.563719038489985,China,Wheat,2.632023621291826
1994,2729.887432555819,234.15107565825667,14.519247982522579,India,Maize,4.236828190013521
2017,1801.5774468587829,2787.886001237444,24.774667124203372,India,Soybean,4.8679260598071545
2003,2310.0390051985864,4175.918917778391,12.242482425206365,USA,Soybean,1.5384657234932124
1994,2305.724143271356,2053.2475572296707,28.34659959984955,Albania,Potatoes,13.643679025077672
2022,636.0993274370442,3090.296194025854,34.868842201549285,Australia,Rice,5.87705369024336
2008,659.8179248867981,4501.117752312052,30.478465943790805,China,Potatoes,25.808972700706654
2011,398.47941626555314,3950.5756185575688,23.892588518007532,Brazil,Sorghum,1.6311374284406532
1994,1095.758178392844,977.4432329701683,22.1185339349923,USA,Soybean,4.9402821880348124
1991,1525.8240456749807,3669.585957231379,30.875749031671173,China,Soybean,4.10259128287353
2019,2994.1139877118076,2514.4461955491583,33.3993521177681,Albania,Potatoes,12.225659998356116
1993,1406.7813577908746,3732.374371351563,34.73016314495233,China,Soybean,2.8223906004316563
2022,2233.479247820638,2477.6325971058686,19.913480689112102,India,Sorghum,1.913017922181332
2002,2141.5116735630972,648.5112389004312,34.772936869862804,India,Wheat,0.5
2009,772.5494607016228,2853.8481389793033,13.898156304345788,USA,Maize,8.780005000034091
1996,363.82002405842195,2465.748622062726,16.33874439829773,Albania,Maize,3.057271376768815
2004,1728.8189042940448,2594.4294508707944,12.225403118347405,Albania,Maize,5.16641004616021
2012,2160.855658480533,4395.7232436928925,16.79346291211204,China,Wheat,2.7534457668085954
2003,2995.1050125215165,4475.236863064195,29.19843879045028,USA,Soybean,2.9443710607974616
2012,1204.110946387278,2273.1501627609346,31.323108954461244,Albania,Potatoes,18.32619924150353
2008,2709.8207738270708,2284.102885987641,29.472316127564294,Australia,Rice,4.752025364368808
2018,1269.410876433722,2580.782924774354,25.776644454192407,Australia,Soybean,4.506409781313443
2009,2130.352783605436,2602.7504988879423,22.84916281306614,India,Wheat,3.0181994283959868
2018,1875.1082054477456,4752.431849453772,27.717607230341162,China,Sorghum,3.740518998774703
2013,348.3406212472714,3250.5083322136925,19.770838731680545,Brazil,Wheat,2.1216434286278445
2007,419.4875955167238,1394.5104044908403,31.032708787492545,India,Maize,3.85517744638022
1999,258.1394512284907,2662.3686168004097,26.929752349419637,USA,Soybean,1.562962779749217
1997,1238.3354368631706,3139.8456787108344,27.445117462360212,Albania,Maize,8.077057154581482
2015,2288.24293654483,3202.4608878596828,23.39839982822678,India,Rice,4.476649656866827
2018,683.7151031740236,2930.418588928532,32.13072460527931,Brazil,Sorghum,2.078095638979707
1999,1896.3883114749083,896.9034115614714,16.300368341976313,Brazil,Maize,8.129012077521445
2006,1008.7177840870181,177.63001350674233,19.52869133402627,Australia,Rice,5.698014864954543
1991,2431.5793471414017,1695.8368313106034,29.441064241942225,USA,Wheat,3.3244806750160265
1995,2435.5092172083746,2143.3355512556655,22.318722403233444,India,Maize,6.5021073692315
1994,2371.160641905986,318.40315548467214,32.23035033560477,China,Maize,6.774919610573342
2017,1669.533838643855,4076.6870167190323,18.659982994071306,India,Potatoes,20.68806197507429
1994,996.7867882235847,1726.946413176266,19.23325422049112,Australia,Sorghum,2.4892360332305263
2007,2466.443322860177,4569.027403430739,32.21839473466564,Brazil,Sorghum,1.3957610410420171
2015,721.0815734298762,780.5064381329032,21.609258004551027,USA,Wheat,5.0709262186246935
2009,1011.3268856802368,294.105435117194,22.903114605062168,USA,Potatoes,26.409600526453843
2016,715.0535772497406,2416.7573608877456,18.319092883391985,China,Rice,8.267068975022738
2001,2087.7884490854135,953.7553907602762,16.916748554477046,USA,Rice,3.8984925842189337
1996,2121.4608787242905,4687.622385133527,26.3987177709598,Australia,Wheat,3.8329469600959576
1992,2027.0279798029085,61.41395828415738,12.996016538530096,Australia,Sorghum,0.7975806576631311
1999,1363.6841072210698,2068.9721785445845,31.98181602957273,Australia,Rice,5.831793303339842
2023,480.4788201640131,4634.47137901239,29.480078419127697,USA,Wheat,2.0809012773741067
2014,2751.274836642059,1928.246851581544,14.76870659264507,USA,Rice,4.924319582332693
2024,1621.6466992342669,474.61531019629916,27.350498645614135,Australia,Soybean,2.5921393062884737
2005,1339.522145751056,1521.4457648803175,25.06582303214087,USA,Maize,10.571605713789877
1991,1848.7097010952211,2495.071865233823,14.613376268416102,USA,Sorghum,2.859640028356417
2013,739.8132202934963,933.9069198432321,16.830087651255813,Brazil,Soybean,2.3729840772080717
1999,571.1365814936482,2338.142908664877,20.22466259334586,India,Wheat,4.631041774214621
2011,1335.470620082242,4183.3525469713295,27.481068381136847,Albania,Wheat,3.124839314580602
2015,836.2179434797495,4364.363671281099,25.96808522042515,USA,Soybean,4.289404847946086
2016,884.0128247040608,255.81106620655325,23.305871191917447,Albania,Maize,7.5927721864996025
2018,2699.0321657798822,812.9077566823418,29.210263577850856,Albania,Maize,5.4617392751257015
2009,1686.1256961203096,1383.6977774763527,28.948443490154148,Brazil,Potatoes,21.460963085959232
2016,1553.713380105383,2978.380595929133,25.4464788515564,USA,Rice,7.985478138616501
2009,2130.542862440073,1811.363846374411,29.674752084620632,Australia,Potatoes,16.150367161858412
2008,2864.334718294871,4221.764158095916,18.35658436948023,Albania,Maize,5.605451621909071
2009,514.1559805175795,3586.1926227318586,32.03123820806514,USA,Soybean,3.4158187343493136
2024,2533.89678790592,511.27555533640594,25.37275214504852,China,Rice,5.14250880103954
1991,1835.2537036299686,3126.541937535335,30.559087845310763,Australia,Soybean,2.06184064892091
2019,609.2629906731443,573.9330004814224,23.6569776197571,China,Potatoes,26.568753256996914
2023,1032.0180923291766,1282.6279914859358,15.46095612471701,China,Wheat,4.058041321853505
2011,1550.6119661012706,897.574461335798,23.560253216957715,Albania,Soybean,3.5485900149672647
1992,2135.2960048167843,873.5791265115176,19.2777915944147,China,Potatoes,18.358791403960975
1995,879.2996474696662,3085.8136686365274,27.437475900927364,Brazil,Potatoes,21.5119782456008
2004,1697.6606833092517,2822.3885635452657,21.894844793368392,Brazil,Potatoes,22.103743508672856
2016,2117.080556764413,888.3804824107572,30.902820123192193,Albania,Wheat,2.878054921469322
1999,1456.4741023730173,4950.962299037975,26.95181280804792,USA,Wheat,4.206575559775416
1998,2616.4726911364924,2114.965294517786,27.1136108257831,India,Wheat,3.121390560018876
2022,2634.485487953132,494.37594749313376,15.428883337276623,USA,Rice,3.6708683409578913
2021,1517.9354093932482,611.6393946060244,34.60624416228226,USA,Wheat,2.9344069954944247
1995,2924.191989144919,2923.6296314957076,31.041880231787218,USA,Wheat,2.465682174747242
1991,411.63825873525246,4895.556322883529,29.725122114017367,USA,Wheat,2.549626377327575
2018,209.41465930422254,2864.035997079797,18.255380629000687,Australia,Soybean,1.3515740342705036
1993,1265.8711386509733,4745.71696831702,23.3907913211808,India,Wheat,5.231562569498536
1990,1883.071771843026,2226.2229252825537,13.427579701858216,Australia,Rice,4.675332252114736
2008,1961.7604408590503,2184.8471072235398,23.461899416567647,China,Potatoes,25.59775700460322
2015,1534.04806162272,2505.0367229862522,13.647231162082182,USA,Soybean,2.621684350697125
2014,549.6732770738092,3490.1530361962205,23.82594609974003,Brazil,Maize,8.27989905101493
1999,677.3930610061038,1844.4036725921499,26.21804700387264,Albania,Wheat,3.4890153222782625
2004,2586.0143547856255,4320.791303067996,19.75489918124756,Albania,Potatoes,14.059830627891817
2011,2630.1511688699316,156.1141099930497,22.46362195828233,Australia,Potatoes,15.842663462283094
2010,2086.9159060100164,2204.423333191927,31.891334691864646,Australia,Soybean,2.1004495972095256
2011,2059.8103223808703,2559.84933139979,12.714078617570234,Brazil,Maize,4.15647401250459
2023,1873.5099584778611,3039.09086893285,29.793322324991323,USA,Sorghum,3.7975824509669067
2019,768.192479965567,1387.5988427056577,14.268863774904911,India,Rice,4.608873830380604
2014,1399.101960727729,2143.1250552193183,10.91769957011571,China,Sorghum,2.0854056728184536
2017,2148.5050240974606,2427.843373568143,14.639365068626194,Albania,Potatoes,12.889951005714291
1990,1704.3063616093484,3437.680793629234,29.126079749262242,China,Sorghum,3.438427774234853
1993,252.02493535427772,3869.9854818317117,20.128151833421498,India,Potatoes,11.544740108776102
1996,2869.9590588162755,3691.758363445498,31.81301292115455,Australia,Sorghum,1.4391735143689646
1998,2565.4849472020014,1714.4994309250305,23.117688529556645,Albania,Potatoes,15.19396394009644
2008,929.526039507266,4997.258109729898,10.556258798158273,China,Potatoes,24.059812808554273
1990,1926.0850184656292,4244.839905818025,27.917840240048168,Australia,Soybean,3.683310362635427
1999,2785.0702744389255,1307.5166319933949,12.755822718030817,India,Maize,4.1907515867118565
1998,468.83083391822385,983.5779703074094,29.73449083654811,China,Potatoes,14.219304596953764
2021,1608.4825462307617,1576.9660404111185,14.2025637451295,USA,Rice,6.482664017578763
2021,1477.4804723696245,2267.200816468228,18.636159645137838,Australia,Rice,5.576648224088466
1995,1348.5740147938905,4255.488897814873,29.031785740634007,India,Wheat,3.433632089413345
2006,2539.64810490019,3894.027696334727,33.85578393691054,China,Potatoes,17.391231946879724
1999,1265.8092107528805,4257.7181562943215,19.285848766168307,USA,Potatoes,25.582924658047812
2016,378.25733307482125,1367.066003402539,30.735005504973394,USA,Potatoes,14.288520319320854
2024,384.345678060047,2971.3715000346624,14.769806636895968,India,Sorghum,0.5
2010,319.68489826890516,1423.4128207640986,30.179494255062277,Brazil,Potatoes,11.030115091613782
2014,1345.6071812473042,554.0255719902708,26.437351481406274,Albania,Potatoes,18.948120756511578
2017,2211.537577555408,3424.1467399386565,14.81858768030921,India,Rice,3.927433233540804
2004,770.4228934054433,723.5577804652395,17.56259900878529,USA,Maize,9.686311950286571
1993,2010.1118572083385,3341.8118309152924,13.2942722149259,USA,Maize,6.142587807855319
2018,2123.8477218903718,3243.3418814779916,19.574175276607832,India,Wheat,2.999912471213617
1998,914.5659472436743,4053.139737675845,15.091216028081934,Brazil,Rice,4.9512527810121165
2016,1881.5614369697619,706.3774767721862,26.099948840761837,Albania,Potatoes,19.950383770562066
2015,2117.631352075173,3919.565941058966,34.862627605513964,China,Maize,6.865475014627349
2008,1506.518143845952,4996.389864471723,10.300229077106604,India,Soybean,1.4256698114812392
2017,1142.8064723842663,4256.701818443652,23.522995332182468,Albania,Soybean,3.8811859521911694
2006,1933.6243444081165,3761.5422608750546,24.341664938725245,Albania,Soybean,4.180250853401321
2009,2937.9718445185595,3314.205119926591,32.855219742020296,Australia,Potatoes,15.15573545665743
2012,1395.1559462331386,2114.6896085802928,22.65013336917344,USA,Potatoes,26.248798893421537
2021,1296.858269598339,3655.195837779095,23.592535491122938,China,Wheat,5.391774101681206
2022,1499.9473267931173,3623.6483953508614,21.791320033209715,India,Wheat,4.556859854039842
1994,413.411501646135,3161.1764306095683,16.722607614037035,USA,Wheat,2.015473743443247
2023,1748.857183079892,3983.429107706164,11.400728331222842,Australia,Sorghum,1.578769431787399
2000,1120.3526842083381,2249.331803249905,20.216442055245903,Australia,Soybean,3.5547785503259592
1992,539.981942527535,615.0510335406293,11.314786781016963,USA,Potatoes,24.28242665333736
2022,1505.5188751286455,2799.747960770095,23.762311736647945,Brazil,Soybean,3.776227753404226
2000,209.4751624071368,1332.5672082695996,17.682341081057327,Albania,Wheat,0.7656740977882273
2005,1324.998686455725,1928.3211561714595,23.340060038135697,India,Potatoes,22.43657351917653
2007,496.05875019406136,96.90037066671786,13.357424109879666,India,Rice,1.2135898047530547
2019,268.01956951938485,1920.1250337102379,33.31574914348399,India,Maize,3.5045329821685014
1999,2508.530129484606,4045.9175196159185,32.36303108874837,USA,Maize,7.312190940938195
2007,2765.4966491913774,2718.1846110218917,14.749912730057112,Brazil,Wheat,2.1556720591334084
2008,781.4890154054987,58.9046294005155,18.586107082350246,China,Soybean,3.692753521249613
2002,1710.0351387359315,2354.520662996838,25.33731929629949,Australia,Rice,6.7726922043400215
1992,978.2828399667578,1464.343721750583,12.392155182647656,USA,Potatoes,24.18123383717213
1999,1582.01682828211,2392.977770431884,18.86419552790377,China,Soybean,4.215704756135608
1990,1422.5676985036487,2029.4166800249066,16.277807170475153,Australia,Wheat,3.018111610975381
2016,953.3429542253598,4660.576305591334,32.88791821791742,Australia,Soybean,2.41563060655759
1997,2161.1020229788337,215.47472182544888,31.31276590723013,Brazil,Wheat,2.814207885873649
2006,554.1746860967119,3421.104176296842,24.495818531671596,Albania,Sorghum,3.3668643207535243
1998,348.60379007982795,4256.62271554569,23.008658421789356,India,Maize,4.530927085637133
1995,2349.4912125043816,4796.600537405872,33.26814486363493,China,Maize,6.689634680932822
2014,2064.6040874179034,896.4047704560365,33.31069457447038,USA,Soybean,2.523445642171748
2017,1595.8731476099142,2661.2109618113077,34.23325313379151,China,Rice,5.96385845310685
2022,1509.8113573231165,227.51199081288746,13.134472102704692,Albania,Potatoes,17.598246898122603
1998,1592.7518625759935,2500.9257870308916,14.013945269079255,India,Wheat,2.4706881714780686
2007,1423.667413076284,636.0358668094998,26.918417466997166,China,Potatoes,26.565301387482823
2010,1300.0984283273015,4191.10440674658,23.535861915246123,Albania,Maize,8.360224451073167
1991,1599.1336880811368,578.2113130007706,10.461647622330899,USA,Rice,5.054675937476205
2004,1679.8424792473293,2571.3089183286115,11.549375899737985,Brazil,Rice,3.5561275513125827
2017,2137.3264794341385,2610.2693842738413,32.20200955647013,Australia,Potatoes,15.468877052816314
2007,2191.3800500552634,4858.535984678711,31.72176988848466,USA,Maize,6.200108298811102
2023,1257.3614243924048,3278.3536632540518,18.93177304990113,India,Potatoes,21.326716793905895
2011,1357.9134636817685,1446.3230624532416,32.27626542326337,Australia,Soybean,2.6926300142484103
2000,1246.3520752614245,1211.588556591311,24.841876859947547,USA,Rice,8.324622957416976
2002,1702.300166151989,649.9585461688738,30.147641175472547,USA,Rice,8.040011048909976
1993,1469.389906159747,3785.008473004807,20.68577677900536,USA,Soybean,5.6882495410994895
2011,2690.870096781342,3456.8757143498697,12.834958183622717,USA,Maize,4.837693417230927
1996,2149.8115473661232,3053.286865267449,20.843176566150404,Australia,Rice,4.861803461514803
2013,2716.2378745124474,213.79381032044182,21.43249494992245,India,Sorghum,1.8768590309560014
1993,2185.5835763663918,3816.5160433075293,23.773604846015076,Albania,Sorghum,2.8510159880419446
2017,2918.7780158666797,3213.019009970911,12.6395678226107,China,Sorghum,1.2903089756626667
2004,1980.0629791147535,4819.805451871337,34.78504657624029,Brazil,Wheat,3.5718979033150906
1990,2897.9403868565532,2940.138628085292,16.10342052017266,China,Wheat,2.6024941653068945
1992,642.875693146393,1526.7200142419235,14.963810088427323,China,Maize,8.474550361017148
2003,346.9375063223308,1913.787555424708,23.17007297139841,Brazil,Soybean,2.575707436551779
1990,1821.550518570806,887.4451198373802,23.430204484872213,Australia,Potatoes,22.084513328970523
2010,2953.7809762393695,3617.3417691849118,20.995518445831106,India,Maize,5.89187063785219
2018,1369.294692446711,3541.531083508409,29.297303658131362,Brazil,Potatoes,21.311057165320335
1994,793.7214141402869,1011.2435772336045,22.916360018215066,India,Maize,9.232436013688202
1999,1660.3160577418391,800.8617226795702,25.2423863786246,Australia,Wheat,5.487554279148255
2017,2016.6361488208881,394.25461667895104,28.09365963519464,China,Sorghum,1.9625683014324309
2010,1082.500347444489,4560.758960971975,10.625627539096666,India,Soybean,1.7073748073181125
1996,2201.354203797927,1173.018470137307,24.266104563626122,Australia,Wheat,3.2204367066598807
1992,2930.3206197280324,1727.3759984915016,32.10486178070923,Australia,Soybean,1.0181383206327967
2009,2711.496740789727,1409.7174968036782,10.434718573135848,Albania,Potatoes,11.923389310855008
2008,1016.4390458341468,2073.9867670278472,20.129552595024027,Brazil,Maize,7.79122713167545
2024,1114.8263128048752,3573.1035089185916,33.15568625514575,Albania,Rice,3.929059617917991
1993,1240.3154284588481,4354.2722122941595,18.828860057063444,China,Rice,6.713858894951745
1994,1304.7477795022069,921.1677601474154,21.46822060500602,Brazil,Soybean,2.971093520016418
1990,480.8945977411824,3435.197595268414,34.53853482610782,China,Sorghum,0.5
1993,2333.49594889001,1769.285089790001,14.983096473764345,Albania,Sorghum,0.5
2001,1222.9499381099613,4902.830569803491,11.631379728125149,Australia,Soybean,1.4035944876935063
2016,2663.495934775266,1501.6066048275436,31.48556477153261,China,Wheat,2.5520103124277274
2012,2795.4337447363046,45.89285047922122,31.711633530309214,Brazil,Rice,3.837873493612194
2014,268.4076660615267,2583.0434703590277,21.801945867000327,Brazil,Wheat,2.450014200981991
2010,2967.8085957989774,762.1481105369293,22.85517936193216,China,Potatoes,19.232982767199868
2013,2188.0636482005166,232.0271898238115,30.895159240445903,Brazil,Rice,3.7758036800380768
2014,1657.0982327802944,3494.3634674190653,28.463987452894877,Australia,Potatoes,21.583948343857916
2021,1290.6773034431492,3663.973819717198,16.628725055425267,Australia,Maize,7.117536340927929
2021,1651.850771307196,2308.8880754513475,10.422333876787961,Brazil,Wheat,1.4652171631604456
1994,1108.9492271396443,3387.6587286153203,21.992504063338643,China,Soybean,4.776712220047425
2005,1943.525878350335,2695.8148467531983,31.472808152391035,Albania,Rice,4.160578403657912
2022,460.3447740454155,3152.707527532439,32.395866917254054,Brazil,Wheat,1.2832808490214196
2010,1939.1432881530686,2987.5528262079265,33.90565492690385,Brazil,Soybean,2.307231711068828
1998,970.9655803876435,3332.455592637406,31.989080940319532,Brazil,Maize,8.107338100644874
1995,249.37752134656984,1006.1569368791246,24.501088882452457,Brazil,Rice,3.1334561211059793
2024,1747.5761452560573,1350.846033983134,21.115139980902523,China,Potatoes,25.98972966741988
2011,1819.6537163875498,2205.416116043383,29.371246163352478,Albania,Maize,7.602199178570957
1994,1394.393213192301,2236.17876700174,28.49554085913991,Albania,Sorghum,1.704174762461106
2012,402.40145114088716,3874.314440818652,23.45358575203636,India,Soybean,1.666672268202054
2006,2701.3602678517364,1843.294359555365,12.183184313961728,Brazil,Rice,2.56673454050456
2001,1912.006260238089,820.9007287353201,33.152033669672974,Brazil,Rice,5.5622477008726205
2012,523.9972387931148,1264.8151927504687,21.390063437541553,India,Maize,8.526435923802566
2005,1630.6056144636134,1081.5201768972997,19.083344547906606,Albania,Rice,5.386248390999677
1992,1592.3120846557201,3660.9834960875496,25.739184879219295,USA,Soybean,4.342764778756881
2019,369.12523262019556,2356.9946769836506,26.845949029174424,Australia,Maize,4.024713360484416
2011,1899.207170088253,3546.0671828752074,15.267197925757536,USA,Potatoes,24.90438630779761
1998,2463.3139169803803,2086.9362069805584,30.923471120248905,Albania,Maize,4.342825726659334
2018,2297.222551895739,4449.780656494487,17.248427341559445,Brazil,Maize,4.837066044698001
2012,768.3143596597133,4917.766335536446,14.667098147857917,USA,Potatoes,25.224599458646516
2002,2614.419082751792,3352.514118426032,20.159996321362435,China,Sorghum,2.4124372459353074
2021,1159.1180638461826,4320.424660608732,28.26400202243663,China,Soybean,4.101694163355975
2012,2850.223459217436,2544.587003188593,34.13645446099508,India,Sorghum,0.6157991830791041
2006,400.8942998319984,4673.757993366001,30.23203160928583,Albania,Sorghum,1.3065510903003141
2010,1561.3843278555594,4159.616563507412,33.50870944175479,Albania,Sorghum,1.7909145072067605
1991,1871.9482560971378,4958.975073112535,13.51514510191317,USA,Wheat,2.8012084989274983
1995,893.4202757288932,3119.237739285625,11.77941997159192,Brazil,Sorghum,0.5
2007,2359.8645284166378,3898.2416339384604,23.94261904766678,Albania,Wheat,4.022851593872084
2019,1955.3079034700077,2718.9120184912854,17.257437076100857,USA,Potatoes,24.63566554319259
2011,250.70642440627554,1303.0093203144,30.70137432423182,USA,Soybean,2.0022333313007685
2022,1903.4320539494604,1780.228303937491,26.799696785058153,Australia,Sorghum,4.069660032342314
2019,1576.13905637165,4471.0870195092675,34.26820409964486,Australia,Rice,5.240438488157155
2006,748.8817647698215,289.18025352711663,16.369808893282606,Albania,Potatoes,18.057268555111733
2021,2988.095035766683,2961.484631511297,22.14460285888081,USA,Wheat,2.955585230816027
2003,2712.054145517322,1868.6953221955023,22.53101193563383,India,Soybean,1.962873657330101
1999,1019.0215460813778,1939.595764647723,15.979419871434406,India,Maize,7.562768913629702
2023,1714.9985782361257,4424.010320004699,24.752334987200193,Australia,Soybean,4.945706553397219
1998,1086.205991748814,4270.573648985671,21.082149651980988,Albania,Soybean,2.9016872607635413
2017,2371.3881045810185,2998.2234541066186,21.16803889974684,Brazil,Sorghum,1.7560529831502878
2000,2804.9280129500744,1371.8650485476262,19.06841619931209,India,Sorghum,1.9236565408410073
2003,1204.720099360274,2382.5271673485,10.423233810638376,India,Wheat,1.5304899688088187
2008,2455.635897602157,2047.384035008188,23.052380922869723,Australia,Wheat,3.328957962671861
2004,1595.5411195969737,1774.5539657204515,18.38119589250828,Australia,Sorghum,2.3712332908735196
2017,1310.4199716724165,522.9000370009092,10.032996724608243,Albania,Sorghum,0.5
2013,2827.5811858765555,2720.1382947094485,17.6985926915483,Australia,Rice,3.727389737063862
1997,1629.133128413288,1516.1381763936731,16.965708327243924,China,Rice,7.560946775798589
1998,1508.7494007209016,3307.431635208367,19.836203830590897,USA,Potatoes,26.074718714661604
2022,2082.8163254945603,1602.8276397693985,13.296299741084923,India,Sorghum,0.9745177666524605
2022,931.4557628511964,2161.5058307426607,22.69209561587711,China,Maize,10.023023089470373
2008,1109.420038207284,271.2782672300936,27.31100881295325,Brazil,Rice,6.966107540444788
1992,2809.7283414681438,4962.764968828334,25.75463922636431,China,Wheat,4.434078382365125
1999,2099.8835672234386,2542.975812543127,30.093873689229767,Albania,Soybean,1.143501384712697
1990,2514.5840137588157,130.94559487922237,21.30020719967703,Brazil,Potatoes,15.774056290501916
2018,959.1129334192029,2710.740987218109,22.977293258493205,Brazil,Rice,6.334088890216866
2023,1722.6125318036418,4353.066456535192,30.260048521474584,Australia,Soybean,2.444031732792635
2002,2919.909547570595,3865.035149988351,20.69252927048096,China,Soybean,2.976392957850441
1990,1092.3709172790093,3507.5243538059763,27.539983747489924,Albania,Rice,6.109672086835366
2023,649.3341336877172,705.9286264491841,20.865059217949796,India,Maize,8.376862363317839
2018,1630.4808230290591,3292.108024147487,20.443404862789066,Australia,Maize,8.23909103443559
2002,1285.8990484296532,3833.828906281179,29.005140613229006,China,Potatoes,25.846273213078
2018,646.816251802798,2866.371129187828,14.37092288665528,India,Maize,8.305536127308015
2013,2687.9438715694305,4464.817532556554,18.46464929853934,China,Potatoes,17.721855544170904
2015,2974.026949550578,1392.1790111065782,15.604306918672545,Australia,Wheat,2.1192895485699914
2006,1792.0301059319938,1218.3020516988604,18.977748574189928,India,Rice,5.758562894545011
1996,2369.094951445671,4349.153027263804,15.7593705591506,Australia,Soybean,0.9435391738038694
2002,2605.3074347296388,3130.7372325273477,24.485140777166365,China,Potatoes,19.47529578791551
1994,2162.749616861115,17.221630399786637,29.95427006544613,Brazil,Maize,4.857810136711469
2015,323.6369375128474,1772.1257284701521,29.665326530447548,USA,Potatoes,13.543214451327199
1992,641.3758488070898,4290.701369215226,19.11252411371981,Brazil,Sorghum,2.517259585969253
1996,398.7697352238821,146.324363092299,34.71901014735654,Australia,Potatoes,9.530271276607484
1990,227.66289859775836,26.207162024929318,24.84635911764502,Australia,Maize,5.187637105192136
2006,1056.7899445202625,1413.4838597203975,19.985007544457368,Australia,Sorghum,2.1778469874400317
2014,1298.5966893483674,4570.860184676297,30.888481981035635,India,Sorghum,1.8178268969694786
1992,874.883250540592,4508.373131535382,28.24685031606602,Albania,Maize,7.151116740253164
2004,380.89301464169864,2598.6221095495243,28.73188342060261,Australia,Sorghum,2.53475646534549
2018,1683.6166543426973,2770.651986986717,14.90348374334679,Brazil,Rice,3.9880246180653476
2021,965.2940958799966,1666.7199764727723,21.70810768421388,USA,Soybean,4.550643715678311
2015,2428.9040336179746,1226.2459435187711,31.545703270615068,Australia,Rice,3.4706676037468682
2005,222.54734055078734,4077.95705251847,22.600950190718933,Australia,Rice,3.3608057829019056
2014,2559.0757436053086,540.4113538932107,27.086318585526257,Australia,Maize,6.599410714650829
2017,2873.3103010486793,2441.8983106843925,24.698343325856612,India,Maize,7.007125044871802
1998,2205.1781768299948,3175.6423248904516,31.058919692959552,Australia,Soybean,1.651046854090795
1990,2254.203382735186,527.3646489514358,17.114020994040064,Brazil,Potatoes,14.057381528908866
2018,2813.9744724876527,2602.8394064070076,24.38688194715912,China,Rice,6.341683992759143
2011,785.3995988409775,2891.8312266830912,13.0808667002451,Albania,Sorghum,1.2608614847917818
2005,2984.7835909840146,3715.0553419317507,27.255269417486694,Australia,Soybean,2.61748226174357
1996,2365.747369459917,1181.831885246189,28.2991959588178,India,Rice,4.714916337392793
2003,2234.3979833178223,1473.7042414208838,11.07093302972496,Brazil,Potatoes,13.35608250217609
2018,1211.0536211868198,2851.910521698837,26.894774090699627,Australia,Sorghum,2.905331148734685
2008,1728.1769591357095,4915.800785808255,20.367253854144657,India,Rice,6.100452528949334
2008,2030.9698071653715,1095.290982272371,13.102421902742059,China,Wheat,2.0699851474463964
1991,1936.9600116882045,4929.660097346085,20.49768869246169,USA,Soybean,4.299324280871493
2004,2173.956987737226,3574.5692399418613,14.855823242389542,Australia,Maize,5.034839972036667
1992,430.66886941954976,4132.149527453816,20.38898830308291,Brazil,Rice,2.7138479736106107
2000,1195.815611928751,457.3099284993327,19.608475698963193,India,Sorghum,3.319012984923582
2019,1415.200046467336,1509.096735278855,28.459790923401435,India,Sorghum,2.802847837193181
2007,929.7620340499061,298.10403545839546,29.35538895415897,Australia,Soybean,3.2045039563073554
1991,683.3563567538265,1864.0195050658444,25.175716359613666,India,Soybean,3.5320801129935115
2021,588.9969437560159,4906.635403001059,10.56717105456119,USA,Sorghum,1.4014340086038128
1997,1225.8734983184384,535.3125804096289,33.27555697677485,India,Sorghum,2.2252433312456827
2011,1581.6367615751844,2816.2401840322855,27.15583200241119,Albania,Sorghum,3.3172645571935453
1995,376.33403241064997,40.29240784092348,10.854886248029722,Albania,Rice,1.377981550876869
2001,2850.0826648535385,3566.287252059873,30.470822480352947,India,Sorghum,1.974930987469691
2004,2342.6813040101233,993.991534936485,15.006653867949904,Australia,Maize,4.8849240829658775
2017,2246.384964919306,656.626840252567,24.48052973927767,Albania,Sorghum,2.157390275017289
2007,684.0094699684355,1691.7188826823303,21.66585924875468,Brazil,Maize,8.174006211709207
1991,1890.642150434129,3857.5110467155178,20.495969558876915,Albania,Rice,5.937220001551936
2002,1683.2298510642688,541.9993006929419,32.24284300310994,India,Soybean,3.191821976851207
2004,2950.9127682027424,1156.89658903549,20.934032289065367,Australia,Maize,5.401018125028402
2009,2293.4809562244423,52.23746387037459,11.883602939328767,China,Rice,3.697006649272453
2018,1812.1332744054473,4842.390164851134,33.66596818037381,Australia,Sorghum,2.3162667197129228
2018,2582.275466116342,2964.806543944431,33.01338078099069,Australia,Rice,3.04016461609512
1992,634.2639584099866,3602.29918555965,27.11081723953997,Australia,Sorghum,3.557545211746709
2008,242.60628313473615,3260.402024068512,21.697313203300624,Brazil,Rice,2.819185033451239
1992,2132.653333560665,730.3791487596751,12.321486823588032,USA,Soybean,0.5
2003,475.2720886642649,2978.7502955800305,29.768702964436905,India,Maize,4.166187939394548
1993,523.2141919538258,665.7638197548979,11.886947860600724,USA,Soybean,2.4514187192420787
2000,2285.1060339886853,2012.1699052760082,11.71502462237864,China,Wheat,1.5058428133386663
2020,957.4975635751695,2849.1260482672124,23.4345960609842,USA,Sorghum,5.478228545778171
2021,1960.1674035929002,2798.816759369758,14.003206004616006,India,Maize,7.186932278087667
2016,2768.7393930596954,604.1763956538773,10.193256683508725,India,Soybean,0.5
2019,1086.1286885860034,181.83548853614568,20.577835774894655,China,Maize,10.150792145574874
1991,808.0036419517727,3993.189226230331,13.430430790251648,India,Wheat,2.280056450374156
1998,498.3760744749448,3632.3529606100665,14.01288538201728,China,Potatoes,13.077212166527088
2017,565.2946119752331,418.2763337780429,11.922765968383366,China,Sorghum,1.8269806772835198
2020,374.22354706075964,645.8034388197517,15.127343843090248,India,Sorghum,0.5
2023,445.39866072327237,4463.993044184205,27.887104494359736,Albania,Rice,2.7707201364673786
2004,1409.612848665631,3847.953219092682,30.223182680444786,China,Sorghum,2.5459761256448945
2014,1098.4221260671152,4980.839878121204,21.313341100732515,India,Sorghum,2.7376529033691366
1997,2178.3702801043946,1277.3973715330583,22.66384539703544,Albania,Soybean,2.5517541334845357
1998,2636.676643091605,2444.1369144553864,10.816375864855065,China,Sorghum,0.5
2021,2397.364968798676,1189.9332845511549,11.732906534282922,Albania,Sorghum,0.5
2006,1685.784318663826,3117.7726910017755,16.439193141237922,Brazil,Wheat,2.973917431576696
2024,486.8379254514296,585.9170530656768,23.597460517828686,Australia,Wheat,2.653526021044565
2008,2187.3483950363498,644.9434319877352,28.488778718374824,Brazil,Maize,5.537367790055677
2018,1215.920429235246,368.72057811156196,25.125076533450827,Albania,Maize,8.287067075554493
1996,439.8211029631485,3470.9945504981933,19.803196374669707,China,Sorghum,1.2077864270693444
2017,2558.905940195352,2475.4221613917016,12.958101825078455,India,Sorghum,0.5
1998,1147.0062481110156,3092.4787696096037,29.519330872179737,USA,Rice,7.335409341652091
2017,811.0967310323998,4397.712222480901,19.094651289976426,India,Maize,8.806542399922273
1995,2640.065780932761,3704.2391389292393,28.401350362069742,USA,Soybean,2.361316877691432
2018,2725.974831651614,2313.997361651788,22.824471047858545,USA,Sorghum,2.89194852611103
2006,1149.1183441363676,4921.93638208719,28.46655133904563,China,Soybean,4.750561286677199
2005,1193.4439739878458,2286.7179446984464,32.6822390363143,Albania,Sorghum,2.9703330387584694
2012,1822.9598772328034,571.1288594353306,33.02573790134505,India,Soybean,2.3158541407447184
2020,2253.636182669843,4963.347188791053,23.377669500015084,Albania,Potatoes,14.185035451961589
1992,376.81776533921766,123.87544277408803,22.78770911914097,Brazil,Soybean,1.3155615649936048
2010,1861.3622401277207,2753.918961843883,16.64196163757093,China,Maize,9.85470766024808
2015,2867.8961729940283,1552.3864886115493,33.39499578823228,China,Sorghum,1.1347033106341207
2011,933.8629121038703,2522.7252335747544,21.447979179990522,Brazil,Maize,8.295972187922208
2001,2744.7161994714147,2797.977633446663,13.189780982184429,India,Soybean,0.5
2002,2860.4713541366623,1208.078522429653,20.81762286566375,Australia,Wheat,3.1603911843096104
2000,953.6301947190512,2788.725191128937,13.1763312559501,Brazil,Wheat,3.0110803101870802
2005,2311.7652244789815,3782.744948907632,22.56329210642688,India,Wheat,3.5474694293471365
1997,868.570023294768,1339.8840878475517,24.031887871405303,USA,Sorghum,3.32376915572644
1991,2265.3112528499714,1923.2964052363964,18.443894037339632,China,Rice,5.130470111664371
2019,2432.7759196087127,1348.531038888649,11.791265355787116,India,Potatoes,12.8822935004195
2019,892.1759703898184,4104.59305763113,33.58758839083097,Albania,Soybean,2.1925077470393655
2001,2204.434722033058,3627.6614734558875,29.33382783708574,Albania,Rice,3.9656041785328897
1999,2473.8927088194514,4357.270221719853,30.972027012628025,China,Wheat,3.2196777325027286
2000,1204.020841899353,858.5489655792799,19.171709857155733,Brazil,Soybean,3.289480627401995
2004,669.5677727712355,377.1623944171602,29.020775750486262,Australia,Rice,6.0885942340342
2005,457.500788489038,605.7236842547801,22.134322379229857,Brazil,Maize,3.566053393082784
2006,1811.0687701078373,813.4814807929396,15.027087210151148,India,Wheat,3.008105530974053
2015,2938.674734083997,2670.082476767264,13.110584422680333,Brazil,Rice,2.8654329096621014
1991,2504.260896062205,4854.851231110197,18.62627173305142,China,Sorghum,1.5783414357332912
2001,1420.350989016748,1792.6047289177425,13.438802786878492,India,Maize,6.077660981250662
2015,1702.538527993884,4792.9562641074235,34.95672440510172,USA,Wheat,4.482421776537067
2012,982.678079153093,200.62196699600682,11.229724755800552,Brazil,Potatoes,20.126914944982204
2007,656.584428608178,4635.092292045145,21.02858998422691,Brazil,Wheat,4.380778056096623
2021,1549.827243050365,913.9515104518061,21.302338059759606,Australia,Sorghum,2.563261209826047
1992,1497.8043852681185,4563.25017873955,17.51579821454189,India,Potatoes,19.66596234306034
1992,1661.4038678505285,290.5748762761512,24.283789142673633,Albania,Potatoes,20.322862258164722
2019,2867.852839579034,4741.615043000213,13.749425603788616,Brazil,Potatoes,14.356445705655053
1990,1890.9068404053621,1011.9833389511156,29.59780951468084,China,Soybean,3.859139695371674
2019,1896.1611425426465,1520.543159765072,18.311192956190958,Brazil,Soybean,3.441015761363312
2021,558.469336011015,2459.802297073761,24.783564744966043,Australia,Potatoes,22.77112385161349
2017,2990.168825295097,1909.7971973650212,27.890980901673984,USA,Maize,7.567615354519673
2010,2363.965843857072,3340.964566623118,32.22605294225403,Australia,Potatoes,14.978034325817372
2002,2656.1693634632134,4874.290758577886,30.894685911305004,Brazil,Rice,4.07114342776077
2016,1360.0411531267835,3036.068189116654,25.207725702588988,Albania,Potatoes,20.49935719177865
1996,1605.9586681997498,3610.212193088381,19.70982950959717,Brazil,Soybean,2.772817667774041
2011,1661.8346656543742,449.14619902545047,22.5801167518741,India,Soybean,3.8844935321035057
1999,743.4647100108945,3142.7840210593267,29.218369834470064,Brazil,Rice,5.698689683651073
2004,2130.56963771548,2274.710387461602,31.938638563986824,Albania,Rice,3.9870522501221273
2004,2728.3348261288784,4430.053966018945,12.594548204416796,India,Wheat,1.4047935641870595
1993,658.3762907875732,1947.173387219079,19.621406562326335,China,Maize,9.518899556048511
2021,441.6911657612606,3400.4761788090964,29.402914960337515,India,Maize,4.366313159278251
2012,2267.012935512958,1148.4871040128046,20.791294064849026,Australia,Maize,5.483719179223819
1995,964.9651286843498,1304.268942285738,18.305694101657096,USA,Sorghum,3.7319034584101516
2013,1946.8151165285221,1886.8509303021453,20.28306742058174,Australia,Soybean,4.095211195710977
2009,2148.123346378106,1527.2770521574487,25.07111866965877,India,Maize,7.100482920857047
2009,1101.350138029101,1276.8554085564733,34.99512860334504,China,Wheat,4.416949487642886
2001,2482.4048727921963,257.8468424450384,22.324810727613297,Brazil,Wheat,3.0186719472027552
2022,1739.9691499198073,4185.36419544477,15.212361873856514,India,Maize,7.641208053480363
2017,2633.198342265048,330.86463914750874,14.071164381977368,Australia,Rice,3.5168314959687352
1997,2337.221947165053,4437.953922858808,11.058743686910358,India,Wheat,0.8287856408595033
1990,2632.011769704871,636.0722914496207,23.970430872958037,India,Rice,4.952482260075031
2011,256.45186993010344,335.6560679426686,23.614302287220855,India,Soybean,2.580641850124282
1995,881.8175300680653,2819.3937722636783,15.130848169507729,China,Sorghum,2.7066502061864686
2010,452.02223324862814,2517.1845449478615,27.383235161314175,Albania,Wheat,1.6971872827470262
2021,1437.8324481301777,2461.2604984711065,28.52767604074202,Albania,Rice,4.531491861656468
2024,2691.888340522891,2876.776594231975,16.47745513455278,India,Maize,5.005965658566062
2004,1509.1127343472338,1442.4124645345871,18.602494100743414,China,Soybean,2.6557799983430037
1994,2579.1965248251036,3318.11687441376,34.761791808681416,China,Potatoes,17.1575056714531
1995,1116.09906645409,2516.9870763388444,19.356611696268352,India,Potatoes,20.825739614757516
2014,1150.7962038547066,1680.369900117053,29.020041793902546,Australia,Maize,8.08303869359253
2018,2707.572844915257,4134.238328233833,21.3181356657485,Australia,Soybean,2.89021121736211
1996,1392.2880102327642,3641.3282706702835,29.8336206965244,USA,Soybean,4.582134550607808
2002,2411.343365825066,1974.1156063036635,29.2255809695662,India,Soybean,2.5886732765133353
2007,862.6019340693238,4239.612748292075,26.69390062996339,USA,Soybean,5.015096514732783
1991,2856.642323097379,4602.088668057753,31.36945865738948,Australia,Potatoes,15.475892637043104
1997,1808.819090285599,2688.9626727509685,33.480462371942124,Australia,Rice,4.050356659811056
2000,2326.1059920195253,1082.6127262830346,24.499583011302096,India,Soybean,3.0544182359934386
2022,450.6439594256794,4579.802861169464,15.936722680568643,USA,Rice,2.0305966534759277
2016,1579.4598323254804,955.503304276631,19.965724041101875,USA,Soybean,4.21087875822734
2009,2722.907793655265,251.63189982217307,28.95764283783233,India,Wheat,1.6385140331665942
2001,2655.7081613212526,1644.160174276923,26.27208712809674,USA,Sorghum,2.9056429581473227
2020,331.0790802558371,3637.5620588605884,14.444958464131219,Brazil,Wheat,0.9728437730264297
2016,1050.3557135610508,4617.137690904212,11.280988528660618,Australia,Sorghum,0.5
2021,1441.2960181414244,3190.055377604055,27.07403983855162,Albania,Wheat,4.429455361568183
1999,682.341480196207,4759.674349363633,16.276975600733635,China,Soybean,3.5521134354838804
1992,2243.9952707719167,470.93048798672413,22.491756093226336,USA,Rice,5.756605151740499
2016,716.6335876763924,313.16111064422006,28.668669312814856,USA,Sorghum,3.8627622284695744
2024,1170.5911442356814,3024.9178342108835,24.06666951640833,China,Potatoes,26.434482346433917
2020,2057.1857832018914,4830.920449238846,12.08256457779491,USA,Maize,5.596622311245354
2004,1549.8501646685438,2518.5793316840727,14.639505919588885,China,Sorghum,2.2845193317698462
2005,2267.9989081777026,267.0609774371326,15.483204600772979,India,Sorghum,0.7699271719655655
2002,2891.382123424007,1113.8810938265062,16.44660634112112,Brazil,Potatoes,14.30413088169566
2024,526.330725602553,1231.5166030146956,24.135084798762605,Brazil,Soybean,3.411591571232766
2000,2186.7896059145705,1695.9070743933805,22.59914449563484,Australia,Wheat,2.9232278497312443
2010,844.9636357699206,227.58088409520101,15.079000959105223,Albania,Wheat,2.0514207445355828
2000,1360.5348367411939,4525.414575484602,11.688871086392176,USA,Rice,5.310292994552361
2019,292.0156322263915,2582.664084160261,14.285805111867951,Albania,Soybean,0.5660361061817014
2024,580.540670419557,3357.9446568410044,34.60953281546509,India,Potatoes,19.89795923364891
2011,1095.376409336919,345.19245610609477,21.713673744786806,Brazil,Soybean,3.3993299121086817
2020,1157.560254806358,280.03618434021047,31.68363761755281,India,Soybean,3.378366503816944
2003,2718.8386060938683,2936.474182482331,31.21881166672108,India,Wheat,2.8100676114291403
2013,2277.0761459462424,4437.6070924159985,22.787988936571843,USA,Potatoes,19.785649524277115
2021,2922.112310923715,2647.1251847881394,27.66719271151359,India,Maize,5.965251528568247
2021,1877.4002289386735,4390.317671124657,14.818800260317808,Brazil,Sorghum,2.075273345622822
2004,876.7984498556904,4056.8464525456443,27.209917623172707,Albania,Wheat,3.4019516609494094
2024,1117.4340837805998,388.51039111665455,16.809614481582237,Brazil,Potatoes,20.5222304455605
1992,1095.5405852175077,1017.7677971845926,30.80155241885377,USA,Rice,7.015129067540726
2005,1114.1841174571045,3291.976239085159,12.093103327722748,Brazil,Sorghum,0.8356779127839109
1994,2084.299684713084,2223.0718989247075,29.328466822131936,China,Sorghum,2.218754390706406
2010,1686.2621986531653,1460.5920700981335,12.49842266421549,Albania,Wheat,1.5773606480721816
1999,1279.1876986426041,2098.9829416794155,32.02973092235773,China,Rice,6.405341135011042
2008,617.4513524404065,2231.5462348904653,17.60511295337509,China,Wheat,4.614774244800592
2014,261.98965623800854,4553.655731599767,26.35983412076437,Australia,Soybean,2.15800343573541
1993,812.7370972455393,526.2568356877156,22.187556965506996,USA,Potatoes,26.25161405426349
2018,500.91993111230755,1405.8564265699988,19.157578631558472,India,Rice,5.8758598123915675
2008,2399.2460863862702,2692.4484347477423,26.136045829587413,China,Sorghum,3.075082926517906
1991,514.9942818788791,3494.4517638866523,33.68807451378095,Brazil,Wheat,3.116748265590423
1999,2227.8390644591414,3156.8800719066257,11.031743684365546,India,Sorghum,0.5
2014,1279.8443313730313,4708.797261309598,32.9713213970776,Brazil,Rice,6.137804161930716
2009,405.4594912825727,3980.088534849171,25.22704137552534,Brazil,Sorghum,2.549429633817723
2008,2475.64413840844,2789.813441452407,30.182857519226307,India,Wheat,2.569323931960115
2012,1822.9655966625173,1081.2666314508024,19.59687383585694,India,Wheat,3.445188191872353
2013,860.1322360180045,2259.8624146971765,21.796074370940342,Brazil,Maize,8.485979533768496
2000,2705.1072881314703,3469.977398530442,31.7212687950291,USA,Sorghum,2.152166574396318
2023,326.72327883754406,4191.431252432064,20.371199245245577,Albania,Maize,4.561261700107905
2017,765.0949029537361,4799.083759867713,23.366489168727124,Australia,Maize,8.21059349374871
1994,2305.7313978564107,3031.209303028209,10.504873077108323,Albania,Sorghum,0.5
1994,2186.2582048676895,2639.327642849118,13.964950145951057,USA,Rice,4.510284762358506
2010,1009.9607424285385,98.28269637453008,26.042162699369992,Australia,Soybean,3.1281067901643733
2001,373.6696509877927,369.7743550593979,27.924422526596928,India,Wheat,2.020319739824338
1993,2602.6186022298425,788.9639382106274,24.565023419612487,Australia,Potatoes,15.714345062210205
2009,1078.3533865957272,283.2520566362441,13.582750906890267,Brazil,Maize,7.014308055612186
2014,747.9975617991427,2010.3075616365832,21.135135714445873,Albania,Rice,5.368178692597839
2003,1644.9731026107359,1691.023940242972,18.877369159079745,Australia,Sorghum,2.382088332833179
2000,2748.6361579908526,3190.3972477632806,22.39153360087721,Brazil,Rice,4.476189521965421
2021,321.930417961451,2682.9688885876794,31.758225863852356,USA,Rice,3.7231891389431175
2000,2344.2514464864857,2983.89408934542,29.396535966466296,Australia,Sorghum,2.035275264217857
2007,1802.925038228385,2365.166242658894,12.099737534728973,Brazil,Potatoes,19.923862204227596
2016,1391.2575263450874,1395.908371285743,32.25772994436411,USA,Sorghum,2.9508657620416576
2007,2283.425243494168,4764.59832158292,21.79417877874559,India,Potatoes,16.068540114681195
2012,2904.3083884365706,441.1817072030934,28.596553622149962,USA,Sorghum,2.3342893931352338
2000,841.7773912555349,4695.066087331883,13.500980781608803,USA,Maize,9.533307571818247
2010,602.2126222019349,1563.077853855026,26.767988142676202,Albania,Potatoes,19.1967575807828
1994,2756.068886623552,2568.180612382814,15.908150440236447,Brazil,Maize,4.1112379789217774
2012,2073.0686168804505,553.1231909094552,20.959522428523286,Australia,Potatoes,14.603433552814877
2014,1426.3608603735047,363.94603117133624,10.42157175205261,Albania,Potatoes,16.139507764906583
1999,1805.1267967399926,2153.4317891058286,13.7902659482619,China,Sorghum,2.438402211903605
2011,2287.718934493483,3711.069908134594,12.302012328090495,USA,Potatoes,17.34705356159638
2008,2364.489316376008,1354.130239967259,15.993604323456461,China,Maize,6.843191752916678
1990,2775.703706293101,2816.115965787247,12.500452250608056,Albania,Sorghum,0.5
1996,1395.1598089077434,1400.4651992088636,27.297750665489048,Brazil,Wheat,4.675444271234609
1993,1021.550548054306,1949.1791738562738,10.725997555230485,Albania,Maize,5.47239536868903
1990,1991.0599470115574,4533.167129184385,25.44351251562495,Brazil,Wheat,4.815560581037898
2004,1364.038117982685,4280.639731219649,13.517695770639357,Brazil,Rice,5.034455168301529
2001,1864.875671057138,2584.927541653973,33.629036429447424,India,Sorghum,1.5889438155528215
2011,1375.9602356766604,1198.1470810856729,33.327351827746355,USA,Rice,7.902622493017994
2011,628.3882026988886,973.9877245377838,15.637577563024065,Albania,Sorghum,2.1075769087775367
2006,1514.3949046450837,4770.895891648214,25.360532455575736,Brazil,Sorghum,3.3855654802110196
2018,2134.569901434892,1021.5558165883307,10.700132986811461,Albania,Maize,2.701160592239494
2003,2437.9946614694195,4042.75987145357,33.29471357627935,Albania,Wheat,1.5923517138122545
2009,1581.313575030331,1851.161345582331,23.074682704792743,Brazil,Sorghum,3.3822711893023856
2022,662.6660925891226,4928.442639315609,11.080578785444475,Australia,Wheat,2.5740724472300505
2004,1361.1255870184084,1847.0971444103113,18.562499825203435,China,Sorghum,2.4642351001636045
2001,2401.623000756755,1764.0679583045232,11.921236546530855,USA,Wheat,1.7407880045014958
2009,1356.005957727804,3190.9435080993394,19.823610984333996,USA,Rice,6.523633947681866
2019,2150.2862220918223,4807.968865067828,26.748158554033076,Australia,Maize,6.692458984246536
1992,1620.1983086986513,4881.2859329242,21.747247701035988,India,Sorghum,3.0203658708805
2017,875.4247503063108,3538.9586708702564,19.593054367986362,Australia,Soybean,4.145544271298367
2015,2429.221422464608,3775.4857645254046,12.97892613851162,India,Wheat,0.5
2019,435.7976713979237,2821.3768581054082,16.12347614234141,India,Wheat,1.7072661525339066
2002,1669.6927917144217,3781.3209382703362,12.503582193458778,Australia,Soybean,0.9107054263598076
2002,784.8948958815338,4300.300478302778,30.18746829141652,USA,Maize,9.277234839152019
1991,387.7837599158519,2435.615562943166,13.380995699618063,China,Wheat,0.5
1991,1608.215023833097,3103.1126915222144,24.884334163722336,USA,Maize,11.06406729626512
2015,1598.7740366177861,2691.210309212908,18.568510339721147,USA,Wheat,3.801758553141966
2000,2179.3225246920183,2816.728361508099,15.649459616379588,USA,Potatoes,17.05291048532272
1997,2285.3019405453338,4451.339070270965,25.986710987302594,Australia,Wheat,3.5241008468927717
2011,2237.8161683401113,1784.5279827257955,21.42505773442352,Australia,Potatoes,15.885272711777988
2009,1346.7644521669142,1048.838287747115,20.003636682113978,Australia,Sorghum,2.6684715594790154
1997,1968.731404234375,2286.8377502654093,24.821300122305537,USA,Maize,10.829918571782317
2018,1815.4466794030889,1048.3451005015131,22.28169071225002,China,Wheat,5.9985890354062485
2015,1380.3729171273749,2497.0181240534757,17.58710521378902,India,Rice,5.581501823183037
2019,1872.195543720781,4518.505445731723,23.97653219413129,Albania,Rice,6.558960068396329
2006,2852.294054777535,3090.9932672075643,26.737464413767363,India,Soybean,2.925796741702362
2009,740.1024823078566,4278.609937982358,10.667328964671357,India,Rice,3.6026085062287936
2005,2736.1618681994737,839.2926888814039,21.646793222691883,Albania,Potatoes,14.34098999900394
1996,349.6754391529554,4505.359226760513,11.442082114588594,USA,Rice,1.701180009167209
2005,1063.4897961246497,3012.9179503915075,14.660135351702777,China,Rice,6.207083809120251
2016,1006.806696112279,168.4813458149942,24.012718351949328,China,Rice,8.131882154665341
2012,1953.822302066536,3169.2635868723337,31.65472288163952,India,Wheat,2.5014248909211467
2013,567.4298649764129,4757.4708117419805,32.07014197971212,Albania,Soybean,1.669604623990395
1998,2670.5733131513107,405.04333237205674,11.748600253465781,Brazil,Maize,4.504772631136285
2024,2519.9439437021156,2916.456091043165,20.477627157167667,USA,Soybean,2.522575573826463
2009,2025.7842951187777,4578.238228319877,24.57516207511378,India,Potatoes,16.028335817347337
2006,1483.5587290181536,58.37888998852905,13.676747613758586,China,Wheat,3.302765660227379
2020,2812.2769179978195,3158.2555030644576,29.13580541861929,Australia,Sorghum,1.7829072016415468
1997,2526.0903532175566,2379.7624362365036,28.60588146093097,Australia,Wheat,3.0763767019713937
2004,1598.0824146274856,1741.4767000565669,32.583525342669866,Albania,Rice,4.770887175648766
2020,2165.245392472071,3141.4070848274264,10.212150302086075,Albania,Rice,1.864368754144881
2019,1787.4038661031168,272.9834519912105,15.417106099725066,India,Potatoes,20.013145410342467
2009,1846.2382674871408,3767.784600974127,30.679667856133044,Brazil,Sorghum,2.6725892324865894
2001,1126.7329944249195,32.352589829341056,26.764501270673385,China,Wheat,5.6550010605529835
2006,1493.836892949711,1541.6093615238376,32.35974634246227,India,Sorghum,1.9112381560578098
2019,418.7400062112838,2524.7536020465454,11.429491363256663,Brazil,Maize,2.935272160459223
2018,1200.576336660859,1891.341030327093,24.92409914291107,Albania,Soybean,3.801318168518703
2008,2148.3198430140255,1544.3049166758565,24.226164372341856,Australia,Wheat,3.7796225288039027
2000,2869.0048854173215,4155.867375885799,10.89186040901331,USA,Sorghum,0.5393835927261911
2023,2896.579515736457,4674.814545616826,22.838051922812088,Australia,Maize,6.373412857558569
1996,1756.0240335496967,4369.826297680384,25.238007782748106,China,Maize,11.106398652206206
2023,1898.5423050668298,2616.9322521194986,14.782329355052681,China,Soybean,3.5767716555822293
2009,720.019319402709,4421.979234215481,16.833239578116572,Australia,Maize,7.704425001875985
2013,2146.862702661886,4605.099210255903,26.008683657443427,Australia,Potatoes,16.459285514940554
1999,397.84461948828147,2052.0996012668356,21.707523689998958,Brazil,Maize,4.338617577752861
2021,997.1199202384447,1424.3948389321727,31.45034143920817,India,Sorghum,3.1584851558696583
2004,2071.417372399238,500.3433770084684,18.55954415022971,Albania,Potatoes,13.74294194798915
2009,1068.86836832177,2400.668686035653,16.66649145970503,Brazil,Maize,7.5613484749827595
1992,339.57124752047207,4732.021632987822,34.621648508621064,USA,Rice,2.75745941717681
1997,2529.237146182699,2808.9285650711513,32.77839425325209,Australia,Maize,5.730321001002227
2012,1068.9240199767764,3341.1348879129964,10.724818624974496,USA,Potatoes,23.647579939961016
2000,376.6946296042996,573.2902542743194,29.26821538266415,USA,Maize,4.332576162230469
1997,409.4068606080225,726.1631240698587,12.758369345630074,Brazil,Maize,2.7173312104433727
2018,904.9246366085101,2327.721577178766,10.687129870734275,Albania,Maize,6.040081996536915
2019,698.4446522202735,4756.811346928792,16.842387899158723,China,Potatoes,25.987509137445038
1999,2368.0403297844223,1810.3153615417293,16.73364697652761,India,Maize,5.068172852559144
2017,1100.7153306676964,4388.645366174493,30.482969058674115,China,Soybean,3.964550206266747
2002,2453.148198111531,610.2400811943005,27.76668114857088,Albania,Sorghum,2.187203477222424
2021,686.7687939048278,3088.915862599213,34.54023568330035,China,Soybean,2.9815731109374863
2015,1580.0617027234346,3007.0587547834857,27.78782250779546,Australia,Potatoes,22.101090983522443
2011,2126.5039739487606,4300.77500285064,20.4563888314012,Australia,Rice,4.266916041139474
1993,2025.5743908243937,26.550354980458508,27.473191523630422,Brazil,Soybean,2.976846594892457
2020,1883.1623478047525,957.759019315885,34.98647667966005,USA,Sorghum,2.667476908617257
2007,2789.5004854072754,1106.2412508931138,27.753547064063202,Albania,Wheat,3.0848858453944583
2013,839.8704135788843,4750.33077957278,29.042033899507956,Albania,Sorghum,2.4822433987928965
2012,1582.413772493895,776.9313447867758,33.459125379756486,China,Soybean,4.223970498025291
2011,2675.1791402027443,194.4421276005963,12.841281532792085,Brazil,Wheat,1.2739754934030914
1991,418.1025436664397,2676.962858761622,27.619607336193173,China,Potatoes,14.394366142361475
2020,356.4871511086107,2647.5067275440715,31.270148949186225,China,Sorghum,0.9195862829350208
2000,853.246405163216,4221.794357185643,33.859465005522324,Albania,Rice,4.5369837067133325
2017,1972.4594147064518,4744.8096543872325,15.274232242792484,China,Wheat,3.8152871953926604
2021,927.6629540594593,2697.341756279254,22.598225193106103,USA,Wheat,4.800826025357832
1994,732.6716746646371,4650.670970274081,27.013871191112045,China,Sorghum,3.83331627801691
1999,1484.6464830032178,3628.54416498615,16.186693237533436,USA,Soybean,3.184281755704672
2013,1918.0745925543522,1330.1500486979692,25.011821581256854,Albania,Wheat,4.345285941502677
2024,895.9615796468731,4642.819347610192,16.439469562449986,Brazil,Potatoes,19.828705039563747
2012,1041.9353228264777,3340.541449147555,18.336425513291182,Australia,Sorghum,2.305359206867494
2006,1917.9660534722389,2076.3387043857424,21.03796741277163,USA,Potatoes,25.800862535235893
1990,2848.0675815704676,3404.408001739484,23.229752468664174,Brazil,Sorghum,2.4421644207056183
2020,2089.276836826647,2012.551010441317,21.234146790628763,Brazil,Potatoes,16.144850396925147
2020,2392.131602036768,579.7770022599167,22.32988799469823,USA,Soybean,4.170393688303584
2023,1227.0682653153126,3597.70394841273,17.464718907207317,Albania,Sorghum,2.2115488335284614
1998,962.312206276505,4122.197184732011,13.974127350565766,India,Rice,4.193833591935521
2011,1471.949680967343,3646.7429331067447,11.183749433170986,Brazil,Soybean,1.3241396047585738
2002,2459.971920392686,1153.282192105816,14.899468062291692,Brazil,Potatoes,14.63043696442697
2014,1477.6389970135563,4783.608717253289,24.548591037644577,Albania,Sorghum,3.54502143213166
2007,2570.831144611611,136.02026283886804,29.65288619507831,Albania,Soybean,2.329092069652114
2001,2968.5615459463556,1670.0996339044464,14.231189936072363,China,Potatoes,17.36862434767591
2006,401.6746640449418,1307.8612483291286,12.713883944316212,Albania,Maize,2.03987230478404
2004,327.1484370343703,250.14987579810634,28.732259013731255,Brazil,Maize,5.206062692994928
2004,618.8511681574131,2034.5911680134557,17.628958263432242,USA,Wheat,4.216054032168366
2004,1276.2350920561694,3119.343052412245,33.78748598068381,India,Rice,4.7364505272254505
2002,566.9181856072107,4413.938788790656,27.857949265259325,China,Maize,11.145614437893014
2006,2637.8605373325167,4948.551683795436,18.16890118107577,USA,Potatoes,17.51108510464448
2021,264.80950287577866,4042.3670361579466,17.238568694842623,India,Soybean,0.5
1998,1084.219605740303,2348.7157883769955,23.092459656782726,India,Sorghum,3.6912877933107353
2009,717.1449625837749,3621.285085575483,11.978616706955236,India,Soybean,2.1108168441424366
2015,2808.3101244410905,4219.682705062307,12.941912816132476,Australia,Wheat,1.4127766428186463
2016,2074.546813692078,2331.88291012922,14.396447032904813,USA,Soybean,0.975804368695886
2010,2753.6847180638483,3927.4216257872445,29.368089832614004,China,Maize,7.190746755968765
2007,2922.520388869101,2418.435567381255,22.84643398172806,China,Soybean,3.1797669873350536
2002,1591.8750822966338,1938.6149944748463,10.264178069361073,India,Maize,5.962703347221322
2005,856.0935025344735,2635.1932805409683,26.837913186802727,USA,Maize,11.292306638861923
1998,742.44060135045,3382.515140759453,20.59225446651243,Australia,Rice,5.6014513855137995
2001,824.1728127203535,3637.1414610298007,22.771309124094948,India,Wheat,4.522275463502558
2008,2184.061261341608,1790.1139817716182,15.35290608532339,Albania,Potatoes,13.442134360968426
1996,313.24803874440204,2860.8880552646137,23.794555709852588,China,Maize,6.107593746889442
2024,343.81100449160164,4550.255661661431,34.47883099378721,Brazil,Sorghum,0.9459509096636597
2007,1902.8002386728201,4881.801371552092,11.836117275144037,India,Wheat,2.4737545355277817
2005,1997.7600108647384,1143.9679750079329,17.097934991610764,Albania,Potatoes,18.786418430876758
1993,2062.7361881028883,972.227516909574,16.074939821520744,China,Sorghum,1.6224362929792422
2014,1241.2654128480553,3386.661310808956,16.21373276877949,Australia,Soybean,2.805862941255033
2021,2456.645688399629,2079.2725902589846,19.46765893913443,USA,Wheat,2.9227749499766453
2002,1694.1488456345292,130.86946870650382,30.45274461860419,China,Sorghum,2.462604778337414
2006,495.30376402637444,1740.840734529948,32.82146724910969,USA,Wheat,2.1658631422318013
1995,2431.8780597885666,4035.6562699265382,15.055377186474333,USA,Wheat,2.8471051861627554
2008,2868.5898015572834,3989.160382612081,23.57374844870282,Australia,Soybean,3.055318430454558
2002,368.10167640660427,2478.4788925947437,25.92247430413701,Australia,Soybean,2.032107514011721
2015,1295.7837483616238,2368.163895088801,23.045686859096122,India,Wheat,3.6187934328045506
2003,1565.0449255372935,2901.7421377475434,20.851909854922987,India,Sorghum,2.9119560776438096
2020,610.1181282192874,1104.7895857122444,14.799387646480946,China,Rice,5.555818102736357
1993,2629.585053792056,2634.9576882058677,22.20548397998096,Australia,Maize,5.490453136876147
1997,995.6190056921232,65.12133668267543,20.030370692783222,Albania,Soybean,2.670282948986794
2014,2392.4239118268483,2383.042178367837,29.88908406255674,China,Rice,4.789126072909501
2002,2078.784549679285,1686.8947207904569,29.09010897907488,Brazil,Soybean,2.5261948474679543
2021,1874.5283029076656,3377.5993334592617,13.349967030141768,USA,Wheat,3.276606429957691
2017,737.9999763503523,3195.3843849216114,12.21297631407669,USA,Rice,5.462766758218059
2019,817.9698575425359,1910.3710421122169,32.70384858068758,India,Sorghum,1.284551547829217
1992,332.5755332903941,46.292177578171916,23.38770972411244,Albania,Sorghum,1.0639151270535234
2017,873.9948033903459,1268.8454106808526,31.445023432064765,Australia,Potatoes,20.660259590970018
1992,1167.2421064894395,3170.40577244392,11.45377801416003,Australia,Maize,5.881198277570034
2023,2532.806850814791,371.1429816573476,23.162890413040756,India,Maize,6.164019841972958
2005,1225.8994668014548,547.1356849489846,23.48566286440591,Brazil,Soybean,3.2888327201224565
2011,2312.940991743698,3238.704772589765,31.517550813553747,China,Maize,6.698780337896827
2021,1430.4383876273653,3781.2793307369684,12.440249955742688,China,Potatoes,24.42015970320452
1997,2397.6312735828874,1614.5330429834335,16.011139091897732,Albania,Sorghum,0.5
1997,2933.5604812237116,2453.468596927644,20.16345784717533,India,Rice,4.435679162111111
1995,871.5563625612243,4729.099711268456,31.646036885498553,India,Rice,5.01319876536995
2003,2614.5565134988533,4728.262375258088,33.472082876764176,Brazil,Sorghum,0.5725709516135649
2021,1941.1074416561692,1544.4388445725162,34.81811548984069,China,Wheat,3.626921412759183
2024,2488.4239324482337,4051.8394963352803,33.97983716146304,India,Sorghum,1.362911764883906
1999,2024.4405263498545,2973.7808235062253,10.14854389610886,Australia,Rice,2.6633048320911428
1992,1387.0586203676205,4877.667621818397,11.192708536346801,Albania,Soybean,1.9343683900107542
2001,838.609830437013,2393.2917128583713,13.690170478939717,China,Potatoes,24.33878179489659
2020,396.0986309272621,3875.787271397652,18.721552419256827,Brazil,Sorghum,0.893697927851283
2018,1699.4514204900076,3843.0042767782065,30.747950774673967,Albania,Wheat,2.706785574689961
1994,2972.9130646752237,2492.1900094890498,32.31640488338701,USA,Soybean,1.6609017722182355
2014,2266.5170540397776,3980.1942703435657,14.670860157364576,Australia,Sorghum,0.8629249306963094
2020,1116.5675159172465,1312.5912632019126,25.491603790492718,Brazil,Soybean,3.722769496560444
2010,2516.1734402428588,620.0426510882421,32.93404962663192,Albania,Sorghum,1.5109496627260892
2009,2353.1552004939385,2131.567085830028,21.59329339828302,India,Soybean,1.7707199006050303
2011,988.580221389679,4718.716976601588,12.588589298819599,USA,Maize,8.743869668386136
1993,240.06097142385713,2508.7155949306184,21.445341252115625,Brazil,Soybean,1.2775948668602766
2002,530.8553878950588,3179.9431018481655,19.39487255720143,India,Maize,7.671996928289915
2009,2656.457332873761,3124.570654980298,24.441449901650174,Australia,Rice,5.360214620710705
2002,2542.376498853641,671.5386076749569,20.96646711017759,USA,Maize,6.860906179932076
2006,1026.5852024594149,1957.5814430622793,10.433648171342949,China,Soybean,1.8278363873410837
2022,998.5471935963772,3537.6254748801553,34.84994333534178,India,Potatoes,20.032506833495557
1990,2420.021963886919,4860.230591917824,23.588505943264273,Albania,Potatoes,15.434668429112392
2004,2825.664915707182,848.4085141021606,21.84076888711524,Brazil,Rice,4.196637633957806
2002,2381.58431903328,2058.1050327921903,33.865434287601346,USA,Soybean,1.9941905870602106
2006,1895.6202956861323,484.51806101561954,13.896509189676927,India,Maize,6.787605862189625
2013,879.4797809290527,1219.4585336497876,14.730940063631206,China,Potatoes,24.812245639306788
1997,1672.09415946673,1890.0291231974898,30.200368726569586,Brazil,Sorghum,2.3298016046776358
2016,853.8332040611409,2707.8098072822286,16.52077700062522,Brazil,Wheat,2.998960014449161
2012,2462.431976270966,1160.528742373014,29.980677657288172,India,Soybean,2.3537150879299853
1997,1283.4910226496645,1145.5376792816419,16.788337072712565,China,Sorghum,2.2383889438596873
1997,2534.3522075832734,3891.371595909617,10.829690755625037,Australia,Sorghum,0.5239375252191193
2015,1268.5058103516308,4813.581898104938,22.925368097167897,Australia,Soybean,4.451784103317111
2002,2507.6183345596955,1624.8287090797664,14.917160853171534,USA,Wheat,2.496367130693136
2017,1133.2898824626775,3443.080172992044,28.946157323311777,India,Potatoes,21.652927334351407
2014,1432.3715729294756,1297.8215021760245,26.029990830803705,USA,Wheat,3.9371617395124394
2005,1923.3675741594411,4640.481752278504,33.090066699447945,Australia,Rice,5.616271673307873
1991,396.8053192837723,3367.782777225337,29.574708931643396,Brazil,Maize,4.095508349276817
2007,2854.9797730833006,4015.3575046414744,14.519398871018172,USA,Maize,5.8756491023693425
2006,1806.096201146649,256.27667556383244,30.00395591661991,China,Sorghum,2.2880277546363947
2019,1621.8960411342464,2996.5447815207167,26.04342612035058,Albania,Potatoes,20.238386460187648
2002,2550.303119135754,2642.7855334783276,26.723791044015623,Australia,Wheat,2.5249496219465706
2021,2624.135643711117,1472.0545654885448,30.806572149253718,Australia,Sorghum,1.6626525161228007
2018,1662.3291326812448,1319.5256254360172,24.345601729723505,China,Soybean,5.300738343769986
2019,2796.3345122221845,2904.323763561679,21.650087858825323,USA,Sorghum,2.3740684867826585
2007,381.26574501414575,3535.3633186860534,25.9160258839682,India,Soybean,2.9333633941694033
2002,517.0322183034091,175.5320576055929,17.448935723958975,Brazil,Soybean,2.2249670801569135
2010,1871.0070440404324,2841.333893799285,14.564928277177483,Albania,Rice,4.550821233163951
2019,1191.3844130220343,860.5930494436769,25.414695951781162,India,Rice,6.202607086853296
2010,1499.8304653297569,710.4100296166417,15.846209227136942,India,Soybean,2.863169510659445
2006,1118.6218101120662,3119.366245592476,11.997877733665169,China,Potatoes,24.63985602103878
2008,1333.2308720458198,1561.2418849151904,10.013854614631349,USA,Rice,5.524643743123649
2004,2503.4097720096383,2209.9923633429717,25.207985035001677,Australia,Rice,4.946820761038431
1998,1861.7333595920531,1806.3940591044668,19.053719587005922,Australia,Maize,7.284725672711034
1999,2992.564737993795,3245.1982375610933,28.8077742668364,China,Sorghum,2.3273869799003473
2020,2403.261753898696,2355.8976326716797,19.379409957827562,USA,Maize,7.499290652979435
2012,966.2655114851146,4817.658723569358,22.150086205955667,China,Potatoes,26.319010721735747
2019,940.1663296347494,1768.389967941262,20.17712432038462,Australia,Rice,5.2328259050847725
2022,1140.51515632762,3704.0188579115475,26.264369777733652,India,Rice,6.195634406121894
1998,2561.1265458136795,1293.8899122393923,18.903479050374205,Brazil,Wheat,2.965580558534298
1990,276.4054218215837,2548.677932204473,34.09419124855772,USA,Potatoes,13.217304242806375
2024,844.5075808395217,2767.3230619907654,33.403674664963255,Albania,Sorghum,1.0685648577910885
2000,2733.7715769639476,1652.2553125030336,31.200697566432034,Albania,Sorghum,0.5
2023,1991.7100210331055,2364.1848392740194,33.007506764318705,India,Sorghum,1.7744081525368873
2005,835.171867402958,1403.600403113476,21.228492211484777,China,Potatoes,25.082394494838
1998,813.6059110512249,39.94390055317014,23.410759919737302,China,Wheat,5.06984488147219
2021,2615.3306849264054,1086.0850251730149,28.552314813956112,Australia,Wheat,4.064912478331557
2004,2702.52102317573,3503.3202207410714,27.403648123463526,India,Maize,5.5288799292116355
2001,917.1670546939228,3857.1054921820314,32.26696489013677,Australia,Potatoes,20.866490767211562
2022,1377.4290026142903,1408.2123070232105,27.908275681417383,Australia,Potatoes,22.43684746037061
2003,2536.868068159288,2046.134564102179,34.94711770571151,Albania,Wheat,1.6463302040440935
1997,2358.820828107679,196.45464409166934,18.712644995789773,Australia,Soybean,1.7324340871483246
1997,2478.9650983850365,1192.943876477426,30.82494355598545,Australia,Soybean,1.9160878181299381
2016,1651.5149342063125,3898.3042240277728,27.440870570816607,Albania,Maize,7.267298665229709
2001,2752.337335254485,3033.8714886226358,27.284661130375465,China,Soybean,3.1701361068958516
1990,1112.6643230724187,1036.7949045523133,18.14588987112497,USA,Soybean,3.7181410041983805
2000,638.6819761730505,1294.6355556609365,29.640044810575564,Brazil,Soybean,3.8328856410376506
2020,2184.4505311816215,4085.842094717905,32.509400558689975,Australia,Rice,3.4038084688461323
2006,1710.19236481931,1053.3301726950551,15.463711538014074,USA,Maize,8.905857790414736
2022,2592.8401526665466,1677.4470519771849,25.637420927917603,Albania,Wheat,2.6491902875920013
2021,427.24589754920186,3325.1498713566752,19.80337072756938,USA,Soybean,1.998815271248022
2018,2562.3387296265873,2809.9508046833125,34.738702982371926,Brazil,Sorghum,1.241213032167665
2010,1021.2250289847021,2309.7423241167335,21.97082039579204,USA,Rice,8.01625429108959
2010,2033.5958680709125,4499.708043988924,15.708004344923568,USA,Soybean,1.3371068315880328
2012,312.3606094191162,1106.355208948108,19.546440630545813,USA,Rice,3.6532062186639216
1995,1906.827629650082,3709.6852554063694,26.345959745415655,USA,Maize,10.36310037896712
2011,2208.3607297245408,803.7285646847349,11.902234283739407,India,Sorghum,0.6204971162658631
1997,1232.5006006157369,3082.511829075904,25.09004800553094,Australia,Sorghum,3.603025259040737
2024,803.1499747339926,4354.411581422452,33.28061897947245,Albania,Sorghum,0.9730782546154846
2000,1705.365894489926,2294.929909535908,31.25906969144626,Brazil,Soybean,2.875229370395276
2013,2532.9342524198105,3624.2295908847314,11.691838416449585,Albania,Rice,2.2973876129243416
2010,1105.9326032306221,4103.762831464951,34.83474696847671,India,Sorghum,1.8710488001106214
1991,906.9140330595827,688.7718601392377,27.468173092596977,India,Potatoes,21.577285419926582
2008,981.0188641855254,3532.076207457729,14.057020607850593,India,Potatoes,19.927263637500037
2017,2857.5700281666604,4600.006709703494,10.310402229235587,Australia,Rice,1.7900297671623888
2006,1205.975364140767,2886.0893431791656,14.282065907303783,India,Soybean,1.9074385775882832
1995,210.0918716872041,938.7500001984926,30.954398017143465,USA,Soybean,1.243561607441181
2008,2388.707382286935,643.4432326288254,10.540983123629093,Albania,Maize,3.6766589547541257
2017,2157.9694269390925,1306.079299029072,15.828682590452164,China,Maize,5.753945341941548
1991,559.9911408883129,526.5312123932459,28.932639883371884,Brazil,Sorghum,2.888024656207397
1993,2957.731897577755,2571.836417209387,24.652763397453377,India,Wheat,3.5503428428330115
2011,1902.5743988543113,357.82636670660554,29.568392759004798,Albania,Maize,7.77329710280595
2015,1602.1825746336842,1124.78907693477,28.653762595669697,India,Soybean,4.015243598869802
2002,1270.213949344095,2205.1531151219497,11.265034678045119,Australia,Wheat,2.3859421875442695
2021,2716.2837155781863,2374.834604506087,32.312785477353785,India,Maize,5.502562279532381
2006,883.0977479719771,2831.3384408833526,15.675795857056716,India,Rice,4.608278996046064
2008,1000.1529206157252,3531.0186641261253,23.834811005744093,India,Potatoes,21.64100839957988
2024,542.7502587223873,245.670911930683,26.10720391319447,India,Maize,8.431116562874221
2017,2325.533467635928,412.2985513571584,14.215705272127384,Brazil,Maize,4.920310065061825
1990,1867.5379851363894,313.6871675058559,34.40578141752436,Albania,Rice,4.383087631936805
2007,1905.3852739125953,2121.5200741699027,22.203898902182726,Australia,Soybean,4.108126369601116
2022,811.7172068544982,218.8212449658422,11.441067389934837,India,Sorghum,1.3592555798067185
2001,2023.2714895558347,3732.945521488318,33.43155111944601,India,Rice,3.161974862668278
1997,2343.283652291219,1122.7709033820045,24.656696079831704,India,Sorghum,2.6985986390981904
2013,1202.0878860319299,4696.670341516894,27.47982994953441,India,Maize,8.720278270391049
2005,2443.7720030927944,2437.154737934586,23.1293947483556,USA,Soybean,3.2119349437208817
1993,1176.6136478896588,2237.1655046865862,30.86844886942419,USA,Wheat,4.224559390762155
2016,2322.787692226005,3904.8880762711065,10.828336554830273,China,Maize,5.851557085507462
1998,294.4443008816131,3568.6383796260257,16.709459131928693,India,Rice,2.3768886685145225
2005,1743.2608841262274,3040.472114331233,21.741208910067307,China,Wheat,5.035819022559608
2001,2914.6743697916827,4676.382064189346,11.91509040784275,Brazil,Potatoes,13.404153936354358
2020,2947.484881910694,2117.0737123255144,27.647666733166457,China,Wheat,4.030985984991133
2013,988.9072193568737,4044.5730621037096,19.841585351391018,Albania,Rice,4.821032244418056
2003,1435.9174550249952,1906.6637992716344,16.8166997567036,USA,Wheat,4.248474447295545
2014,376.3381423625725,4193.344914737563,10.084471170210307,USA,Rice,1.9950835364757753
2023,2645.355661292879,1304.7783985401834,27.995757793748844,India,Maize,5.953318647384149
1992,1792.0020287925995,1453.4426934518021,30.845232721821542,India,Soybean,3.20389840011108
2013,1278.2819010334476,3392.568974747095,19.87601339203746,Brazil,Potatoes,21.474519330003996
1998,515.7575637696286,1071.439341809464,24.105449425834138,Australia,Soybean,4.000294127334219
2015,2850.9483993912895,1153.4793932568896,15.69216564823996,Brazil,Soybean,1.2974753586992265
2009,1684.6133338987825,1533.2595207968996,25.554941157003327,Albania,Soybean,3.7516928375338714
1999,992.1982014321309,3397.8545606052753,10.303436457880013,India,Rice,4.132202815907182
2008,1180.6023643682265,4448.0465811919275,22.21609742746896,India,Rice,6.493362756205027
1992,957.9521065820135,3376.0925791236637,26.105137046017308,Brazil,Potatoes,21.633279017421245
2013,1885.0674647995459,4140.793079277185,32.954794330743354,Brazil,Rice,5.349379862548048
1994,2803.898012185428,2722.367342575404,19.533395428057105,Brazil,Sorghum,1.8346346055699447
1992,2598.7426493143803,353.92687451227494,29.129755074525747,USA,Rice,5.276288938412884
2016,1489.066451192737,511.3263954274183,24.94217574858752,China,Rice,8.697258375064953
2005,2514.198214442822,2776.4159720509083,33.17530282312701,China,Rice,4.831446543522784
2004,1384.6953475737237,1645.726833524127,19.959441891485767,India,Maize,7.727010853741773
2024,906.4599941241864,1110.6346874483438,17.9773834968247,USA,Potatoes,25.262842490455483
2001,2953.5623227459982,2336.6220672400777,32.17854996735359,Brazil,Sorghum,1.1964661538596153
2015,1050.8851903183013,3335.8187371124645,11.231110035207228,India,Rice,4.249686421635895
2023,1106.4278467633435,1931.1098192019335,13.40963482334192,USA,Potatoes,24.458754657518735
2012,2971.1400298022622,4014.6858632151348,12.06011086460111,Albania,Wheat,1.012681179390204
2020,574.9969808638336,3695.2310003912544,31.077748914410066,Australia,Maize,8.083867845234279
2009,2329.495166427146,3677.2252619762385,10.265185584257985,USA,Rice,3.838818901909278
2001,2820.2757237516344,4926.096551490169,31.541428887426203,India,Sorghum,1.6373410492838152
2012,1633.025983971172,1483.1975870844576,21.28169488428167,China,Maize,9.766175194677693
1993,207.0609327678961,3227.1806758410667,10.10063197134927,Brazil,Sorghum,0.5
2012,1250.1650435166976,4278.8369173999645,20.041129430301048,Australia,Maize,8.528203930648022
1990,512.3931786775158,2901.826925230416,14.67002102612589,Albania,Wheat,1.4855920901207065
2014,1365.325450614348,3949.615858815809,25.610012186804077,Australia,Potatoes,21.61913869322747
1991,2412.074932598397,2078.1164073411624,26.983969748041165,Australia,Maize,6.390539567868264
2019,1428.3923368746414,2956.551814817475,22.188189260124997,USA,Soybean,4.932704767060688
1992,1409.390339768583,287.7753000935981,11.01298813599175,India,Wheat,2.5393977870442597
2010,1759.0105353727706,4928.980353065819,26.403220109180047,India,Soybean,3.8859576187455773
2014,1828.7336372935047,4002.092222427602,31.05096959013803,Australia,Wheat,4.134961545318104
2009,2597.6296646371197,4345.357267440933,28.008106933160036,Brazil,Soybean,2.6533672364262215
2011,1063.395229841064,3474.528447933301,30.748947973882963,India,Soybean,2.3421780049910392
2010,2500.6795402304447,938.3896637154104,15.012738088772187,Australia,Sorghum,0.7407708680383371
2022,1784.6144963377324,164.831927665981,32.222198491412065,India,Maize,7.30165497898224
2004,1041.4827392080115,4324.636472602708,18.054836266199068,Brazil,Maize,8.288698421970397
2004,1026.3529232170158,1987.6899621432542,10.335120356299775,Albania,Wheat,1.3939480106055253
2014,1211.1850478960287,1326.6857314392005,31.084791158226768,Australia,Potatoes,20.50364484777732
2010,1943.5410793359315,2812.7480646063327,33.54553172411816,China,Sorghum,1.8981498849414096
2013,846.2728478078576,2110.2836271538395,26.38895493543372,China,Maize,10.654471603985987
1994,2776.9339726823487,3261.8133184809094,15.785915761585617,Australia,Maize,3.751591670754058
1995,1809.755235698121,2424.128232942023,16.29361160706326,USA,Sorghum,2.3493216605755625
2012,2776.044175588819,3489.1933707969506,21.664821835890486,Albania,Rice,4.176365151087854
1993,329.9322040216332,4268.582114850623,32.44577699003548,USA,Sorghum,0.5602999117681727
2016,1159.3118372921253,985.8294846693873,13.73994140368896,China,Maize,9.149706722354557
2007,263.86144992534463,1653.8700740217791,30.649341739587175,Brazil,Potatoes,11.836208815938246
2010,962.3050822743155,2189.709776987488,17.28257021762876,Australia,Rice,4.9327626106189175
2017,2613.618122352047,4810.671655657915,30.214654235727448,India,Soybean,2.031987057770339
2024,302.50720435816237,1833.0147316019516,33.00677994003847,China,Sorghum,1.4317037219171658
2011,1421.2118797640856,1911.6882494672213,20.687346799858005,Albania,Soybean,2.9796288424415898
2012,529.1877973250378,3270.82788956821,19.12626635263827,China,Rice,6.452669186245717
1992,1367.1538459290296,2101.8065523508467,30.055532974282546,Albania,Rice,5.239784280108956
1999,2548.7844359402566,4756.60649074163,23.237072059484852,Albania,Rice,3.964325249883078
2014,1944.5988935270536,4473.399114772465,27.11122621157993,Australia,Wheat,4.952160073180188
1997,2262.9177669279848,2571.909801100608,25.57073092402949,Albania,Sorghum,2.7414595001434257
2000,1177.4915232588269,3227.4284173997708,13.822221141119908,USA,Potatoes,24.411553292577583
1994,2844.313546028396,299.57250379926654,31.119759007239043,Brazil,Potatoes,15.132406654920953
2018,2185.9338625826003,3481.6953348816664,14.894377785328405,China,Soybean,1.0925928583043998
1994,1381.0366939966864,3538.932356015671,33.307053601769525,Brazil,Soybean,2.2202936952410446
1998,1394.1014406357538,1802.4044852596082,16.264282285553698,India,Soybean,3.254367627865773
1991,2772.3156982412333,1106.2175892901105,28.34702433184355,China,Sorghum,2.5878327334720255
1990,1813.9331416190971,4576.241225066913,17.1163848373398,Brazil,Maize,8.109762457014421
2019,2177.861787728517,2139.2574550175873,17.944635214671596,Brazil,Soybean,1.8883676574814678
2000,1367.698628636878,3271.9934629605364,17.750046319557633,Australia,Rice,6.211823199288134
2017,826.3397413411996,176.31068693151724,28.69730635065208,Australia,Soybean,2.3700151379322305
2001,2225.966017584372,2076.195161218413,23.920377949234826,India,Rice,4.871905486962179
2015,1901.906561995886,4088.121466959261,32.07381139618743,Albania,Wheat,3.7834328151561842
2002,1603.7600651893822,1944.0042419995682,17.68431798010112,China,Maize,9.953601285651887
1997,1947.2586319844988,3019.7741890830152,27.299813051418607,Australia,Maize,9.403386940687218
2017,783.1996409798542,1057.1804444178517,28.823714991577766,China,Sorghum,3.5400900123689847
2019,2423.0283782894776,2088.462987709402,13.787052825748955,India,Sorghum,0.5
1998,2854.855854056856,4638.912213085401,20.014733932995277,Australia,Potatoes,14.911487093027475
2020,2695.088803669568,2836.5942310081755,22.070437358760277,Australia,Wheat,2.4631590194415067
2010,1100.020086859648,4510.637980873728,18.89218474735936,Albania,Sorghum,2.5726880083373054
2023,1336.8161651898124,4511.076304452821,18.05281489922845,China,Rice,7.207894140280255
2020,2463.526439433171,4721.297524118153,27.160497349941046,China,Wheat,3.79761634153326
2014,1866.3279663088906,4478.0043837997255,15.396659941487215,China,Maize,9.313785118970884
2001,1734.1604422946177,26.37283376140021,27.734768631278218,Albania,Rice,5.629749705920483
1990,2794.5975090936467,4670.734308992169,33.37610490976826,Australia,Wheat,2.4283521514509143
2011,1700.869890735742,695.9226010360281,24.129938029443778,India,Maize,9.429664701279599
1990,1641.8283028444675,209.23199304464129,25.285855918486853,China,Sorghum,3.6373023485470917
1990,317.652055545807,286.38878754448353,11.723317553102227,Brazil,Rice,1.364528302328776
2010,394.3674840523854,1751.0918139304035,31.611922590445705,Albania,Rice,1.45661039058055
2004,220.7768620658205,3107.81238549128,17.13619467999664,USA,Maize,4.655849108175904
2006,2757.083832194174,2017.5328706297976,25.376279138214123,India,Rice,5.407402623450069
2011,1343.4826480495617,137.5158804004036,34.47780424362006,Brazil,Sorghum,0.9941287278286662
2024,1511.971853173555,2387.6483445318263,24.887565014320195,China,Sorghum,4.118205782069771
2005,2567.0834532588938,2216.2324039291966,28.11773718660944,USA,Sorghum,2.6464165028998354
1997,1905.889669052178,3786.677834853218,21.1329904555938,India,Maize,8.55553096939605
2006,1906.604469893627,1405.2683631429375,11.509146087876434,Albania,Soybean,0.9899621121679926
2006,1030.296402193475,1095.4805572338921,29.939983737244713,USA,Soybean,3.3958522181507163
2015,2534.9434469886537,1287.135398806365,10.874971031599642,Australia,Rice,2.3060381565821046
2002,664.3239329105826,1525.6617149229414,27.51644572219635,USA,Sorghum,2.9971310093369707
2006,348.8188580842541,2999.832718102161,10.573039328740924,Brazil,Rice,0.9986194024988514
2006,736.4894010518905,2362.912172405878,31.557630914416766,India,Maize,7.656190671554345
2003,949.6642125687812,1691.103880243499,13.940900895824514,Brazil,Rice,4.69273373910642
1995,990.4709619917788,1877.8276498355553,22.85678738606378,Brazil,Potatoes,21.668616652014794
2024,2077.438076132549,1860.909064193291,24.928767612078683,China,Soybean,2.968380984284608
2003,809.9088445202018,4862.309406604484,21.438635184335304,Albania,Rice,5.469029098223092
1997,2094.643252585957,1172.6549703842331,18.519087233722182,USA,Rice,5.282621412505391
2004,455.1700850546393,4092.1271857585707,21.695357404524295,India,Wheat,2.7856551103982343
2016,612.1668910741453,3543.9720795650533,17.785393847028967,Australia,Rice,6.785410186911977
2002,1624.7000557747858,37.79432796171743,20.95305867702158,Albania,Potatoes,20.019350642072613
2020,2781.3082472145993,4965.949328446185,18.972824774950766,Albania,Soybean,1.1416240473267871
2024,2606.789248671119,3784.632459461532,24.15512058767863,India,Wheat,3.238753729309574
1995,2912.509638839849,3415.4234358904487,15.948104056124587,Albania,Maize,4.345045468999473
1994,2021.3413827788786,2032.5702913064201,34.71641387285031,China,Maize,6.074814722883662
2011,2092.2816259650576,2780.463413682305,22.52174883455414,Albania,Soybean,2.4556530556579457
2012,1950.0643970081778,1273.8217693806762,14.85405193536274,China,Maize,10.092134180801335
2014,1943.8929840029525,187.06219167703043,21.926668739181814,USA,Potatoes,25.50614661068607
2023,611.936966189237,4181.748075645404,31.660378238120607,USA,Rice,6.648094971462151
2015,1722.4690772590002,4483.457623469047,10.54516982810989,Brazil,Soybean,2.201365572464428
1994,1280.990213664832,820.728476705057,26.98885297768222,China,Wheat,4.9098092339300425
2015,1439.1042041764217,3937.4099182702075,23.699194919848203,Australia,Rice,6.950555926477048
2009,1666.0816045658646,3708.351839695437,14.238949859253388,USA,Maize,9.336049278487632
1995,559.5092810463045,900.0912596610914,30.436910982623015,Albania,Maize,7.416047638819481
1995,1206.5656547859357,2114.9257248482213,19.222115559350144,India,Wheat,3.7231683129554543
2007,377.65877045449,2119.5620249621757,17.345050720387686,India,Potatoes,11.321287350856823
1993,2943.0707651827174,3802.22164894319,30.703129796422527,China,Wheat,2.6650199519073356
2006,531.8784806963532,4189.927919822517,25.963126154791617,Australia,Soybean,3.8262270767424558
2003,923.8692679258726,482.92785574294135,32.45647709187061,Brazil,Wheat,3.4856201677196585
2003,2695.620194769512,2819.2164821719725,25.747092591779985,Albania,Maize,4.973090298422548
2002,1551.588129469597,3811.1249996751376,28.520441448302883,China,Potatoes,26.81650072477862
1996,579.7841642577648,3933.0910643851407,30.911147406490322,India,Potatoes,21.383338463636825
2004,1275.845506510177,748.4876869077405,11.368490897748423,China,Sorghum,1.641183550390214
2008,524.4303837358802,2632.2706643224624,29.401223971734506,Albania,Wheat,2.658297864389833
2024,760.6047918366049,4289.2179447498875,25.34266204623942,Australia,Soybean,3.5563676687324297
2006,345.6835714595661,1599.407697160568,11.737694912879832,Australia,Maize,2.3171478347502594
2024,1427.0369847374798,2131.3333255698676,22.714448046717877,USA,Rice,8.249853140348435
2008,2458.5811408307272,4023.7489715682987,12.061451949598847,Albania,Potatoes,11.188993274850255
2009,1840.7137003597074,455.7044107069739,28.39868004308056,USA,Wheat,5.300648210668656
2024,1897.7668553569129,4298.871516546002,23.662542847447078,USA,Sorghum,3.930809928503343
2021,761.6352842330729,1562.672016486737,33.83933843530743,USA,Soybean,3.1081601861169252
2013,1162.9027611066263,17.2370797897245,14.578384289294245,China,Soybean,2.8076461723333206
2006,2566.6778907543294,1178.4541338312276,25.15083631300946,India,Maize,6.858131706920311
1996,445.9973161142407,456.6081980685773,15.289553364262284,Australia,Potatoes,10.007997045647397
1990,2602.2058302718942,471.00068591125824,25.351624618184957,China,Maize,8.229979142536745
2024,1554.3320735413997,3467.2503133715313,28.06624255902141,India,Sorghum,1.9346226939132583
2021,2544.012807710328,1077.7419148389336,28.057608233238465,Australia,Rice,4.312446447440211
2002,1090.417974304321,4674.364391255142,30.37684976706525,Albania,Rice,5.3639740473423405
1995,1148.7602644324584,2587.058287490607,31.338755698957918,Australia,Rice,5.552707361480253
2003,2304.4936313047997,2305.8903071950435,11.931793156679426,Australia,Soybean,0.5
2004,2397.9892854982163,2177.0747559185565,18.581678926810103,Australia,Potatoes,15.479659306047195
1993,843.0050983724109,3466.012321961443,27.178063008995142,Brazil,Maize,8.147745917124892
2005,2924.0397095013354,2266.791184992806,22.464657184780304,Albania,Maize,5.605502512716914
2017,436.57229188552105,651.7157775637073,14.766898668869787,China,Sorghum,0.5139541212134688
2005,391.8082966859665,4402.059181397375,23.81773925416745,China,Rice,4.512964170057102
1993,1867.4118028010878,2147.6927911390367,20.185891319153594,India,Potatoes,22.005314473367168
2015,2223.67414976054,379.28283274051734,19.75095694135763,China,Potatoes,18.420605871902413
2017,2890.481161829927,2651.5362776138277,30.243842935891596,USA,Sorghum,2.439122692528031
2021,1333.8481862368124,3240.26082369396,20.18995834580453,Australia,Wheat,3.8142255363955484
1991,270.8159451709727,1385.1564961472152,10.661362637010605,China,Potatoes,12.2004650737582
2020,1888.1097504499396,4003.698634292473,11.451583472277282,India,Potatoes,20.401825523444394
1992,1011.1488576765612,3352.181471726445,31.40610104229051,India,Maize,7.993433949637929
1997,1412.2519393471264,3255.202434629523,34.01502025031303,USA,Sorghum,2.952336973628271
2013,1567.7145502998187,2109.916514810293,27.21023341139269,India,Potatoes,22.668361660130994
2004,380.63531006649475,4809.957354042326,19.109207352502004,Brazil,Potatoes,11.924366162857515
2020,1560.748996779488,1378.2039480667456,33.46500789486819,Australia,Maize,7.275816807344894
1998,1393.6950670520814,2892.7504500671084,26.570077159393396,Australia,Potatoes,22.60271617966217
1991,2195.123942802461,1552.1852357883618,31.10833872998344,Australia,Maize,5.670120988633864
1997,2007.8645513945648,3726.5757173280545,29.146307600925233,Albania,Wheat,3.020529146661864
1996,718.6040108215709,248.479504511906,19.47848289431481,China,Soybean,4.075982708923062
2005,777.1889709891116,239.01040069649568,21.96755502126964,Brazil,Maize,8.605379155203941
2024,902.8173005682452,4056.196237898769,14.653303859202488,China,Maize,9.123059183625474
2019,701.0612328320965,2176.9981237077186,17.300352511018353,Brazil,Potatoes,20.97199755232402
1999,2040.196959071708,1712.488472455775,29.453141532163045,China,Maize,7.308852546826036
2007,2984.4045017607577,3041.559042254939,32.34945979707771,USA,Sorghum,1.7317145718189562
1994,2025.9033534446223,3512.477725906178,28.111510581285295,India,Rice,4.460053794991084
2018,1898.7083293356154,1013.9947207535889,21.62934241641596,India,Rice,7.153587882481245
2023,1347.798213383003,935.3018946096105,12.162731723493689,USA,Wheat,3.29340719832682
2012,1075.22472480733,4791.172231321809,11.423698717461205,Brazil,Maize,6.2218242364054
1994,2751.0065193381415,2952.424888859001,19.358139115321343,Albania,Sorghum,1.2924551451090889
2019,2913.2052475980286,1956.6812216983978,21.595542969191577,Brazil,Potatoes,16.22621362064801
1995,1590.9732916456378,4009.1940564008373,25.228015555332423,India,Potatoes,22.001133279501563
1993,1012.5613874183609,2630.543204301807,10.16223803467493,Albania,Soybean,0.5
2018,2356.3421814753497,1215.8974237691612,34.74307226165766,China,Wheat,1.5423639675322716
2012,570.8790144272597,1041.6091751514534,19.098472085101072,Albania,Sorghum,1.272680700545603
1995,2343.6470654023083,1990.3277381874102,31.202366595028035,Brazil,Sorghum,0.8899470968799371
2021,2493.0554480717483,4300.8803426968,23.37416764163511,USA,Potatoes,18.702740933181513
2007,549.7310449560687,316.625101060852,13.260986363333663,China,Soybean,3.2528595504616473
2004,2935.2121126303787,1100.4447437662682,29.939138813363048,Brazil,Potatoes,15.339301531020284
2021,2959.43441308774,4466.827576074431,27.745676872996903,China,Soybean,3.0494657342618963
1998,2822.8145421165837,617.45549915656,23.1859021232307,Albania,Rice,3.5568351551177764
1999,1588.8974663375402,3151.8323341382,22.8638272833445,India,Sorghum,3.204005082009121
2009,889.0075983751196,1075.4217269239152,12.186990143773201,Brazil,Rice,3.5178038776452376
1995,1829.6259864693563,3033.275569084323,26.396223714346853,USA,Potatoes,26.33693307062609
1992,1375.81474772002,1921.6897925527182,32.7811288938575,Albania,Wheat,3.8140954370628917
2000,776.6562052081518,517.3677131906495,12.331122980533959,Brazil,Maize,6.910660628532206
2006,1386.2939469299731,2916.550587094991,16.587786266222622,USA,Wheat,3.8915831582274185
2021,2058.8915398972536,3418.383307952084,32.557699336052465,Brazil,Wheat,2.4443827102169307
1993,398.55727020077495,3404.560368639356,17.108597745494833,Albania,Maize,2.887606198901718
1993,1133.5704040488463,3188.801701272821,26.34859180449816,Brazil,Sorghum,3.03332846922259
2006,249.82569203591055,2506.1216568683735,23.370454123578604,China,Rice,5.2375001706747915
2008,2298.5874152926917,2602.168358128035,24.908190125096553,Albania,Rice,4.123724927129182
1994,1993.9355493267622,3181.8441479417183,20.394722539431328,Brazil,Sorghum,2.605160413157313
2021,375.4819771655044,3454.394215115739,17.499786763842778,India,Maize,3.860358585429393
2011,2901.26516688551,3277.8349267686117,11.213336268241724,Brazil,Soybean,0.5
1995,263.3403599558819,2938.858368918124,28.607023482354105,China,Wheat,2.8832036146116318
2024,1851.889810133048,787.6365341725508,28.65233655485567,USA,Potatoes,25.849750704120666
2011,2373.8288930373565,1060.9765270793803,26.76814350196808,USA,Rice,6.086720818339605
1990,2406.109676525224,1308.5178649663883,26.090844702990516,USA,Sorghum,3.3136938645991925
2009,295.9983796609706,4599.111668866636,16.092928304188156,India,Potatoes,10.518771388425872
2011,2737.96237139323,3799.381508066863,10.55862334415728,China,Maize,6.059196842003686
2000,2771.664681395942,2768.805429489022,30.217884922135994,Albania,Potatoes,13.420081731588708
2002,1771.8930448322435,1267.7640734347935,22.278463392395672,USA,Potatoes,26.887417840508054
1992,1549.832956884009,563.3487009884142,17.67095326756546,China,Wheat,4.718440891057881
1998,325.62889657527944,4494.808537640074,12.548297669514252,Brazil,Maize,3.6156456780141846
2001,1773.4715990276322,4464.403418956356,11.56803977253471,India,Potatoes,19.82084171620941
2012,1346.2614289566461,562.3710225215008,18.721668044879433,China,Rice,6.5867376740566606
2003,2363.857940744237,3988.1111638215157,30.118426619173512,China,Maize,8.109279154785488
2022,1330.8739872810459,2238.7588958564643,32.96809373334576,Albania,Rice,4.564736694506545
2007,2114.026333309187,1626.5949948243951,32.418784115326616,China,Sorghum,1.3592148276286615
1998,483.94280946508627,3698.131635681449,33.00002086874137,Albania,Sorghum,0.5
2012,572.2663581447075,3075.5044098930457,32.69313357823357,India,Soybean,2.22210539125434
1999,591.1885338176434,3902.3502368907534,23.180618790009895,India,Sorghum,3.6126776954865747
2008,327.47139943928187,380.90101455835605,15.485390963922596,Brazil,Potatoes,10.091502074447028
1994,1715.7208059554505,1599.7492295877075,29.95116457092051,Albania,Maize,7.1549363542192985
2012,2423.109632922181,1603.3910835795114,15.342824371314475,Albania,Sorghum,1.0814792839154124
2019,1909.151370342265,1655.4679305159498,16.680181918914226,USA,Rice,6.938505131959313
2014,1809.8736795479974,2517.3745644925893,15.83135804556371,USA,Potatoes,24.965632343312777
2017,2105.746999527662,1422.2388773739274,22.874560092395146,Brazil,Sorghum,2.423383305495107
2023,1151.0069046016415,2227.4742143367234,18.045687704227,India,Wheat,3.400718877234115
2014,1213.471400615041,1845.2101896459249,13.853901240633537,Australia,Rice,4.531247228457746
1999,1079.9562750185833,3679.1272796223516,21.329335297347058,USA,Rice,7.595138859916457
2003,2193.9050119900116,3021.4689704185002,31.847680969629174,China,Soybean,2.636576084632582
2019,652.592939878168,3271.610867263404,24.263821373749305,India,Wheat,4.5943503790439975
2014,236.47078487618828,1060.8136314723959,31.958390147189675,Australia,Soybean,1.2665924705845155
2003,1869.3500508229788,1634.2558049811778,14.896804626978435,China,Sorghum,1.8910042625211347
2024,2838.6678212557754,115.61558358425067,14.17434684181385,Albania,Wheat,0.6508666885367542
2023,1906.3421675896532,550.7897893929178,24.389428142460506,India,Rice,6.426383734726662
1999,2392.1806282345065,1332.6206176245478,21.583222538656827,Brazil,Soybean,2.193861461407335
2024,2083.8139865048843,336.66396929708503,26.504316041173922,Albania,Potatoes,15.033829876482628
2000,1592.8226298644454,3017.1356777699652,29.865669775669538,Albania,Wheat,3.7505051711464477
2000,2211.498724994769,4990.669278459888,28.782682391304412,China,Rice,4.89077824527425
2010,2507.491546794621,513.0679181862887,33.55652934146403,Albania,Maize,4.579561049575177
2010,829.2486036807544,4107.938761219633,19.95641022892529,USA,Wheat,4.492036892720753
2011,1141.1653453528074,602.8930738530844,15.159668556204519,India,Wheat,2.410911276116051
1996,826.4320510091949,3352.870953794216,23.772815998697144,USA,Sorghum,3.377586990194584
2006,1466.084275653235,3219.3564392644957,12.76857800477964,China,Potatoes,24.843537314257844
1991,2678.1807425666693,4514.557504707885,17.221278083290784,Australia,Sorghum,0.5830882386530316
2001,1166.5798823389305,578.5886122657568,15.197201381578612,China,Wheat,3.611574615444731
2007,1248.5072895655494,1584.06788574867,19.914092919927022,India,Wheat,3.278082086898947
2000,2609.028257081409,462.9910041698817,12.780414375055384,Albania,Potatoes,12.650998106769709
2005,1643.0481260850906,2042.8427957641247,10.796043613702446,Brazil,Potatoes,19.373162161497014
2007,1699.2571990128163,4558.84993605165,26.419850115750794,China,Soybean,4.690050898749985
2024,2610.243369330196,3909.8005237986617,25.25622445724512,India,Rice,5.111962845564358
2015,1573.474863671325,3617.2715012221424,27.708973400966528,Brazil,Rice,6.619178072521432
2005,2108.361096962307,2669.807249264883,26.5096610067836,Albania,Soybean,2.6190769829472975
1995,439.80506444737,4418.593854254259,12.857367028559587,Australia,Rice,1.5695269653649584
2001,700.1687967552789,2252.7145732242284,17.276972034391157,China,Wheat,3.8622101720187776
2002,1332.2533620054876,756.9314788321848,13.238165247508809,Australia,Soybean,1.0417980120425794
1993,1585.5493898956497,4189.550263372688,31.07431005121408,India,Soybean,2.492891876589624
1991,2904.0543634614423,1405.395256978117,28.672591383888083,Australia,Rice,4.787160850286177
2015,2917.824572533812,277.63136971199583,15.038175072956061,Australia,Maize,4.53621976556212
2016,2583.351844940533,638.929773037269,18.532731012247336,India,Rice,3.4976092356234143
2016,1083.6767387996088,3049.2039918087994,34.16537480660536,India,Sorghum,1.1652091539661653
2004,2899.279214330831,3039.338999966651,24.853983946991285,China,Maize,7.191959434419584
1997,2130.1544210933953,1308.314023699352,30.02888993252893,Australia,Soybean,1.8014815050808002
1996,1300.232357888721,3638.6289382504356,16.614775869218228,Brazil,Maize,7.976963451635948
2001,2164.6897675573455,3870.4643754436765,15.25132300448263,India,Wheat,1.3847989093873319
2002,246.26364340227443,4603.308104406755,29.59792322116371,Albania,Potatoes,10.502395502819448
2006,609.233110367798,2928.8381184044024,27.146811380786005,Australia,Maize,8.468242931683495
2006,2523.1199923578297,3899.3225870963884,27.02444823029409,India,Sorghum,2.727984429122465
2010,2007.6061832448793,3767.967402060452,23.815864545729845,Brazil,Potatoes,15.999025325454998
1997,1219.7451636172752,1296.4671518512926,24.089458569413722,China,Wheat,4.840358056018863
1994,1601.8665926236126,1558.0273804089202,28.392437632656346,Australia,Sorghum,2.854626811104306
2015,2734.3980190081475,2397.6271548068285,16.75006202802988,India,Potatoes,15.656145206438199
2005,1968.4187065414424,105.00444797095,18.819211646423895,India,Wheat,4.291958539821296
2017,1314.8179950161248,1494.0148880570405,31.790919263001378,Albania,Potatoes,19.050577371006494
2018,536.914640713098,2374.6755379877472,17.721630025303945,Albania,Potatoes,18.664448453007523
2001,1022.4910445515708,549.2657834529072,23.657739284482474,Australia,Rice,6.799018828151239
2019,2939.3526518304334,640.116679997876,27.5659866001671,India,Sorghum,2.368389422754894
2012,1424.616575984977,2321.5513113293323,34.99812067082941,Australia,Sorghum,1.6679535678300164
2005,1521.1504987656103,3657.5155076137967,20.8822832873833,India,Maize,8.607169304693233
2003,1596.0744907116432,4170.407165294208,20.702321915623592,Albania,Sorghum,2.6313782495805174
1999,2675.491264254991,2736.106348548695,31.064709485841686,Brazil,Sorghum,1.4248047383578906
1996,1890.9991962788677,2378.9974478581885,30.13757778149658,USA,Potatoes,25.16359877872568
2018,2142.295702065382,1927.5600366141787,28.276897043363714,USA,Soybean,2.852817415637823
1992,1290.357919137491,972.815472263655,21.580740935225723,India,Rice,6.659968703190237
2004,281.4453320491282,741.3443940436799,18.098478004017895,Albania,Maize,3.2544551524760164
2008,2806.724159879964,3961.5632937924224,25.218262064621214,China,Rice,6.2807233524322506
2002,2857.557506565938,2330.3830947395577,31.905582328291022,China,Maize,6.545086619156577
2010,2857.628549374543,3953.6980249439757,32.09443645521466,USA,Wheat,2.3054469326794798
2016,2842.3238426108064,3523.3743491441423,12.712458626760961,Brazil,Potatoes,13.831549778410718
2018,2482.677434994771,977.5406127730604,20.708757095328764,USA,Sorghum,1.8548265832464894
2009,2116.868940325715,2556.4332484140164,21.618048904968738,India,Sorghum,1.5728031640498867
2014,2564.6277711484,2225.6429858091765,34.44038418809383,Brazil,Soybean,1.9001539839504584
1995,1881.5294692029013,2125.1287953925766,26.949950381064614,China,Rice,7.7030698282277035
1991,576.2349188976661,2717.429535527031,20.181160431551763,Albania,Rice,5.000880204375311
2011,1295.410862115979,4910.5886863664355,10.651447149639825,Albania,Rice,4.304236908610016
2021,2919.625753524225,4066.373982377019,24.134629002479898,India,Sorghum,3.0499559610491938
2005,1183.1858780678376,4519.5250338356545,12.401899390958903,USA,Rice,5.635444436641296
2007,2629.9181584478347,157.90152004842733,30.86124893369408,India,Potatoes,15.294982608015683
1994,460.9921181696348,710.2784702946046,28.812966514259053,Albania,Maize,3.767865738676495
2019,1135.714758651315,432.97066452057186,21.51272899770447,China,Sorghum,3.2198548068283595
2008,1182.669309236663,1323.5227152757304,20.730269488542493,Albania,Potatoes,19.542839882883058
2012,344.48712070514443,2215.043534913586,32.433474139219214,Brazil,Wheat,1.1363281641657217
2023,533.4641245229138,3213.845705802889,17.211458760453212,Australia,Potatoes,20.883817488767637
2002,740.8625911409588,2509.148018770144,16.22549905266927,Albania,Potatoes,18.947186278084125
2018,2545.883654268316,4516.887735416567,33.47993582064405,Albania,Wheat,2.0604093801902374
2011,377.5255718314579,4699.88123488038,30.231145918837065,Australia,Potatoes,11.101499433649844
1998,1036.362523764284,825.9695464753199,30.515639826679866,Brazil,Maize,8.275776229320217
2008,228.49000724994903,4266.035472121277,14.879845356898137,USA,Sorghum,0.5
1995,2147.757687128469,2413.793798026372,13.58239978577336,Albania,Soybean,0.8511554967425877
2004,1936.8486521214634,2272.1140618737477,10.650738745428372,India,Wheat,1.9908407021760384
2009,2005.950333748797,3926.847348937995,15.926037722967001,Albania,Sorghum,0.9484895660967428
1998,1248.2717972009325,474.7711401339342,29.35476229285812,India,Rice,5.888572011134912
2021,783.1498995491933,4413.640705821541,16.000960469103745,Brazil,Maize,8.461861817116576
1993,2216.8965972008937,3357.6081391925973,28.227582089871905,Albania,Soybean,1.8297978243577857
2007,2471.1300436739466,4377.55542221341,16.297706634185538,Brazil,Maize,5.564540889155858
1994,588.0841946749649,4972.443112761038,19.88231244876679,Brazil,Maize,7.6862067127920675
2009,1563.1223982247798,2594.8422172626942,34.579057247785215,USA,Rice,6.649443952597729
2012,896.403909540815,475.3783675655556,16.12029328210339,Albania,Soybean,2.2852642664624407
2000,670.6992113771744,840.9540760251236,19.40926568245669,India,Maize,8.046127345833332
2011,2256.110877785997,1624.8550303460065,17.52717951163034,India,Rice,3.4274631534994286
1993,1706.6714193239436,526.7291812522006,12.740624658250058,Albania,Wheat,1.892121538913944
2018,805.3189306602698,4078.5557124274715,22.247353553270624,Australia,Rice,6.59866304574201
2023,1068.0000313923263,1491.3705766535147,19.467266583325056,USA,Potatoes,26.553827616102982
2002,2906.6302797176786,4879.672078219128,27.372177145182004,USA,Sorghum,2.3940463388290056
1998,2576.302781183959,3515.93124533996,30.439863673788654,USA,Rice,4.802337721237656
2020,2663.8508800447594,875.4175475752326,23.606242862390964,India,Rice,5.002408482505703
1996,1488.0338718259825,2385.452808250262,10.804910552183422,Brazil,Rice,4.021833383328561
1993,1946.6603389784502,2339.7522659502724,25.47305890586804,Australia,Maize,9.043279081854246
2008,1254.9496725723525,2467.633175084833,11.38476825052348,USA,Soybean,2.822700563088832
2019,417.5935319288935,2683.0989415082486,25.408908089975625,India,Rice,2.5028401483335214
2020,1322.994069838991,165.553680765477,27.12574873172971,India,Rice,6.131641464368072
2024,1863.1461089800052,3434.642617460681,14.94419069043796,Brazil,Potatoes,19.52475148828588
2010,1004.003958150768,2441.086958689332,30.483653718044277,Albania,Potatoes,18.49539145112189
2020,2574.261609236764,3956.917340354808,32.77712828935121,Albania,Wheat,2.941060250253447
2008,623.0804456888761,4078.5943705695486,30.32717410284549,USA,Wheat,4.929336888581169
2020,1227.9614504233757,1160.37025873867,17.627729755302056,USA,Potatoes,25.75419620581436
2021,549.7309349077682,251.63050266962122,24.66607531114086,Australia,Soybean,4.019546635207677
1991,1333.529975158631,3519.13694200049,32.8703787297807,Brazil,Wheat,3.6135939250504565
1999,311.05165392795726,4889.036314434733,18.016618155571248,USA,Sorghum,0.5
1991,963.1383061726073,2238.8233530386965,30.500695556635627,Brazil,Sorghum,3.104717708632119
1991,1322.0587143183143,1305.467919872043,10.236878281542413,India,Soybean,0.8462077235489807
2013,1538.8630171747363,791.79275397157,10.091167569616907,USA,Potatoes,23.48635369641944
2006,1722.3498037303973,1444.3535309790195,28.992791508474184,India,Wheat,4.217822694969469
2021,969.975163411773,1646.3185613435344,29.03618955317803,China,Rice,7.641330675186835
2005,1664.5157369216427,2125.134969737978,29.724429696307343,Brazil,Potatoes,21.480527137044415
2005,1625.2129403737674,3280.4815448407867,33.25067094720406,China,Wheat,3.3531202482638784
2020,1085.2985424533836,1373.083649840333,12.947657795507105,USA,Soybean,2.6207155110849123
2013,2524.560925838139,264.37404970869306,15.799624624592209,India,Sorghum,1.3192626186140282
1990,1727.7951544619823,1872.6602717478706,32.59312300934519,USA,Soybean,3.2119143081449515
2000,1130.3552124903258,4279.591784633788,14.430904944308836,China,Wheat,4.241741838854694
2010,2852.547833826174,2496.7740391509,27.0557316894146,USA,Soybean,2.9036654556545294
1993,2566.314756599251,4824.270951149595,23.261575001020383,Australia,Wheat,3.2796700544570183
1996,2951.2458723450422,2523.0714401327714,12.07984192128768,Albania,Wheat,1.4553136773254463
2015,2138.254849007178,1386.7350964400205,17.13159154853832,China,Soybean,1.8073897668650163
2001,1259.0241354169311,974.6368462536208,23.009305411024197,USA,Maize,11.033008345564188
2020,986.4098667012345,3475.677238960026,31.308752917095852,India,Rice,6.733267212704243
2006,2057.289962288547,2686.5426160294073,27.688462240366842,USA,Potatoes,19.142648712860577
2022,2946.2864309868505,3023.954655687253,25.547079036373326,India,Sorghum,2.4278082680585387
2000,1954.8022242907766,3778.0826787773144,22.40082224853537,Albania,Rice,5.445656877311588
2017,2668.5218347715468,3632.2582866818157,17.467099595353357,USA,Potatoes,18.75561552695904
2021,1121.4896069337522,226.38286783945264,12.98112278298153,Albania,Potatoes,18.305903418224226
1990,1339.4705909279157,4014.8338074221906,20.226900864152388,China,Sorghum,4.144934748159879
2017,2737.5706708501893,2668.18950218804,10.712962347782314,India,Rice,2.3206498016324164
1996,2319.2267654818925,1964.6255687657156,15.276397231671265,Australia,Sorghum,1.3533612085600522
1991,2947.9488970301363,2692.221937077671,20.812084396816495,China,Wheat,3.3729218589000522
2013,2369.3397872502774,3066.1327278020517,20.465129641797876,India,Sorghum,1.4529232895193442
1993,1455.8439802110488,756.036486270247,11.10738577492481,Albania,Soybean,1.5800361200803157
2008,1686.9904555026167,2092.9028226789605,24.72650383813228,Brazil,Maize,9.944575155907858
2015,2721.4433788967826,1684.575188839037,23.742106396330904,USA,Maize,7.28961340002044
2000,1744.6108610745341,1758.5406346420116,11.952607600522821,Albania,Maize,5.164446441200263
2000,915.1126476604466,465.761342652468,33.57907631151098,India,Rice,5.211466608986412
1992,1419.7354757558585,807.6190051211497,12.484569473771503,India,Rice,4.909744590658137
2001,1645.68476877753,817.5420172552447,31.370853780933402,India,Wheat,2.8942958834340087
1992,470.8155339431628,1872.3914686760224,10.007743297875148,India,Maize,2.2918318123949417
2016,2282.535487908093,4473.512808925209,32.05702737613458,USA,Wheat,2.553688685506624
1991,506.19101339392444,1038.0765858855038,10.492993305107813,China,Maize,8.35631759591073
2005,1333.769597432656,2086.8006132972746,28.9453007973029,Australia,Rice,5.794189752427828
1991,2452.942836313133,1564.9309823426981,19.042270282506323,Brazil,Soybean,2.362167346788426
2019,1509.1970125172313,3939.0427296311773,28.455420003407998,USA,Soybean,4.263755936275407
2009,2557.643455211822,260.1308972808726,20.04363013562446,India,Soybean,1.6184068554719429
2017,1157.2677017571218,990.751543724093,11.772698058296044,USA,Sorghum,1.6913582201706021
2014,2881.3816231956193,1061.101296350424,29.1876673848841,Albania,Soybean,1.0618800947730425
2021,786.5116090546595,4964.884373563024,11.781317133034124,Australia,Potatoes,19.502233474663406
1999,307.13960597004365,2858.167339651855,33.053010899030454,India,Maize,3.7560126414283674
2022,2642.794320373172,703.4017392737559,11.274350894791535,Brazil,Soybean,0.5
2002,2306.167604661143,1368.2737049900618,21.983131944287887,India,Potatoes,14.472159749100072
2005,849.5547437886438,847.4322496733921,28.07586077126989,Australia,Potatoes,20.552313697555086
2011,2957.276499982687,631.7768024010455,19.831161619800945,Brazil,Potatoes,15.952302489566534
2009,1606.384361951878,3987.9383217553836,15.430836864810868,Australia,Wheat,2.862351886066009
2016,2862.983232403658,2483.805617015171,28.977274034900677,Brazil,Wheat,2.5292099816633753
2005,1614.080559883598,3159.738582875419,29.60736761971816,China,Potatoes,26.354031894291218
2023,1521.2488429596149,1662.9437224900603,33.06737459885918,China,Sorghum,2.5151475290031216
2021,1457.5879040045022,2772.938479475974,19.404127760776944,USA,Soybean,4.031457673242691
2015,1137.6507731722604,1295.2694722932486,22.65629336243317,USA,Maize,10.462498637020804
2014,1694.3641920943446,1547.1010118918919,19.0782110711518,Brazil,Sorghum,2.2473817191129166
1991,1467.15305345599,3264.6673423899974,16.427045546284205,India,Rice,5.437043021881091
2001,302.8912545459516,760.2471283369589,28.775824038440213,Albania,Wheat,2.123213705357901
1998,929.218653585807,3089.9370772456346,18.491296125423887,Albania,Soybean,2.4726173958343813
2001,796.7438402955635,4262.651733951405,20.703736049808803,India,Soybean,3.178363487714826
2015,2628.8196864989864,610.9118986420376,20.091841440600696,India,Rice,3.9679414999045304
1998,1876.835936235156,4488.331790044195,27.816530641168647,China,Rice,6.628210562765644
1999,2338.312681259237,406.433944691486,32.94489065276699,Albania,Soybean,1.3730455837323012
2021,2879.1129056979853,1751.0570425098063,26.668901532684433,Brazil,Rice,4.235091340442663
2023,2003.309963073948,3056.4414830375927,21.789564902355814,Australia,Soybean,2.8740390289582027
2009,2951.307975933284,2801.479652991499,29.480127868472085,USA,Sorghum,2.3356753706986177
1991,1072.9393446259628,490.991451747223,26.02428310305344,Australia,Rice,6.757626994746726
1990,721.5481104761028,3996.576707251407,11.515258927945338,China,Sorghum,2.027888552558662
2013,1329.267686380152,4866.0349327948115,12.391589660471041,Albania,Sorghum,0.5
2016,1518.2383618202625,914.3291630270128,10.947923601840833,India,Rice,4.315173129123513
1991,2707.0123199872382,4476.703539379159,21.420408155157997,Albania,Soybean,2.3582354368712393
2020,1767.8332293026938,2788.479116137635,30.64633585847412,Brazil,Potatoes,21.175022920016808
2003,1018.1067983704476,4680.309518514184,17.827079233783802,China,Soybean,3.143889404445994
1991,2279.3759920290586,888.668932499638,19.60400457731204,India,Maize,5.95796256786833
2018,1616.3294239893985,3962.1867519653283,32.73692770919727,Australia,Rice,5.818581916168577
2004,653.9694467704765,308.3100614722024,30.922586132916372,Brazil,Wheat,3.5590009968545835
2001,1815.0954052555062,4417.150269545605,26.626202809564,Australia,Rice,6.159282050051223
2017,2751.9047030603947,3374.0555167761718,16.67009455230628,USA,Maize,6.156502746627854
2009,2559.3433289322966,1857.5713717729259,12.926037067211087,China,Sorghum,0.8114192218267313
2013,1843.067923378927,960.4294492542723,10.401470567002843,Brazil,Wheat,2.1679624477229216
2010,1255.8328868779668,4084.500161850352,12.675266815110522,Brazil,Wheat,1.5590686343875746
1999,443.5405029797912,3020.1741937601096,17.31491109059857,Australia,Soybean,0.6817505280017422
2003,1515.0169853285465,1808.475106210527,23.79475158948739,India,Potatoes,21.932653642208077
2007,2305.8224250828216,2224.7407657645563,11.600002068809673,USA,Soybean,1.0237818774416936
2013,1208.7664152524296,4134.447853801159,13.405694457961225,Australia,Wheat,1.8468437950621408
2003,859.2511115446604,1701.24669485077,14.527017557698526,Brazil,Wheat,2.5686223344893175
2023,2807.86321395867,457.26706376854423,25.799552324582656,China,Potatoes,19.19122035906904
2001,2500.3559612823788,4557.298039295329,25.394744974503112,Brazil,Rice,4.623490299146626
2011,1987.171734376405,1942.8452608935927,23.769143159303823,Albania,Potatoes,19.87346600895375
1995,582.9933629774544,1748.4536804649154,16.26253561739849,China,Sorghum,2.3152755168662944
2011,605.7447531372845,1029.9540981909377,19.2779922804683,China,Soybean,4.070303525417892
2003,489.0148560761811,4488.138630429445,12.417242908443576,Brazil,Rice,1.0612556072144022
2005,1925.630667299681,1095.351615102291,15.661515093951373,India,Soybean,2.3772072414923255
2014,523.5758301253409,3186.9976113269045,32.44263066181451,China,Potatoes,24.910636863554448
2021,2559.3561568153727,4405.017407924433,34.49229366089571,Albania,Rice,2.541200472657116
2022,2980.302005094102,184.21893687005485,26.19148964100737,Australia,Potatoes,16.17142481404638
2009,1225.7749171842627,4145.670609447977,32.92058230058551,India,Sorghum,2.249745457726782
2007,1470.2755715078729,2058.891114231975,26.06854751003563,India,Maize,8.759299826864579
1992,2192.6680955599004,3293.2931305734073,10.829912152636748,India,Wheat,0.6362744661621853
2012,2824.0284177121443,1868.2987704955142,34.91906462466022,China,Rice,3.426049785037336
2021,2703.4625659578783,3480.6261191739945,12.473807542163373,India,Wheat,1.803906400685723
2005,361.25712049957605,1278.9316236429188,27.066045036126518,Brazil,Maize,5.0882472885366035
1994,673.401047158942,119.43340675262739,16.32090507686975,India,Rice,5.42945988876507
1993,2312.8721559618184,4739.4596987918885,19.799527822674,Albania,Wheat,1.4655839256993968
2010,2128.9007024908524,91.67514256001306,26.148354620023454,USA,Wheat,3.5390390941164
2003,573.0120633123452,4122.255455271201,20.912183732692675,Albania,Rice,5.371383646545658
2020,1605.7808296043895,853.9965906791442,16.263651473278205,China,Wheat,2.904754422709587
2003,2386.280967038828,1967.178940724119,18.36115467195812,India,Wheat,2.6964491823618397
1995,812.5859103355422,4114.236958765218,18.538702923079406,India,Rice,6.450805413669967
2001,2639.6053800570658,1037.6014300586032,33.98309761270534,Brazil,Wheat,2.781629470876696
2005,348.3209694970303,4329.880951569929,29.965325398086275,Australia,Wheat,1.3026693192899383
2006,2390.1462381906067,2493.817106118488,21.463719286985004,India,Soybean,2.5425041408810287
2012,1924.2929194116366,1837.10577895921,14.995523008534104,Albania,Sorghum,2.0063382789010307
2003,1082.5581706321775,3315.5643562143173,30.2754027565664,China,Soybean,3.8434444438950517
1996,2218.6111353573515,1713.534712684978,13.929561790209338,USA,Maize,5.554763252032201
2021,2390.624226423247,1742.9689113918216,15.261555428550086,India,Soybean,0.5
2004,2814.917119651114,3670.296690782133,19.15033479600378,USA,Soybean,3.16679319810584
2006,1229.769082031938,1556.0628004501482,32.00870489629975,India,Maize,7.756156467967633
2023,2120.8468607438735,1011.8555152885813,13.294666715852756,China,Wheat,1.480288856867083
1994,1887.3255754171346,4040.1541787028946,13.055854821363152,Australia,Wheat,2.5683138900846583
2016,1670.5769944798478,4028.8014582988862,22.34937470763165,Albania,Soybean,3.42645124750548
2012,2693.166127634106,2492.952661497278,16.91026352734187,China,Maize,6.537263463900891
2003,208.8684795875209,2638.011524653146,24.218198541203996,USA,Wheat,3.008998662254806
2004,989.9124970900734,3483.4223625805166,21.29091711708059,India,Potatoes,22.47716538078972
2022,1707.1762707255243,2551.278715894543,20.87397765878042,USA,Rice,7.420202757784543
2020,699.2211325823466,2091.0293952564703,12.799324262174832,Albania,Rice,4.691820384414415
2024,2742.026294451723,4974.522024550762,13.526242256246004,China,Sorghum,1.2929211931315956
2006,2013.266329316443,746.725734984269,30.52696443617125,USA,Rice,5.16104399646047
2017,1538.0723849695717,2967.7126164069045,32.147068439293605,USA,Soybean,3.5337431192689746
2008,2481.1649253866326,4430.456500117544,15.867088322131256,Albania,Rice,3.4002201907025844
2012,1462.4813361022907,3439.203055493763,12.836512538119226,India,Rice,4.630962680232102
2021,1764.2284334040266,4405.807262450309,11.335416798362765,USA,Potatoes,23.620563038589513
2002,207.7027875509788,1688.3102545698164,25.20744034354742,Albania,Wheat,2.0073696153523666
2009,1223.961484546206,1367.2449515385938,27.88383031250514,India,Potatoes,21.995540455480896
2024,588.6133225827152,4257.849210641502,19.320249730080135,Australia,Soybean,2.6781982166539002
1994,2131.128305854415,1976.631735165448,26.99189668726599,India,Rice,4.749987899782915
1998,1541.2754851320547,3551.314792055983,27.82397038898815,Australia,Wheat,4.772565927681657
2018,1044.921160300646,747.2654062864302,33.38355703492263,China,Sorghum,2.766161568776583
1995,1509.9305502408788,3781.632245629607,11.62184094587768,Albania,Sorghum,0.5
2014,786.9636862637693,2749.423418634098,14.807293080776994,India,Rice,5.6624278794245075
2020,2790.2425709611935,1350.3720831531998,11.713149689924704,Australia,Rice,2.777011342141379
2011,351.1233711425564,2477.5747801549364,31.699848333402763,Australia,Sorghum,1.3596987763486257
1991,2623.167698829137,3487.7486929401202,29.814679000839213,China,Sorghum,1.1911499487375339
1994,1631.8046084533826,69.31318014844456,24.366051765545976,Brazil,Soybean,4.101284755519282
2016,1933.0501891886884,3190.960623482506,12.091585251279579,Albania,Rice,4.182815499570457
2014,1047.2957385443706,2712.5379835836393,16.83280896634299,Brazil,Sorghum,2.912006543988065
1997,2906.7533270240997,1109.2279770561956,17.442996201462922,India,Maize,4.507305981114721
1990,989.1826838545716,3767.375559141222,24.018579900385426,Albania,Sorghum,3.7884932397450766
2009,1848.8583919928521,1524.2703133196737,16.451097350917887,China,Wheat,4.75890595943268
2012,2981.566774299961,1391.5360484173582,11.823996597823871,India,Wheat,0.5
2021,2667.064309873648,2361.37956150662,28.269057546332483,Albania,Maize,5.7338552796089735
2000,1701.723510801097,3383.9868953276,17.477005291385282,Albania,Soybean,2.675566731144597
2013,2973.0486643081936,4644.94141962251,21.309354425582516,Brazil,Rice,4.320554519014248
2000,2163.835612851321,715.3726432291987,13.191665874557634,India,Rice,2.5219959690288922
2018,784.3611651970662,1988.375922551151,30.063707584864492,China,Sorghum,3.660964252759785
2015,1335.669389220258,344.27806663802335,24.13829692310144,China,Wheat,5.092386012047512
2005,1136.5813352323428,3795.1682298839946,32.53964065524657,India,Soybean,2.6455345785626427
2024,1163.2383831593297,2244.1871195099898,22.386789076633335,India,Soybean,4.1194024730461605
2009,2329.2780302076258,3537.5763845890438,33.53564179544699,Australia,Soybean,2.3784671547738983
1992,1835.936196363822,1617.7501756416734,32.29670510953315,USA,Sorghum,3.1391215960619965
1990,306.6595924506799,4223.143034617554,24.411496411480847,Brazil,Rice,3.9664701143621692
1990,2656.855754222733,2678.7921104181723,33.34733595374658,India,Soybean,1.2670087919081316
2006,1031.0291933444607,4718.603030900039,18.077218682363807,India,Sorghum,1.8331177147182243
1991,2991.809655356802,403.2850493287306,19.141054067605282,USA,Sorghum,2.563105944112066
2018,2871.7340449374,2576.241354464951,11.136948782650924,USA,Maize,5.223388574137377
2009,2833.4860067095024,3834.6116775285163,24.73002266909633,Albania,Potatoes,15.333960381141953
1995,2471.157291379126,3004.7617138873375,28.048099248223334,China,Soybean,2.9860185262079515
1997,817.7173287139192,125.73876072994535,29.33797975605258,Brazil,Potatoes,21.04986611639886
2018,1691.3716832805897,4861.970004935965,13.745407151152582,Albania,Rice,4.32395110676269
2022,828.0473551099288,1498.335828448733,21.103976807812508,India,Sorghum,2.848166267328285
1992,927.0912756490578,1253.8965531682463,14.421580302347891,USA,Soybean,2.2582921791849166
2024,1910.6649544215766,2433.442779276832,26.55318372135622,Australia,Wheat,5.387921079182177
1994,314.33392698857745,2715.368956541511,13.948659310544203,China,Rice,2.1915925414736517
2016,2914.4839870979813,3833.7778065732286,32.60409209890187,Albania,Maize,5.115570679497273
2001,2772.2848832183004,1972.4355517183558,15.765866141535334,Australia,Maize,5.35347810489159
2009,1266.1492020416156,2205.402278546439,17.28505665720612,China,Potatoes,24.612235875970903
2009,1643.1828544193565,2679.4499805098167,31.272658053774993,Australia,Sorghum,1.9389615650660619
1998,1505.1343739497252,1977.9916277107868,21.461690253643095,USA,Potatoes,25.92110051662996
1993,2670.1593801289155,4573.5949147147685,10.599898645001826,Albania,Wheat,0.5
2008,2128.0852536851107,4257.747313504919,22.364656280066143,Albania,Wheat,3.6339959588604347
2016,978.711492788198,2280.318738438613,12.113583384503077,China,Maize,8.269254305941116
2002,1451.1555125028312,10.972363063212512,34.633617967182765,Australia,Soybean,2.492280973748435
2002,1401.1047319229385,4505.66313269111,24.70278926139006,USA,Maize,11.178042160616233
2011,2886.138471194972,630.4395014629316,16.41331544027446,India,Maize,5.137074419346858
2017,690.870549440991,1230.1169518182905,24.092941988690445,Albania,Wheat,4.15453285946841
2011,450.8137444244013,770.282808983337,11.921677584543872,India,Potatoes,10.335303626519403
2008,2665.7327300527327,907.2796942053086,29.997282606720425,USA,Wheat,2.7685746102101336
1997,2710.7207706164386,4016.358914070275,33.133201346604096,Albania,Sorghum,1.8114463848651319
1997,2640.8694461540613,2901.712193912962,31.86110970515399,Albania,Wheat,1.2628365096267111
2015,1630.7353637515578,4780.914863995489,18.54394005746407,Australia,Wheat,3.923173691525492
2015,2047.2843991544892,1164.9530264953453,18.144202991084214,India,Maize,4.6793233722506695
2012,1777.4165331707547,2433.318191574858,10.8771902804075,Australia,Soybean,1.25745637961044
2002,394.4539129523226,4887.367561721525,26.28500896752292,Brazil,Maize,5.014383860264692
2017,1868.3377113220229,4133.953136231101,23.372619604744873,India,Rice,6.447537810231963
1998,238.11961231708247,3645.7922388112506,21.483659283183535,India,Wheat,2.0159772329027397
2009,1109.964746759841,952.9862548402517,32.69077383336767,Brazil,Wheat,2.5113924725320804
2008,2810.4192124448678,3849.332950539483,14.196972527071157,USA,Rice,3.5184650162625664
2001,1051.3267549802613,1744.3499617536297,10.241656667254558,USA,Wheat,2.9506992053327052
2004,2831.514599403894,2657.3791162633206,11.832911303019136,Albania,Wheat,0.6556917661553219
2020,900.3750800178839,3049.7144530673054,15.584285945684222,China,Sorghum,2.1327497306799534
2003,1080.774273292291,3050.724920506028,10.832138731586424,Australia,Wheat,2.6297397407544465
2000,1959.5409900279499,3635.3521248484467,22.571092766078387,China,Rice,7.234189917951871
2015,2332.5555238100255,3311.893442284606,17.85226138083945,Albania,Maize,4.554935905149389
2016,1603.8857504136754,351.17068775984325,14.512075201703317,China,Wheat,3.2227926995752605
2000,2669.9239241436353,2292.161659486045,28.752101873716555,India,Soybean,2.7439827782209636
2023,312.6731805097339,3323.4678175326962,15.11128315581325,India,Rice,2.0517917210013676
2008,2782.1455481762378,1487.004981006986,27.19012752484483,Brazil,Potatoes,15.873151449905654
1995,749.6618397071425,1572.1528692097845,18.73162264619097,Brazil,Sorghum,1.49225803138254
2017,2675.8684862370364,631.5920632955315,22.795694016563864,Albania,Rice,4.634147331860174
1990,1322.4169025618655,2098.888780014528,33.346675996283,Albania,Maize,6.524233876348089
2024,2531.7197564389053,4934.283867187812,10.93379087039532,Albania,Rice,1.9897969564556068
1997,2080.6635394503464,1433.7436128273064,22.50661268693655,India,Potatoes,15.49047799960095
1996,692.6365709391339,2661.8700945036294,31.360574008190454,China,Sorghum,2.629328807102781
2000,2770.5331956680557,3718.753891367631,24.699356209258713,Australia,Soybean,3.9005857604317935
1993,887.448693367687,77.3513817125106,16.921762924128917,Albania,Potatoes,17.515793475883452
2014,883.5923323459974,4503.193402395512,19.942028378625857,Albania,Rice,4.821944367285722
2001,2479.7009105846655,1938.8854217774433,27.006640718214364,India,Potatoes,16.717437142160353
2015,496.44511560305887,4346.888773687801,32.27029735784508,Australia,Rice,2.8851860022745774
2001,821.700537837289,204.34881790839543,11.02665934366529,India,Soybean,1.1588361070575295
2013,1610.2972055789746,736.8611237997425,11.788470547259411,Australia,Soybean,2.16118004798418
2005,2525.335680322548,1619.4219778430204,18.12628809023969,India,Maize,5.618209769968812
2002,612.9551292643489,1733.854247585761,15.819492110936974,China,Soybean,3.273162402259454
2014,1733.4710566345698,4240.4931729098025,16.62327215556015,Albania,Wheat,2.8150689721458964
1993,2191.473657048231,65.89356578729368,15.531749965647023,USA,Potatoes,17.749124241033467
2000,2609.6666292046634,3209.147764583701,14.895626221378944,USA,Potatoes,17.835675107306773
2021,2819.583568566215,665.2490565309658,13.265599171732294,Albania,Rice,3.3961895387639602
1996,2396.991760513011,4117.8460970481365,33.34885329488095,Albania,Soybean,1.1689493516666563
2000,2027.9195150216053,3895.0805971299824,13.604736597653826,Albania,Maize,3.8123100430415042
2017,1414.1362388757443,2504.605926781891,15.110094369138405,Albania,Maize,5.714886573602721
2012,513.9084317275749,1071.3092553067522,16.15664309951964,Australia,Maize,7.354258415716173
2012,2187.26413907146,3176.132000918126,33.325371828260515,China,Sorghum,2.549555793236615
2017,2979.664452531363,789.7290051116518,28.89285334002712,USA,Wheat,3.88731959877348
2015,2262.9296652498797,958.2187250373407,29.742485757887867,Brazil,Soybean,1.922974932736659
2014,246.7910624656336,3137.182612104535,12.618956488462452,USA,Maize,3.7013819362224867
2018,1589.5279385171484,4956.229945982235,30.90774687539179,USA,Wheat,3.8756615563830987
2008,1921.0105709521308,4456.393577890206,20.20482704543545,India,Potatoes,20.976521710668433
2022,2131.0877630879604,2969.6057148415484,16.570575655309717,Albania,Rice,3.1086617651385042
2003,2215.232339681984,2697.2984761494445,24.393752088007766,Albania,Soybean,2.546541949157226
2003,1762.7036354062673,4991.940551240462,30.554572645418347,Albania,Soybean,2.257574591427564
2024,825.4089316558727,2741.5117666931296,29.466303776872735,India,Sorghum,3.0474911011263517
2019,2838.1618521343307,2106.381444577625,32.249937064528304,China,Potatoes,18.091547615479577
2017,2150.6661094582532,4548.682123518954,33.2033046503861,China,Soybean,1.3567045164043403
2006,863.1521032343466,1178.5796363877482,15.953051785693738,Brazil,Sorghum,0.8066825447369375
1992,1102.501130356764,496.6546915810768,20.596447354231792,China,Sorghum,3.1047790438651766
2005,2781.397477765035,3174.1092714655333,10.36571348012675,China,Sorghum,0.5
2019,2684.95852278054,488.2896725060575,31.9830414816265,Albania,Soybean,0.5
2018,1334.410027402651,1872.011199395271,13.86430378686919,Australia,Soybean,2.564110492165633
2004,307.26022157606275,2123.6511540527854,31.53687030856736,USA,Soybean,1.5468386386080637
2014,335.7926329030269,2742.2149545756733,18.23468304966491,China,Wheat,1.790057713452303
2012,994.9712145714893,4958.3811332823325,19.203339749528453,China,Sorghum,3.1319168538512514
2014,1961.5422141491986,1112.698799432572,10.978306362096484,India,Wheat,1.3775172973427887
1996,1835.7449789367731,1885.024328749491,18.17196974413299,Brazil,Rice,5.816993349471947
2011,1974.7178034430397,669.8782208091835,32.2090920700316,Australia,Soybean,2.6682608041970854
2006,2208.3923214098986,3041.991494905841,10.638685028040104,India,Potatoes,13.15006249536446
2007,253.29031005966755,3641.0891797160893,20.158186826168134,Albania,Maize,3.4578386602939104
1999,494.23966648284005,2415.5633479470357,10.78499074531853,USA,Rice,1.25277387774221
1999,1206.5536651161954,1236.6980287669555,19.273085627726623,Brazil,Maize,7.807546114338734
1996,633.607993060429,3108.2324632169207,14.31601601950728,India,Maize,6.945495822426238
2016,410.89611912475164,2700.3970396105587,16.3054598317093,China,Soybean,0.9600265187895658
2022,1994.7003087925293,864.2167597845515,31.939959329035474,China,Potatoes,25.377734416107995
1990,2482.9421369750776,2034.35268350563,20.901230515547276,Brazil,Maize,5.921911470314
2023,2307.354640815991,2181.6334872596226,16.844949785047802,China,Sorghum,1.7487885987614027
1993,2487.7113801057017,4913.262591319451,24.733459448763696,India,Maize,7.243235257665554
2006,2064.398323362056,4247.936302456053,13.552673995814558,India,Rice,3.224767735210338
1993,2258.966901079766,3674.510233485233,16.484790185521398,China,Potatoes,18.384725319412112
2015,960.9805677832437,4444.997357259708,23.656199190072215,China,Potatoes,26.127360698107097
1993,2980.4225015956604,3680.0671850852877,15.93807604620172,Albania,Maize,4.103855661449485
1990,712.8638325828839,4517.975257077409,26.978193435021833,USA,Potatoes,26.751961681672967
1996,800.582848290271,282.22004324874484,22.287282556488066,Brazil,Rice,6.675506553688587
2019,1008.9811290843712,2285.7703842419137,29.29972675636727,India,Rice,5.787489129386275
1998,2930.9308042984208,3737.0226928567495,33.70611339306171,Brazil,Rice,3.7758848872211432
2024,2967.208050190937,2920.6460250839673,12.895122233685193,Albania,Sorghum,0.5
1997,2425.702499178193,884.0791591124255,18.36662524961362,India,Soybean,2.0531367663102564
2013,1961.3612759669745,1709.0555117773858,17.988726571960164,Albania,Maize,6.876811269559089
2008,1656.1752105169176,1595.6941313831894,13.779572983431356,Albania,Potatoes,17.23248132487674
2016,2917.738367923168,1314.1210967898367,30.25757843333677,Australia,Rice,3.890531603912219
2021,2147.7438480030933,1722.2464120346908,28.99696760096975,China,Maize,8.344338646637368
2003,2845.2443593128846,2579.117909420994,22.110636770859976,Australia,Maize,6.3162970544843615
2007,1086.342238537347,4275.796433668547,23.444269444865242,Brazil,Soybean,5.107126852907471
2017,1134.569418354784,3712.742985344844,11.488603450062406,Brazil,Sorghum,0.5
2018,2593.2288635316195,4177.896023041006,23.887683808176142,China,Potatoes,19.769797777032924
2005,619.5937776388242,4419.1826853698,29.78353810049091,Australia,Sorghum,1.4958210992857226
2024,2848.598011629012,2086.5907759270603,24.34568933959643,Brazil,Potatoes,16.251208422524574
2020,1620.928193057541,1736.6711572934685,16.632659253010473,Australia,Rice,5.615155593446865
1993,2793.9588600343536,297.54067460396743,26.68870680835843,China,Rice,6.126148995170429
2006,1143.0198084322765,4653.153193163407,19.03721074913119,India,Maize,7.630083050524613
2015,2204.684931590312,338.4568595113382,23.62183210714338,Albania,Potatoes,14.935278975830336
1993,1552.0503415235312,3708.2662216986473,22.18913408197312,Albania,Potatoes,19.381898903978822
2019,1955.0501646873245,1896.76043928328,19.5293750241295,Australia,Sorghum,2.5012478669574802
2019,1612.2429807896262,4744.41606475094,27.971949509853378,Brazil,Rice,6.2121957079549555
2011,2907.923728639812,2103.814084461304,32.09690279964704,Australia,Wheat,1.5950238857691748
2000,2137.895113878968,4084.875673260035,10.130312961923124,Australia,Maize,4.626686953466093
1991,903.6931121536832,1420.4476124967462,33.34041298075918,USA,Potatoes,25.118897866263897
2001,2747.0953813342367,1502.4526990467948,22.787878402080622,Albania,Soybean,2.9870108468140817
2019,1023.2832668342922,2981.641855293387,27.51829700908163,China,Soybean,5.038724454835324
2007,1240.4942780423976,4989.933342200294,31.39061415439693,Australia,Wheat,3.0636759726731433
2015,485.9463544565974,2592.6863657161894,21.67759230785675,USA,Rice,4.656623857906062
1996,2719.906255429334,4682.18009560252,30.87435183412226,USA,Rice,5.259423388238125
1990,1001.1136650380164,3933.3866429611517,14.440495486380055,Albania,Rice,3.721523678865541
2015,924.9693302078706,3981.362927744402,13.979188361995362,Albania,Sorghum,1.4047446191971449
2012,2776.735274385871,2185.4403457525327,26.436784221403837,Albania,Soybean,2.105660717659971
2015,2455.4752147340932,1938.8458283622751,31.75357513879343,China,Rice,5.591032345179791
1995,595.0209802542483,967.6898223731688,32.31065443840099,USA,Soybean,3.908559707775726
1995,2354.108610930306,4820.066922248431,26.093511459431163,Brazil,Wheat,3.3697609538039113
1997,2756.492674550614,4797.374126094662,23.137230755232935,China,Maize,8.363649580944472
2013,419.831410990083,3737.867994207812,18.284827192412905,India,Sorghum,0.5
2011,2510.6019857328047,1488.299724764821,34.50001038998329,Australia,Potatoes,14.090630337197492
2008,1732.7761452445568,1233.445906307988,17.992392166656263,Albania,Wheat,2.7881874469372994
2007,2073.752858260642,4943.165109510945,28.60465268078983,USA,Soybean,4.182209974280622
2020,1579.9921489338233,342.04864738980575,23.29954499762502,Australia,Wheat,3.816561162399999
2019,2153.84863773478,4219.385817785132,25.212808563133667,China,Potatoes,18.721169407946253
2022,295.474012666909,1783.7354224075486,19.837013764715657,India,Sorghum,0.5
1999,2335.5788250251944,2100.1599014388303,34.120578136806195,China,Maize,6.691504547504047
2001,293.36235400508355,4161.568467256698,24.292058152481776,China,Potatoes,14.378009874364107
2019,1474.8395736925615,462.10904986673654,33.44469076146975,Brazil,Sorghum,1.8384166432829188
2016,622.7019807648256,1777.3066958160832,10.189785404347854,Australia,Soybean,1.6435442465084642
1998,2506.00797658366,4760.601143076169,24.316764579778024,Brazil,Potatoes,16.20772756523965
2010,1078.250545691872,3498.3389047285696,27.929672243131787,China,Wheat,5.204155320891338
2001,1471.461924892131,3777.146432381393,28.627004279055452,India,Rice,6.554056158320913
2018,1400.5020756352724,3789.951451767827,32.62442204454203,USA,Wheat,3.951796010574153
2022,2363.0055039171784,312.24471498808316,10.110040225094657,USA,Soybean,0.5861987511584611
2004,1547.2042074287313,1024.0058903695513,10.008253981486911,Australia,Maize,6.269251179370787
1991,2409.083338028969,2461.4036478452467,21.806586519880383,Albania,Potatoes,14.585851602727793
2007,405.8231750474907,1847.069660052122,10.732342625134267,Albania,Maize,1.4463787402527586
1992,736.4631101283862,2060.452342732939,34.36331384155936,USA,Soybean,1.618607572479108
1996,1744.2958990098098,3909.4224193421064,15.551629363534799,China,Potatoes,25.26368748153885
2007,2851.847309307546,83.24938298799901,21.816618234121115,China,Sorghum,2.9288706684803194
2022,409.3219708209849,3305.8547123429817,11.52844075030559,Brazil,Sorghum,0.5
2020,320.6358052392201,10.550056691094065,23.051210404281463,Australia,Wheat,2.2667232075983392
2000,638.3418897979959,324.662042625456,19.498903128685214,Brazil,Wheat,3.3069186868959717
1993,1995.2287608084382,2047.3477379897436,11.116500721930594,Albania,Soybean,1.3196312934378986
2007,1317.1801666766921,4206.333113826059,18.378106667405618,USA,Sorghum,3.4794339563883945
1993,2511.5466623695215,733.5288701666577,19.78590050557139,China,Potatoes,18.515389736859447
2023,401.41282414782427,2777.5608315517716,34.7480372818735,USA,Sorghum,1.8525011279362626
2018,749.959443081163,3395.7410818654535,15.197146797984386,India,Wheat,2.0640874030417162
2013,1040.073935301708,1155.369092019081,23.619490384252494,USA,Soybean,4.778030926379954
2011,1954.8442427285988,2566.527973795219,34.68288872996571,India,Sorghum,1.1687807147025588
1991,2118.4835328443323,4557.92234285958,29.80048019850338,Brazil,Soybean,2.7010689995906807
1995,547.7692230985667,2566.0203415740084,34.83418752205222,Brazil,Sorghum,0.9349498368234255
2014,2842.6531851768705,795.0420783203634,34.20745786650423,Albania,Maize,3.585530257673243
2010,1154.9235785325857,3142.7933404708483,22.238488552353857,USA,Sorghum,3.4937635111954837
2005,2196.8725364007923,2965.078898242485,27.409396246764146,USA,Wheat,3.8907866417366206
2020,1667.7816130535566,144.5042513926748,12.761078173528777,India,Potatoes,19.50349020564386
2003,823.7227179318985,462.0660846803574,21.02872062617005,Brazil,Wheat,3.6199169827040696
2017,2569.439304723151,792.3389621536437,30.225463556667435,India,Wheat,2.3982745898596654
2021,2491.0664789374036,690.0824970337309,22.633383024428586,Brazil,Wheat,2.9324694855816658
2017,1309.0011909667323,1304.7341950990563,27.567475820430797,India,Soybean,4.438955568231319
1998,1848.1012399427952,2275.985562945484,28.643783249606923,Brazil,Rice,6.600729296196079
2011,921.9119486206313,1864.8643265159321,16.336728531072346,India,Rice,5.0816313198508025
2021,2131.584560489644,4454.342958108939,31.892484323564137,Brazil,Maize,6.490102056878099
1994,1065.275075337208,3064.425952937622,21.495560772729476,Australia,Wheat,4.34633983257092
2012,2563.4204562702575,4381.960306309597,15.254627590538593,India,Rice,2.7857184726556623
1994,808.6782919763681,2639.9262313388185,31.635397044711095,USA,Maize,9.755121710044337
2021,241.4495838916996,458.4536487398064,20.44547015265634,Albania,Soybean,1.5533522061366123
1999,951.8225175101717,2321.80437084151,28.757810959492993,Australia,Wheat,3.6921519743311526
2004,734.9469620865627,4111.942408743401,23.700826805539823,Australia,Potatoes,21.630005603999038
1996,1623.202031229788,978.5777981638694,19.54679380586251,India,Soybean,3.1469443892255065
2018,770.3692166384136,465.1592509757223,30.246910375964234,Albania,Maize,6.997733404955985
1992,2336.931638014585,1653.8793443079178,24.611748291115326,USA,Soybean,4.392487771521393
2008,875.837786411211,1950.6001748942967,19.764052560675793,Australia,Potatoes,21.70220867005549
1999,2179.5109037554357,1538.225805265463,12.739946758378176,USA,Soybean,0.954553456889649
2017,1819.7185844384273,684.8515202665344,32.3861328441677,Brazil,Maize,7.862275544717687
2018,2961.499598121276,1261.6909000113556,10.886739633541664,Albania,Potatoes,12.56796201595313
2004,2999.7227356258486,3414.5891989645306,31.579683709201404,China,Potatoes,17.59396629969802
2024,2634.673033288524,1935.783296302888,18.999038122078886,Brazil,Soybean,1.4668576929822879
1995,2327.953434036503,3166.4217286465932,25.98346908753515,Albania,Potatoes,14.600755533909371
2001,1282.0779592016065,2686.155861794475,33.05499309589213,India,Soybean,2.6516142954146575
2002,2309.17483596765,2749.7741698897685,13.79266538759746,India,Wheat,1.3284162081563557
2018,2878.691503822574,1250.262294159502,24.173761890970255,USA,Potatoes,19.235959196604377
2008,265.45721110724367,2612.499733513226,29.110821559254802,Australia,Soybean,1.5082278017324044
1992,1706.1611605536687,127.73762217737686,28.939595817976436,China,Wheat,4.927098724640233
1997,810.3952522876168,2164.4012742013815,23.140797864987597,India,Potatoes,22.579148898282785
1997,1762.0536844327812,2867.387887717676,25.61848649766145,Albania,Wheat,3.9939016075903964
2009,1506.0518513248953,918.1581505570053,28.93817485332111,Australia,Sorghum,4.072737611790277
1993,1812.1520283463963,1290.2269461822673,31.025690943935295,Australia,Potatoes,22.13337493740301
2010,1742.6942199724278,1105.4597888799408,29.045327421896594,Albania,Sorghum,3.176008371311137
1992,2888.2997096719737,362.0841967744667,18.850123579531065,Australia,Maize,5.775998120907314
1997,1746.121105017261,1745.8080324890493,34.91816002644333,India,Maize,8.193639318946566
2012,2569.4498467496283,4895.039174595177,20.862567342982608,Albania,Soybean,1.972264877372178
2005,1095.4968030423702,1775.8632282534143,10.611617568973335,Albania,Rice,3.020151550670131
2002,1426.6819286149369,2308.0777429665086,19.06542378963655,USA,Sorghum,2.8973289021416733
1992,1517.1577329254676,3268.905382272312,13.194573864346081,China,Sorghum,1.502069187743563
1998,980.4385213390632,3246.0037783338444,13.036065393209375,USA,Maize,8.632388136585588
2003,1263.4127321382748,4749.975950292935,17.038376002672358,China,Sorghum,2.9408956995555218
2002,1875.8366225069706,4289.245060591635,11.33438735443152,Albania,Rice,3.725502346925438
1996,1824.5257372526905,3971.81392865471,27.212804710239077,Australia,Wheat,4.365584877898899
2004,1982.0189648057453,4758.61985663377,11.849722105047627,China,Wheat,3.139917839194563
1996,1185.090163176395,1161.5192735610262,15.082238885898905,Albania,Rice,5.177526917441297
2023,1084.32818642856,3089.100431162745,12.322492862352984,Albania,Sorghum,1.1463224498580402
2011,1912.5300717116565,4437.11186594356,11.579193272575777,USA,Sorghum,2.156992268295637
2013,572.0128955970699,3124.449409807728,16.69379163848854,USA,Sorghum,2.7965199641895597
1990,908.4883218899919,4887.328168288279,24.29747419150925,Australia,Soybean,3.3264307708746284
1999,317.9576634683866,510.7600423928313,34.11713891117104,Brazil,Potatoes,9.581523774929996
2005,403.3103872690244,2202.2592089380696,31.888916358740158,India,Rice,3.648506373440096
1997,881.4731819297049,4887.040910464095,31.89834813613312,Brazil,Rice,5.379146578677147
2014,254.68198483137328,1904.0444625639295,14.401675900941441,Brazil,Rice,1.549572539473172
2001,887.1496578448922,3700.386311745529,16.622679837445503,Australia,Rice,5.458190723543119
2014,2033.933704573673,161.7104763824594,11.909832919882643,China,Rice,3.671766693288877
2006,371.0998197130125,3477.237202005262,29.461708497879627,Australia,Sorghum,1.6538034137552924
2015,1422.8626978249947,4673.787395312616,11.745407537139048,Australia,Soybean,2.508787722055322
2003,2756.7046033747383,1919.7043630981136,23.91739177052133,Albania,Maize,6.671868908109586
2012,2415.5975209911226,116.28619125537803,16.19688930809877,Albania,Sorghum,0.5
1995,1055.2250064256002,149.2699239334644,16.086140850718618,Albania,Sorghum,1.9222171153465397
1994,2789.4553417366114,4461.196295498334,34.76812638119013,India,Potatoes,14.274499082993612
2014,1123.0101908936294,3615.3553744103465,28.919495174463435,China,Maize,10.11700769264215
2007,403.043389745175,542.3650572906333,30.923483957276254,China,Rice,2.9031976751230513
2002,2983.356678950718,282.4054824854709,24.299567133600316,Albania,Maize,5.055720933427676
2003,2636.0630761296807,4026.078564441242,31.77535718484373,Brazil,Soybean,1.8441875302192527
2017,1504.6117932430586,4051.2045576987416,26.137263479158822,India,Wheat,4.109907163474522
2007,2065.854267738731,611.4039805623245,33.65434261990863,Brazil,Sorghum,1.4539079234893362
2017,2079.4386179986764,1514.5868154042976,17.033464651140918,USA,Maize,6.312331707460544
2016,744.550246045289,3902.330062223709,24.882988644572375,China,Potatoes,26.944372104884085
2021,760.1361728301705,2631.8062340604915,27.253283698422305,China,Soybean,5.246896415546787
1998,1514.825969385112,4783.358455019244,19.82343262569517,Brazil,Wheat,3.045694295283588
2021,2752.404792385554,2410.502600276565,31.992699560101332,India,Soybean,1.4285516595944023
2009,227.98256960399817,3388.0201084519076,34.49507907760386,China,Rice,2.917840802013975
2017,2391.015780658206,2553.8189950505052,22.34423728431654,Brazil,Wheat,3.21739669761013
2022,361.07499440103163,4715.397823468378,19.766016370108478,Australia,Potatoes,11.927892055368902
1993,1539.0219216727298,1999.3088694173682,21.798448213911467,Australia,Wheat,4.573319051418941
2023,1986.043932605734,1156.6843113412142,31.31841864329829,India,Potatoes,21.137491934482938
1992,2122.9259478309014,1639.902962802156,26.13671063795419,Brazil,Rice,5.094510305526554
2015,363.7419381245519,4265.3482687844935,11.119309312952376,Australia,Potatoes,9.807325484783291
1997,1372.0901286751111,2494.7134319255456,23.55424776114287,India,Soybean,3.217109865490236
1995,1834.744329406509,1777.7189944761726,10.432503068524245,Albania,Maize,5.302495310936249
2005,384.9275044568194,2725.8575088293196,29.463384275085136,India,Soybean,1.72710501045615
2013,578.2647584668673,674.8162393114434,18.207806838561595,USA,Sorghum,3.156632857292419
2019,2058.2171706113077,36.74293008172446,21.800187052933232,Albania,Soybean,1.5993955993321738
2002,1660.5869504538248,1410.117571630519,29.9669526476908,Brazil,Wheat,3.1348173778684365
1994,653.1202515512135,3028.9785417198764,11.161220432144038,Albania,Rice,3.4557933309966526
2014,1698.6701433612536,3561.2870406103225,13.963538389790262,Albania,Sorghum,2.155298635739591
2009,2755.5386456443644,4134.788722096314,19.94900941112787,Brazil,Sorghum,1.3965497924721504
2007,243.645237371019,4634.051161378404,15.748129088639015,Brazil,Sorghum,0.958660067204839
2007,1999.374565760393,2066.4406113541927,18.44753564437658,Australia,Maize,8.663580285479194
1991,406.22121689495737,3705.1788297916987,34.95436844731162,USA,Potatoes,12.842747406644637
1999,218.05844030116236,382.61792168833205,30.63536093934527,Brazil,Wheat,1.2304861978866057
2001,621.8325682497746,297.0746938726797,32.09754537400271,China,Rice,7.041767912312434
2002,1384.138569190974,632.7419800109215,33.42636583914438,China,Maize,9.294804073221384
2000,2446.563197149468,2248.3597981755042,18.52339700785489,USA,Soybean,2.02104745750416
2008,988.9993904927642,1064.2943781087622,17.426923944911817,India,Rice,5.104533698362409
2024,1951.884994688524,1441.755460269701,15.851562314301873,India,Sorghum,2.0608178928435548
2015,1351.2385862748586,3242.9220658263903,30.752922782703067,China,Rice,7.640362567086101
2003,856.1290175048223,1799.0256722262016,26.988796557129625,Brazil,Rice,6.4156233982229045
2013,1639.8919199920042,2791.2840730129305,15.904299562071932,USA,Soybean,3.163023890173111
1990,2432.900573043345,2067.8947461155954,19.424845730261374,India,Potatoes,15.601026921537244
2011,2530.9786361572037,853.1565850438996,22.66779409831996,India,Wheat,2.984821104168698
2012,2570.2546892562627,379.3597513769117,23.20350143184384,Albania,Sorghum,1.9480926756717762
2008,1147.9618751539424,1188.7951615963404,32.218193213792865,China,Potatoes,24.93276776928665
2007,2421.6769812041084,297.9253427603113,19.514153323680407,Brazil,Maize,5.201498045671474
2001,794.099674304942,3096.8736798501363,32.71310076251281,USA,Sorghum,4.153744788879255
2017,2267.590283480073,3980.630831315841,21.03418900799474,India,Wheat,2.723209310107567
2017,2855.476393563327,1705.3064335046301,28.659316869808844,Albania,Maize,6.0827701034427335
2022,238.48273713468012,1941.6841662082677,33.2563579996264,China,Soybean,2.0893163631645826
2008,1433.0190073006345,4082.79340316894,32.68939259908166,China,Potatoes,25.186069414993177
2017,2013.7587675592129,1120.8384327440658,11.42382168239203,USA,Sorghum,0.7001154445146356
2015,2164.9721573651486,604.6097233224224,15.142607374414247,India,Rice,3.200072503783299
2024,693.0457231537662,2510.5794054821213,21.92263563830688,USA,Wheat,4.249869306304341
2023,2922.11317066806,3234.4889459708534,20.788857248827682,USA,Sorghum,1.6658817105419044
2024,1922.7430303187243,3002.2755809819314,26.022291620930176,Australia,Rice,6.820338850882682
2005,660.1536834391497,3572.2264959181625,33.6177262706353,Albania,Sorghum,1.443059188917609
2002,257.4630327950428,293.18839904338915,12.81011778194872,China,Maize,4.552024744345459
2012,2393.139756611373,2146.7260476642805,21.29646662835601,Australia,Rice,4.324615101782079
2011,423.1732704472854,1200.4669144890086,14.810275947178482,Brazil,Rice,2.8920846138677216
2005,594.9425789966623,3798.0150851346607,32.35268995994869,China,Sorghum,2.663391166142338
2017,1809.5240751959338,4364.925115461145,34.11450464504132,China,Soybean,4.172278550556861
2024,1889.8154096589353,1413.8653466240103,21.967542047258753,Albania,Soybean,3.4744601401330617
1997,2123.2839320587154,485.13821455634724,12.600257443203517,Brazil,Potatoes,14.1110220853043
2011,1301.839235458138,1274.6055303370701,29.63236666806683,India,Maize,7.975203501550087
2010,2366.916273107104,529.0023604040092,27.428533762309975,Brazil,Soybean,2.916395910746286
2015,2928.2040789244884,1618.8866089061341,18.86677066525776,India,Sorghum,2.3892164211558935
2010,959.0658406236724,2695.6109058259103,32.18518684922409,Brazil,Soybean,2.7355364352990827
2014,2168.4801263062486,4868.66796244705,34.395797244567675,USA,Potatoes,17.575681195080985
1990,2799.712226706439,2002.857569213279,23.946346228254885,Brazil,Wheat,3.2460294455425363
1995,2121.6029353277195,1107.9992200345594,24.14319778360731,Australia,Potatoes,16.98925602342693
2012,2107.1065962039265,842.3406844504669,17.437837627844445,Australia,Rice,4.052111679557191
2012,826.5631934385784,873.4684330319932,24.612650899582853,Albania,Rice,6.925050984984397
2012,1698.3645608951401,971.0624394746815,20.99105801312116,India,Soybean,3.548993959893364
2021,1775.0639620928243,3813.712442461861,17.5547756732013,China,Soybean,3.5629458412979864
2019,2160.3627748766676,314.5282800477754,11.679629913097532,Albania,Potatoes,12.235610417835566
2002,2991.100059709311,4987.03950764574,16.317696492728125,Australia,Potatoes,15.224358477117244
2007,294.2027031225338,2618.205091919643,14.946366241941611,Australia,Sorghum,0.5
2012,382.6514515489631,2725.91675256112,23.551049613848726,India,Maize,5.590094762211438
2004,418.2601944065725,1794.243754711028,25.041750544089844,Australia,Sorghum,2.349209974124933
2022,2280.3415765690793,3454.374243466481,25.214293107650413,Australia,Rice,3.9613866119407364
2010,581.7906263101211,2362.5671409951806,19.70452502614198,India,Sorghum,3.0710480816447108
2012,1942.8652485729667,1652.0158119731034,20.5307433421374,Australia,Potatoes,20.84051399496635
2016,1109.0728581016838,1333.040634503134,30.855960741016,China,Sorghum,3.578192616466728
2007,1480.4958773899907,4628.999522596965,21.905820337929057,USA,Wheat,5.533938668903368
2013,803.856847488759,1462.037680111577,34.69433330342806,Albania,Maize,6.510493145808097
1996,2625.098371652718,2187.602364554911,20.99043075022162,China,Potatoes,19.054477520951664
2009,1841.2209076564739,1758.2035965611765,26.239523615445975,China,Soybean,5.295161495016219
2016,2844.7771380303075,440.0323488658994,11.259074974834895,USA,Sorghum,0.5
1995,1808.8694991721227,937.8126284665129,26.33349811047027,Albania,Potatoes,20.272246003537067
2016,546.9424856714506,955.6148568786463,31.28565986037515,China,Soybean,4.287549722505798
1998,678.4372147477312,3471.3110768043775,33.5614459633324,Australia,Soybean,3.4253808894837876
2020,2969.4071338299723,2038.8611957293876,34.93301529099426,USA,Rice,3.6015386509320075
2010,2231.58255252643,3912.0181397225865,17.054466141230826,Albania,Rice,3.3487544736379533
2015,337.98050008145105,3547.665112427443,24.38425162064292,Brazil,Potatoes,11.804822063952159
2002,2170.5868140970615,968.3283343162279,21.267949638303683,India,Potatoes,15.095459088450072
2012,1354.0845310669126,2818.955431399302,24.095437014379275,Australia,Wheat,4.7958251070457925
2009,1060.1834831049334,3717.115141783526,13.936323929746166,USA,Maize,8.797041300174508
2017,631.370222445496,3168.884188143858,31.403739314898537,India,Maize,8.494825392906055
2006,2551.7310727583836,3004.082375359025,32.73922358361469,Brazil,Potatoes,14.67947007144789
2017,378.75586116948193,3700.658328129832,21.241541577823064,China,Rice,3.9121094072168057
1991,1011.5392946629929,293.3358888889714,17.010746539339422,China,Sorghum,2.752137518757984
2014,1057.8721027119723,3659.79551733355,13.520835691325308,Albania,Wheat,1.6435245004088375
1995,650.534795097801,1370.5497631356075,27.09412061944511,USA,Maize,10.14082578327548
2000,1622.9176732032367,2863.6425500016767,17.80579599051838,USA,Potatoes,25.917218473838343
1995,232.76735507049935,1219.1019235355723,32.73846424783471,Albania,Rice,1.7731641136984688
2000,1042.7314431491454,4195.69968531212,26.77531187112175,India,Rice,7.253278594308787
2003,2814.162443292579,2407.9911779607723,26.14213312935602,China,Rice,6.224577831487515
1991,1069.482794157616,3218.276648004668,23.985052897456022,China,Sorghum,3.3870906652380124
1992,1209.2862838989045,3972.469396948873,11.14440848571814,USA,Soybean,2.5284407878406943
2024,1524.8621350554004,4477.623122806108,33.298060892139674,USA,Sorghum,2.9819812800947028
2022,1772.7414495841292,3662.9898643760116,25.6984373324865,Albania,Rice,6.4220922357342065
2013,2464.3842054980832,752.3551951901246,34.85154958457776,Brazil,Potatoes,14.289978561059995
2008,732.8994248368493,4274.116524233074,23.433910119322178,India,Wheat,4.034776628075007
2007,2640.88985613916,3096.7038001688757,27.752772297655326,Australia,Sorghum,2.9244727438447145
2013,2321.1382000028902,3051.1542943175655,11.405238946655555,Brazil,Potatoes,13.631438142283514
2024,2223.420937052355,4607.489393426558,25.793404420585272,Brazil,Rice,4.621398805810614
1990,443.0528064009786,1251.6694627727568,29.11624028975893,USA,Wheat,2.642137891263509
2014,260.5939319288371,1205.5422162852262,29.462857371313934,USA,Maize,4.850814234128466
2023,1863.2355625426353,2570.8358379278598,29.252791305757135,USA,Maize,9.627517487540931
2014,2616.7750950648515,3756.806702008977,15.657065682341692,Brazil,Potatoes,14.355256367479647
2005,1836.4360995937805,2241.7311340602605,34.38496194013065,India,Wheat,2.576081212736667
2023,797.0576232474863,3173.1180355630872,34.87955301562347,USA,Potatoes,24.37110752531617
2018,453.455714257797,2268.098373871367,11.889896879040032,China,Wheat,1.0475421489112162
2008,2158.870067889658,3055.832030629974,33.41116057029393,India,Wheat,1.8621106974381052
2012,2220.9567764898666,4113.088890042419,17.23622985760923,China,Potatoes,18.689494578114722
2008,683.0887619239043,910.5787134937074,27.23210204377412,India,Wheat,3.867083749699705
2014,278.9328833903016,3479.9388846898605,18.452773018403303,USA,Sorghum,0.5
2005,1343.1938370249516,3939.2544392975346,34.19385808432804,Australia,Rice,5.249563586694539
1998,1831.612365972462,2241.0859233340943,12.537596457588387,Albania,Wheat,2.781266848786426
1990,2176.8067467881356,1622.9355495685927,22.443670423909403,USA,Sorghum,3.003857891148275
2008,2467.846025628128,77.58617638276638,20.701194798551867,Brazil,Wheat,4.166135848365535
2022,1909.5047964588505,3987.5540614471265,18.15058630694962,Australia,Sorghum,2.5107060245439587
2023,510.4657040757581,1646.4139085895804,26.138349772003714,Brazil,Potatoes,22.260454251704477
2005,2111.228681998761,1792.9742523461705,13.276393585541687,India,Maize,3.352206816100545
2007,2955.69460010567,1686.6707538630733,27.916560453342424,Brazil,Soybean,2.802216859880879
2023,2735.636836872731,2498.7092607535674,34.51480309511968,Australia,Wheat,1.772569746405452
2014,2640.6729459546355,3515.4728703631945,30.113967861715754,Australia,Soybean,1.9817565155927814
1995,1046.0764294033543,3861.597023692549,31.500418822738634,USA,Wheat,4.324481553937394
2010,2302.206894071202,1968.92789481176,18.990918579475064,China,Potatoes,18.34342103969611
1995,2583.0896487024074,3318.879154875394,18.12216516203047,USA,Potatoes,18.13985263904577
2021,2099.313372967537,3606.214408853863,22.92620886725333,India,Sorghum,3.439633811092115
2020,901.5729183903454,1491.6174850701339,11.143165369056817,Brazil,Wheat,1.8086163878655417
1999,2870.7351212498834,492.14113299009546,33.63395336141332,China,Potatoes,17.86790595998865
2019,1462.2943520842925,4474.3819460158675,13.594629325404805,Albania,Potatoes,17.737292672294448
2007,563.4555642644623,3388.8086991901487,32.57532597920231,Australia,Wheat,3.683076835874721
2013,507.3781061606976,3244.0709402926946,12.089555550008892,China,Sorghum,1.8705375845036092
1998,2013.0531644373282,303.9235509077701,30.565623191964004,China,Sorghum,1.9129231296433262
2020,1425.5870099668696,4091.186556944593,13.799063146955378,USA,Sorghum,1.1726703922716575
2004,464.55485050109814,2834.6102388694053,10.953290352286817,Albania,Sorghum,0.5
1993,2273.020802037065,4240.943242414655,27.987236256485218,Australia,Maize,6.065403449669254
1998,2438.110468324135,4873.06030684644,17.00663250436071,India,Wheat,1.9955403027926844
1998,2231.163766202064,4785.930601192408,27.862403819608737,India,Maize,5.659972497052529
2015,766.3304575152362,4281.8858384871355,23.877131261820495,China,Potatoes,27.310186454858826
1993,2131.3712767889942,64.62739541853082,12.720184755751639,China,Maize,5.86160820016533
2006,230.02384810427827,4429.778769102413,33.30325183252909,Brazil,Sorghum,1.2745191644129439
2005,1054.3139910995458,384.56094599995106,21.30785436908694,Albania,Potatoes,19.9327954880322
2004,1316.7002879411225,4257.4579111820685,28.3611819449672,Australia,Maize,8.841755381122692
2024,2538.6914568794045,1408.068602372002,22.525514300390626,China,Maize,6.976495815685351
1994,1293.104244594332,3054.2410092815044,25.109036874030117,Brazil,Wheat,5.701116895160033
1994,231.5544493303152,199.96047343789957,17.569339808917313,Albania,Maize,2.6352057982976236
2009,1186.5699531184264,3858.196663629958,15.009007600086257,Australia,Potatoes,20.280508424108206
2004,1596.9874754060043,567.4135499425278,23.564255085201694,India,Sorghum,3.6834446190879784
2007,2857.2134026837657,2059.3339766621016,21.00547432427505,Brazil,Wheat,3.160896427110518
1991,2834.8960506107255,4089.055551603254,19.75283033584833,Albania,Maize,5.41250012220413
2018,706.4473070199524,3479.791492576592,26.814179877365575,Brazil,Wheat,4.244770533227513
2002,718.4103168704644,40.15305732175388,27.2626658002784,China,Soybean,4.04986593733499
1993,657.4680781007414,2021.1313493673188,11.148001402281576,USA,Wheat,4.15746193263903
1999,2408.981410759489,219.21830965289504,18.468612356091803,India,Sorghum,1.343796470515233
2020,216.86171303153782,3370.764305484161,20.294113755659435,China,Soybean,1.9040966297692468
1997,556.0961549372565,4845.052973849074,12.422304029104202,China,Soybean,2.171978551990237
1992,1706.2869686034771,3279.7536988807883,15.897521667457209,Albania,Wheat,2.6666309310881973
1998,893.1737872829434,1129.6184312766034,11.291044930568916,Brazil,Potatoes,19.708746388718644
2019,458.59808306993386,1782.6128300120351,34.90605246542552,India,Sorghum,0.5
2000,1207.658434534736,4883.486272735754,28.413930074246114,China,Potatoes,26.33276827828055
2024,967.7812941686853,1128.0215360414268,12.18625391256884,Albania,Sorghum,1.6404748656995596
2002,1631.0920582399967,2812.030074541669,10.506234494752302,India,Sorghum,0.5008214207901318
2002,2941.8540627245484,2008.2645053219062,27.982195003807007,Brazil,Potatoes,15.805379071156588
2001,548.0529830817716,3843.8933366618257,20.979804142066673,China,Rice,7.204761659176297
1999,1243.634773535464,4338.272467179637,29.6699177266144,Australia,Soybean,3.4821387340275263
1998,2809.558050042929,1710.7779990079807,33.08690094545959,China,Wheat,2.310649453961708
1996,2655.244521782703,3305.3778548599194,24.982509725409315,China,Potatoes,19.338960877640567
1991,1303.9588973959858,2749.7480106134594,14.677710572931327,India,Potatoes,19.601761835435138
2012,2157.0691406552623,1399.4380053766124,29.554850901161313,India,Wheat,2.7001542275603674
2010,445.99963802776756,1366.9846060368784,33.89529357935936,India,Soybean,0.8968807873417246
2012,2195.1149555221223,2697.771921186197,24.505782176498897,India,Wheat,4.426422217121647
2018,2924.001642557276,778.474338926176,27.04993618201834,Albania,Sorghum,2.3176949925932977
2003,1704.9668279357365,4055.9413834475326,18.436867375916826,USA,Rice,6.797940644277282
2015,1595.7726356963599,354.334147610006,19.53819236650778,Albania,Sorghum,1.4914518598405329
1994,724.4921351653489,481.92668617949846,28.366362446326598,China,Rice,6.945077250586105
2020,1974.6069569404171,1717.7092815470653,33.19427746017048,Albania,Wheat,2.045796781749818
2014,1853.2243861809616,599.2778734036955,25.724709680608804,Brazil,Sorghum,4.413948715120309
2020,2025.4125665321014,2383.7431060649074,29.746197712133686,Australia,Soybean,2.3835080402954127
2009,273.0332027172211,2004.3826933049331,14.290875435384326,India,Sorghum,0.5
2006,1736.4257673774061,3611.830881469728,15.298977256449339,Brazil,Potatoes,19.98947799479887
1991,1865.8175617926445,4765.490734496505,23.30086717083475,Australia,Rice,6.255587794872582
2014,781.0843791558461,3770.2573378482384,14.413854806071013,Brazil,Rice,4.589879450771269
2002,783.3320009679009,905.4488277742157,25.87487675552309,China,Soybean,5.443628985936444
2017,973.4108718306595,4678.251214467371,17.291329634867473,India,Rice,5.465838872404727
1995,2192.8204568362653,1966.7458284398053,29.788315466672298,Brazil,Rice,3.497835893881356
1992,1897.5449778906407,2376.204911025295,30.202758665358587,China,Soybean,5.12336193776231
2024,2568.135409129853,2113.6654244794713,21.594686393883826,India,Sorghum,1.5316893034553805
2007,1027.844001160675,1409.9296462057177,14.520265875940883,USA,Wheat,3.251235724709448
2000,2753.790567687291,4476.270996109444,26.169374027048313,China,Sorghum,3.7215358377645806
2009,2282.3772535534035,1667.8719408241143,34.819675456589664,Albania,Potatoes,13.014634884618193
1994,1306.0326760383516,2897.196383700936,25.564772448563083,India,Potatoes,22.05067620476712
2008,466.7337837512766,1207.7675860279078,10.894367267850196,Brazil,Rice,0.5180578203030678
2011,919.554254964951,3988.9031201032003,10.432349394177065,Australia,Potatoes,19.01770093581856
2008,2878.951008201581,3873.2513110506407,18.009049262307656,Brazil,Wheat,1.761667178576725
2005,1069.0174524754223,1488.5975708507494,14.894595171510122,Albania,Rice,4.2877479970159085
2013,1123.7226884173806,3410.9548249858335,30.326280178582703,Albania,Potatoes,19.23702690634834
1993,730.8490070736076,3522.328930143799,31.120141675900012,Brazil,Maize,7.910002427527963
2004,2459.181683188543,2816.9319663627834,16.465469282761905,Australia,Maize,5.070674877072295
2014,971.8038446783765,3006.9859275356343,18.14111942374732,India,Maize,7.30331358748795
2024,1124.7230954327958,2876.528645071071,15.906174192877867,China,Maize,9.286037246457173
2003,1360.1747036085546,418.5033759342797,32.709563684281605,Albania,Sorghum,2.3703001602318783
2008,1414.4391833689072,3354.624070121787,22.566233365557054,Albania,Maize,7.757770484439952
1996,1351.7542131620608,2354.1772990950694,26.403426102050496,Albania,Rice,5.9563899908679945
